ID,Company / Brand / Platform,Entity Type,Primary Category,Sub-category,Country / Region,Description,ADC Relevance,Priority Score,Priority,AI / Data Relevance,Potential Use Case,Public Contact,Official Website,LinkedIn,Research Search URL,Verification Status,Last Reviewed,Notes
ST-0001,Cockatoo,Company / Brand / Platform,"India Sports, Fitness & Wellness Ecosystem",India Sports,India,"India-focused sports, fitness, wellness, technology, or athlete ecosystem company.",Potential Partner / Customer,100,High,Potential,"Partnership, customer discovery, integrations, or ecosystem access.",,,,https://www.bing.com/search?q=Cockatoo+official+company+sports,"Candidate identified - verify website, HQ, stage, and contacts before outreach",2026-08-06,Name/category curated for ecosystem mapping; blank fields intentionally require confirmation.
ST-0002,Lumistar,Company / Brand / Platform,"India Sports, Fitness & Wellness Ecosystem",India Sports,India,"India-focused sports, fitness, wellness, technology, or athlete ecosystem company.",Potential Partner / Customer,100,High,Potential,"Partnership, customer discovery, integrations, or ecosystem access.",,,,https://www.bing.com/search?q=Lumistar+official+company+sports,"Candidate identified - verify website, HQ, stage, and contacts before outreach",2026-08-06,Name/category curated for ecosystem mapping; blank fields intentionally require confirmation.
ST-0003,THIRD ELEMENT,Company / Brand / Platform,"India Sports, Fitness & Wellness Ecosystem",India Sports,India,"India-focused sports, fitness, wellness, technology, or athlete ecosystem company.",Potential Partner / Customer,100,High,Potential,"Partnership, customer discovery, integrations, or ecosystem access.",,,,https://www.bing.com/search?q=THIRD+ELEMENT+official+company+sports,"Candidate identified - verify website, HQ, stage, and contacts before outreach",2026-08-06,Name/category curated for ecosystem mapping; blank fields intentionally require confirmation.
ST-0004,Alfa Hockey,Company / Brand / Platform,"Athlete Platforms, Scouting & Sponsorship",Athlete Platforms,India,"Athlete discovery, digital profiles, scouting, sponsorship, or team workflow platform.",Potential Partner / Customer,100,High,High,"Partnership, customer discovery, integrations, or ecosystem access.",,,,https://www.bing.com/search?q=Alfa+Hockey+official+company+sports,"Candidate identified - verify website, HQ, stage, and contacts before outreach",2026-08-06,Name/category curated for ecosystem mapping; blank fields intentionally require confirmation.
ST-0005,Alpha Coach,Company / Brand / Platform,"Athlete Platforms, Scouting & Sponsorship",Coaching & Fitness,Global / verify,"Athlete discovery, digital profiles, scouting, sponsorship, or team workflow platform.",Potential Partner / Customer,95,High,High,"Partnership, customer discovery, integrations, or ecosystem access.",,,,https://www.bing.com/search?q=Alpha+Coach+official+company+sports,"Candidate identified - verify website, HQ, stage, and contacts before outreach",2026-08-06,Name/category curated for ecosystem mapping; blank fields intentionally require confirmation.
ST-0006,Elemnt Sports Science,Company / Brand / Platform,"Athlete Platforms, Scouting & Sponsorship",Athlete Platforms,India,"Athlete discovery, digital profiles, scouting, sponsorship, or team workflow platform.",Potential Partner / Customer,100,High,High,"Partnership, customer discovery, integrations, or ecosystem access.",,,,https://www.bing.com/search?q=Elemnt+Sports+Science+official+company+sports,"Candidate identified - verify website, HQ, stage, and contacts before outreach",2026-08-06,Name/category curated for ecosystem mapping; blank fields intentionally require confirmation.
ST-0007,HoopTEQ,Company / Brand / Platform,"Athlete Platforms, Scouting & Sponsorship",Athlete Platforms,India,"Athlete discovery, digital profiles, scouting, sponsorship, or team workflow platform.",Direct / Adjacent Competitor,100,High,High,"Benchmark product, positioning, pricing, datasets, and GTM.",,,,https://www.bing.com/search?q=HoopTEQ+official+company+sports,"Candidate identified - verify website, HQ, stage, and contacts before outreach",2026-08-06,Name/category curated for ecosystem mapping; blank fields intentionally require confirmation.
ST-0008,KhiladiPRO,Company / Brand / Platform,"Athlete Platforms, Scouting & Sponsorship",Athlete Platforms,India,"Athlete discovery, digital profiles, scouting, sponsorship, or team workflow platform.",Direct / Adjacent Competitor,100,High,High,"Benchmark product, positioning, pricing, datasets, and GTM.",,,,https://www.bing.com/search?q=KhiladiPRO+official+company+sports,"Candidate identified - verify website, HQ, stage, and contacts before outreach",2026-08-06,Name/category curated for ecosystem mapping; blank fields intentionally require confirmation.
ST-0009,Mind Your Fitness,Company / Brand / Platform,"Athlete Platforms, Scouting & Sponsorship",Coaching & Fitness,India,"Athlete discovery, digital profiles, scouting, sponsorship, or team workflow platform.",Potential Partner / Customer,100,High,High,"Partnership, customer discovery, integrations, or ecosystem access.",,,,https://www.bing.com/search?q=Mind+Your+Fitness+official+company+sports,"Candidate identified - verify website, HQ, stage, and contacts before outreach",2026-08-06,Name/category curated for ecosystem mapping; blank fields intentionally require confirmation.
ST-0010,SportzEngage,Company / Brand / Platform,"Athlete Platforms, Scouting & Sponsorship",Athlete Platforms,India,"Athlete discovery, digital profiles, scouting, sponsorship, or team workflow platform.",Direct / Adjacent Competitor,100,High,High,"Benchmark product, positioning, pricing, datasets, and GTM.",,,,https://www.bing.com/search?q=SportzEngage+official+company+sports,"Candidate identified - verify website, HQ, stage, and contacts before outreach",2026-08-06,Name/category curated for ecosystem mapping; blank fields intentionally require confirmation.
ST-0011,UpUrFit,Company / Brand / Platform,"Athlete Platforms, Scouting & Sponsorship",Athlete Platforms,India,"Athlete discovery, digital profiles, scouting, sponsorship, or team workflow platform.",Potential Partner / Customer,100,High,High,"Partnership, customer discovery, integrations, or ecosystem access.",,,,https://www.bing.com/search?q=UpUrFit+official+company+sports,"Candidate identified - verify website, HQ, stage, and contacts before outreach",2026-08-06,Name/category curated for ecosystem mapping; blank fields intentionally require confirmation.
ST-0012,Alpino,Company / Brand / Platform,"Sports Nutrition, Food & Supplements",Nutrition & Wellness,India,"Sports nutrition, functional food, hydration, supplements, or wellness brand.",Brand Partnership / Customer,100,High,Potential,"Brand matching, athlete discovery, sponsorship intelligence, and campaign measurement.",,,,https://www.bing.com/search?q=Alpino+official+company+sports,"Candidate identified - verify website, HQ, stage, and contacts before outreach",2026-08-06,Name/category curated for ecosystem mapping; blank fields intentionally require confirmation.
ST-0013,BOLT Nutrition,Company / Brand / Platform,"Sports Nutrition, Food & Supplements",Nutrition & Wellness,Global / verify,"Sports nutrition, functional food, hydration, supplements, or wellness brand.",Brand Partnership / Customer,85,High,Potential,"Brand matching, athlete discovery, sponsorship intelligence, and campaign measurement.",,,,https://www.bing.com/search?q=BOLT+Nutrition+official+company+sports,"Candidate identified - verify website, HQ, stage, and contacts before outreach",2026-08-06,Name/category curated for ecosystem mapping; blank fields intentionally require confirmation.
ST-0014,Chellaram Ultra Wellness,Company / Brand / Platform,"Sports Nutrition, Food & Supplements",Nutrition & Wellness,India,"Sports nutrition, functional food, hydration, supplements, or wellness brand.",Brand Partnership / Customer,100,High,Potential,"Brand matching, athlete discovery, sponsorship intelligence, and campaign measurement.",,,,https://www.bing.com/search?q=Chellaram+Ultra+Wellness+official+company+sports,"Candidate identified - verify website, HQ, stage, and contacts before outreach",2026-08-06,Name/category curated for ecosystem mapping; blank fields intentionally require confirmation.
ST-0015,GUT & BEYOND,Company / Brand / Platform,"Sports Nutrition, Food & Supplements",Nutrition & Wellness,India,"Sports nutrition, functional food, hydration, supplements, or wellness brand.",Brand Partnership / Customer,100,High,Potential,"Brand matching, athlete discovery, sponsorship intelligence, and campaign measurement.",,,,https://www.bing.com/search?q=GUT+%26+BEYOND+official+company+sports,"Candidate identified - verify website, HQ, stage, and contacts before outreach",2026-08-06,Name/category curated for ecosystem mapping; blank fields intentionally require confirmation.
ST-0016,Supply6,Company / Brand / Platform,"Sports Nutrition, Food & Supplements",Nutrition & Wellness,India,"Sports nutrition, functional food, hydration, supplements, or wellness brand.",Brand Partnership / Customer,100,High,Potential,"Brand matching, athlete discovery, sponsorship intelligence, and campaign measurement.",,,,https://www.bing.com/search?q=Supply6+official+company+sports,"Candidate identified - verify website, HQ, stage, and contacts before outreach",2026-08-06,Name/category curated for ecosystem mapping; blank fields intentionally require confirmation.
ST-0017,Abhinav Bindra Foundation,Company / Brand / Platform,"India Sports, Fitness & Wellness Ecosystem",India Sports,Global / verify,"India-focused sports, fitness, wellness, technology, or athlete ecosystem company.",Potential Partner / Customer,50,Longlist,Potential,"Partnership, customer discovery, integrations, or ecosystem access.",,,,https://www.bing.com/search?q=Abhinav+Bindra+Foundation+official+company+sports,"Candidate identified - verify website, HQ, stage, and contacts before outreach",2026-08-06,Name/category curated for ecosystem mapping; blank fields intentionally require confirmation.
ST-0018,Anju Bobby Sports Foundation,Company / Brand / Platform,"India Sports, Fitness & Wellness Ecosystem",India Sports,Global / verify,"India-focused sports, fitness, wellness, technology, or athlete ecosystem company.",Potential Partner / Customer,50,Longlist,Potential,"Partnership, customer discovery, integrations, or ecosystem access.",,,,https://www.bing.com/search?q=Anju+Bobby+Sports+Foundation+official+company+sports,"Candidate identified - verify website, HQ, stage, and contacts before outreach",2026-08-06,Name/category curated for ecosystem mapping; blank fields intentionally require confirmation.
ST-0019,boAt,Company / Brand / Platform,"India Sports, Fitness & Wellness Ecosystem",India Sports,India,"India-focused sports, fitness, wellness, technology, or athlete ecosystem company.",Potential Partner / Customer,65,Medium,Potential,"Partnership, customer discovery, integrations, or ecosystem access.",,,,https://www.bing.com/search?q=boAt+official+company+sports,"Candidate identified - verify website, HQ, stage, and contacts before outreach",2026-08-06,Name/category curated for ecosystem mapping; blank fields intentionally require confirmation.
ST-0020,Cosco India,Company / Brand / Platform,"India Sports, Fitness & Wellness Ecosystem",India Sports,India,"India-focused sports, fitness, wellness, technology, or athlete ecosystem company.",Potential Partner / Customer,65,Medium,Potential,"Partnership, customer discovery, integrations, or ecosystem access.",,,,https://www.bing.com/search?q=Cosco+India+official+company+sports,"Candidate identified - verify website, HQ, stage, and contacts before outreach",2026-08-06,Name/category curated for ecosystem mapping; blank fields intentionally require confirmation.
ST-0021,CricClubs India,Company / Brand / Platform,"India Sports, Fitness & Wellness Ecosystem",India Sports,India,"India-focused sports, fitness, wellness, technology, or athlete ecosystem company.",Potential Partner / Customer,65,Medium,Potential,"Partnership, customer discovery, integrations, or ecosystem access.",,,,https://www.bing.com/search?q=CricClubs+India+official+company+sports,"Candidate identified - verify website, HQ, stage, and contacts before outreach",2026-08-06,Name/category curated for ecosystem mapping; blank fields intentionally require confirmation.
ST-0022,DreamSetGo,Company / Brand / Platform,"India Sports, Fitness & Wellness Ecosystem",India Sports,India,"India-focused sports, fitness, wellness, technology, or athlete ecosystem company.",Potential Partner / Customer,65,Medium,Potential,"Partnership, customer discovery, integrations, or ecosystem access.",,,,https://www.bing.com/search?q=DreamSetGo+official+company+sports,"Candidate identified - verify website, HQ, stage, and contacts before outreach",2026-08-06,Name/category curated for ecosystem mapping; blank fields intentionally require confirmation.
ST-0023,DSC,Company / Brand / Platform,"India Sports, Fitness & Wellness Ecosystem",India Sports,India,"India-focused sports, fitness, wellness, technology, or athlete ecosystem company.",Potential Partner / Customer,65,Medium,Potential,"Partnership, customer discovery, integrations, or ecosystem access.",,,,https://www.bing.com/search?q=DSC+official+company+sports,"Candidate identified - verify website, HQ, stage, and contacts before outreach",2026-08-06,Name/category curated for ecosystem mapping; blank fields intentionally require confirmation.
ST-0024,Edusports,Company / Brand / Platform,"India Sports, Fitness & Wellness Ecosystem",India Sports,India,"India-focused sports, fitness, wellness, technology, or athlete ecosystem company.",Potential Partner / Customer,65,Medium,Potential,"Partnership, customer discovery, integrations, or ecosystem access.",,,,https://www.bing.com/search?q=Edusports+official+company+sports,"Candidate identified - verify website, HQ, stage, and contacts before outreach",2026-08-06,Name/category curated for ecosystem mapping; blank fields intentionally require confirmation.
ST-0025,ELMS Sports Foundation,Company / Brand / Platform,"India Sports, Fitness & Wellness Ecosystem",India Sports,Global / verify,"India-focused sports, fitness, wellness, technology, or athlete ecosystem company.",Potential Partner / Customer,50,Longlist,Potential,"Partnership, customer discovery, integrations, or ecosystem access.",,,,https://www.bing.com/search?q=ELMS+Sports+Foundation+official+company+sports,"Candidate identified - verify website, HQ, stage, and contacts before outreach",2026-08-06,Name/category curated for ecosystem mapping; blank fields intentionally require confirmation.
ST-0026,Fit India,Company / Brand / Platform,"India Sports, Fitness & Wellness Ecosystem",India Sports,Global / verify,"India-focused sports, fitness, wellness, technology, or athlete ecosystem company.",Potential Partner / Customer,50,Longlist,Potential,"Partnership, customer discovery, integrations, or ecosystem access.",,,,https://www.bing.com/search?q=Fit+India+official+company+sports,"Candidate identified - verify website, HQ, stage, and contacts before outreach",2026-08-06,Name/category curated for ecosystem mapping; blank fields intentionally require confirmation.
ST-0027,Gameberry Labs,Company / Brand / Platform,"India Sports, Fitness & Wellness Ecosystem",India Sports,Global / verify,"India-focused sports, fitness, wellness, technology, or athlete ecosystem company.",Potential Partner / Customer,50,Longlist,Potential,"Partnership, customer discovery, integrations, or ecosystem access.",,,,https://www.bing.com/search?q=Gameberry+Labs+official+company+sports,"Candidate identified - verify website, HQ, stage, and contacts before outreach",2026-08-06,Name/category curated for ecosystem mapping; blank fields intentionally require confirmation.
ST-0028,Hammer,Company / Brand / Platform,"India Sports, Fitness & Wellness Ecosystem",India Sports,India,"India-focused sports, fitness, wellness, technology, or athlete ecosystem company.",Potential Partner / Customer,65,Medium,Potential,"Partnership, customer discovery, integrations, or ecosystem access.",,,,https://www.bing.com/search?q=Hammer+official+company+sports,"Candidate identified - verify website, HQ, stage, and contacts before outreach",2026-08-06,Name/category curated for ecosystem mapping; blank fields intentionally require confirmation.
ST-0029,India On Track,Company / Brand / Platform,"India Sports, Fitness & Wellness Ecosystem",India Sports,India,"India-focused sports, fitness, wellness, technology, or athlete ecosystem company.",Potential Partner / Customer,65,Medium,Potential,"Partnership, customer discovery, integrations, or ecosystem access.",,,,https://www.bing.com/search?q=India+On+Track+official+company+sports,"Candidate identified - verify website, HQ, stage, and contacts before outreach",2026-08-06,Name/category curated for ecosystem mapping; blank fields intentionally require confirmation.
ST-0030,IOS Sports,Company / Brand / Platform,"India Sports, Fitness & Wellness Ecosystem",India Sports,India,"India-focused sports, fitness, wellness, technology, or athlete ecosystem company.",Potential Partner / Customer,65,Medium,Potential,"Partnership, customer discovery, integrations, or ecosystem access.",,,,https://www.bing.com/search?q=IOS+Sports+official+company+sports,"Candidate identified - verify website, HQ, stage, and contacts before outreach",2026-08-06,Name/category curated for ecosystem mapping; blank fields intentionally require confirmation.
ST-0031,Khelo India,Company / Brand / Platform,"India Sports, Fitness & Wellness Ecosystem",India Sports,Global / verify,"India-focused sports, fitness, wellness, technology, or athlete ecosystem company.",Potential Partner / Customer,50,Longlist,Potential,"Partnership, customer discovery, integrations, or ecosystem access.",,,,https://www.bing.com/search?q=Khelo+India+official+company+sports,"Candidate identified - verify website, HQ, stage, and contacts before outreach",2026-08-06,Name/category curated for ecosystem mapping; blank fields intentionally require confirmation.
ST-0032,Lakshya Sports,Company / Brand / Platform,"India Sports, Fitness & Wellness Ecosystem",India Sports,Global / verify,"India-focused sports, fitness, wellness, technology, or athlete ecosystem company.",Potential Partner / Customer,50,Longlist,Potential,"Partnership, customer discovery, integrations, or ecosystem access.",,,,https://www.bing.com/search?q=Lakshya+Sports+official+company+sports,"Candidate identified - verify website, HQ, stage, and contacts before outreach",2026-08-06,Name/category curated for ecosystem mapping; blank fields intentionally require confirmation.
ST-0033,LeapStart,Company / Brand / Platform,"India Sports, Fitness & Wellness Ecosystem",India Sports,India,"India-focused sports, fitness, wellness, technology, or athlete ecosystem company.",Potential Partner / Customer,65,Medium,Potential,"Partnership, customer discovery, integrations, or ecosystem access.",,,,https://www.bing.com/search?q=LeapStart+official+company+sports,"Candidate identified - verify website, HQ, stage, and contacts before outreach",2026-08-06,Name/category curated for ecosystem mapping; blank fields intentionally require confirmation.
ST-0034,M3M Foundation Sports,Company / Brand / Platform,"India Sports, Fitness & Wellness Ecosystem",India Sports,Global / verify,"India-focused sports, fitness, wellness, technology, or athlete ecosystem company.",Potential Partner / Customer,50,Longlist,Potential,"Partnership, customer discovery, integrations, or ecosystem access.",,,,https://www.bing.com/search?q=M3M+Foundation+Sports+official+company+sports,"Candidate identified - verify website, HQ, stage, and contacts before outreach",2026-08-06,Name/category curated for ecosystem mapping; blank fields intentionally require confirmation.
ST-0035,Meraki Sport,Company / Brand / Platform,"India Sports, Fitness & Wellness Ecosystem",India Sports,India,"India-focused sports, fitness, wellness, technology, or athlete ecosystem company.",Potential Partner / Customer,65,Medium,Potential,"Partnership, customer discovery, integrations, or ecosystem access.",,,,https://www.bing.com/search?q=Meraki+Sport+official+company+sports,"Candidate identified - verify website, HQ, stage, and contacts before outreach",2026-08-06,Name/category curated for ecosystem mapping; blank fields intentionally require confirmation.
ST-0036,Olympic Gold Quest,Company / Brand / Platform,"India Sports, Fitness & Wellness Ecosystem",India Sports,Global / verify,"India-focused sports, fitness, wellness, technology, or athlete ecosystem company.",Potential Partner / Customer,50,Longlist,Potential,"Partnership, customer discovery, integrations, or ecosystem access.",,,,https://www.bing.com/search?q=Olympic+Gold+Quest+official+company+sports,"Candidate identified - verify website, HQ, stage, and contacts before outreach",2026-08-06,Name/category curated for ecosystem mapping; blank fields intentionally require confirmation.
ST-0037,Performax,Company / Brand / Platform,"India Sports, Fitness & Wellness Ecosystem",India Sports,India,"India-focused sports, fitness, wellness, technology, or athlete ecosystem company.",Potential Partner / Customer,65,Medium,Potential,"Partnership, customer discovery, integrations, or ecosystem access.",,,,https://www.bing.com/search?q=Performax+official+company+sports,"Candidate identified - verify website, HQ, stage, and contacts before outreach",2026-08-06,Name/category curated for ecosystem mapping; blank fields intentionally require confirmation.
ST-0038,Shiv-Naresh,Company / Brand / Platform,"India Sports, Fitness & Wellness Ecosystem",India Sports,India,"India-focused sports, fitness, wellness, technology, or athlete ecosystem company.",Potential Partner / Customer,65,Medium,Potential,"Partnership, customer discovery, integrations, or ecosystem access.",,,,https://www.bing.com/search?q=Shiv-Naresh+official+company+sports,"Candidate identified - verify website, HQ, stage, and contacts before outreach",2026-08-06,Name/category curated for ecosystem mapping; blank fields intentionally require confirmation.
ST-0039,Sports For All,Company / Brand / Platform,"India Sports, Fitness & Wellness Ecosystem",India Sports,India,"India-focused sports, fitness, wellness, technology, or athlete ecosystem company.",Potential Partner / Customer,65,Medium,Potential,"Partnership, customer discovery, integrations, or ecosystem access.",,,,https://www.bing.com/search?q=Sports+For+All+official+company+sports,"Candidate identified - verify website, HQ, stage, and contacts before outreach",2026-08-06,Name/category curated for ecosystem mapping; blank fields intentionally require confirmation.
ST-0040,Sportz & Live,Company / Brand / Platform,"India Sports, Fitness & Wellness Ecosystem",India Sports,Global / verify,"India-focused sports, fitness, wellness, technology, or athlete ecosystem company.",Potential Partner / Customer,50,Longlist,Potential,"Partnership, customer discovery, integrations, or ecosystem access.",,,,https://www.bing.com/search?q=Sportz+%26+Live+official+company+sports,"Candidate identified - verify website, HQ, stage, and contacts before outreach",2026-08-06,Name/category curated for ecosystem mapping; blank fields intentionally require confirmation.
ST-0041,SuperGaming,Company / Brand / Platform,"India Sports, Fitness & Wellness Ecosystem",India Sports,Global / verify,"India-focused sports, fitness, wellness, technology, or athlete ecosystem company.",Potential Partner / Customer,50,Longlist,Potential,"Partnership, customer discovery, integrations, or ecosystem access.",,,,https://www.bing.com/search?q=SuperGaming+official+company+sports,"Candidate identified - verify website, HQ, stage, and contacts before outreach",2026-08-06,Name/category curated for ecosystem mapping; blank fields intentionally require confirmation.
ST-0042,Tenvic,Company / Brand / Platform,"India Sports, Fitness & Wellness Ecosystem",India Sports,India,"India-focused sports, fitness, wellness, technology, or athlete ecosystem company.",Potential Partner / Customer,65,Medium,Potential,"Partnership, customer discovery, integrations, or ecosystem access.",,,,https://www.bing.com/search?q=Tenvic+official+company+sports,"Candidate identified - verify website, HQ, stage, and contacts before outreach",2026-08-06,Name/category curated for ecosystem mapping; blank fields intentionally require confirmation.
ST-0043,AiSCOUT,Company / Brand / Platform,Sports Data & Analytics,Sports Data & Analytics,Global / verify,"Sports data, performance analytics, video intelligence, or decision-support technology.",Direct / Adjacent Competitor,85,High,High,"Benchmark product, positioning, pricing, datasets, and GTM.",,,,https://www.bing.com/search?q=AiSCOUT+official+company+sports,"Candidate identified - verify website, HQ, stage, and contacts before outreach",2026-08-06,Name/category curated for ecosystem mapping; blank fields intentionally require confirmation.
ST-0044,API-Football,Company / Brand / Platform,Sports Data & Analytics,Sports Data & Analytics,Global / verify,"Sports data, performance analytics, video intelligence, or decision-support technology.",Data / Technology Partner,60,Longlist,High,"Data integration, athlete scoring, performance analytics, or wearable intelligence.",,,,https://www.bing.com/search?q=API-Football+official+company+sports,"Candidate identified - verify website, HQ, stage, and contacts before outreach",2026-08-06,Name/category curated for ecosystem mapping; blank fields intentionally require confirmation.
ST-0045,AthleteMonitoring,Company / Brand / Platform,Sports Data & Analytics,Wearables,Global / verify,"Sports data, performance analytics, video intelligence, or decision-support technology.",Data / Technology Partner,60,Longlist,High,"Data integration, athlete scoring, performance analytics, or wearable intelligence.",,,,https://www.bing.com/search?q=AthleteMonitoring+official+company+sports,"Candidate identified - verify website, HQ, stage, and contacts before outreach",2026-08-06,Name/category curated for ecosystem mapping; blank fields intentionally require confirmation.
ST-0046,BallR,Company / Brand / Platform,Sports Data & Analytics,Sports Data & Analytics,Global / verify,"Sports data, performance analytics, video intelligence, or decision-support technology.",Data / Technology Partner,60,Longlist,High,"Data integration, athlete scoring, performance analytics, or wearable intelligence.",,,,https://www.bing.com/search?q=BallR+official+company+sports,"Candidate identified - verify website, HQ, stage, and contacts before outreach",2026-08-06,Name/category curated for ecosystem mapping; blank fields intentionally require confirmation.
ST-0047,Balltime,Company / Brand / Platform,Sports Data & Analytics,Sports Data & Analytics,Global / verify,"Sports data, performance analytics, video intelligence, or decision-support technology.",Data / Technology Partner,60,Longlist,High,"Data integration, athlete scoring, performance analytics, or wearable intelligence.",,,,https://www.bing.com/search?q=Balltime+official+company+sports,"Candidate identified - verify website, HQ, stage, and contacts before outreach",2026-08-06,Name/category curated for ecosystem mapping; blank fields intentionally require confirmation.
ST-0048,BatFast,Company / Brand / Platform,Sports Data & Analytics,Sports Data & Analytics,Global / verify,"Sports data, performance analytics, video intelligence, or decision-support technology.",Data / Technology Partner,60,Longlist,High,"Data integration, athlete scoring, performance analytics, or wearable intelligence.",,,,https://www.bing.com/search?q=BatFast+official+company+sports,"Candidate identified - verify website, HQ, stage, and contacts before outreach",2026-08-06,Name/category curated for ecosystem mapping; blank fields intentionally require confirmation.
ST-0049,Bepro11,Company / Brand / Platform,Sports Data & Analytics,Sports Data & Analytics,Global / verify,"Sports data, performance analytics, video intelligence, or decision-support technology.",Data / Technology Partner,60,Longlist,High,"Data integration, athlete scoring, performance analytics, or wearable intelligence.",,,,https://www.bing.com/search?q=Bepro11+official+company+sports,"Candidate identified - verify website, HQ, stage, and contacts before outreach",2026-08-06,Name/category curated for ecosystem mapping; blank fields intentionally require confirmation.
ST-0050,Catapult Sports,Company / Brand / Platform,Sports Data & Analytics,Sports Data & Analytics,Global / verify,"Sports data, performance analytics, video intelligence, or decision-support technology.",Data / Technology Partner,60,Longlist,High,"Data integration, athlete scoring, performance analytics, or wearable intelligence.",,,,https://www.bing.com/search?q=Catapult+Sports+official+company+sports,"Candidate identified - verify website, HQ, stage, and contacts before outreach",2026-08-06,Name/category curated for ecosystem mapping; blank fields intentionally require confirmation.
ST-0051,Champion Data,Company / Brand / Platform,Sports Data & Analytics,Analytics & Intelligence,Global / verify,"Sports data, performance analytics, video intelligence, or decision-support technology.",Data / Technology Partner,60,Longlist,High,"Data integration, athlete scoring, performance analytics, or wearable intelligence.",,,,https://www.bing.com/search?q=Champion+Data+official+company+sports,"Candidate identified - verify website, HQ, stage, and contacts before outreach",2026-08-06,Name/category curated for ecosystem mapping; blank fields intentionally require confirmation.
ST-0052,Chyron,Company / Brand / Platform,Sports Data & Analytics,Sports Data & Analytics,Global / verify,"Sports data, performance analytics, video intelligence, or decision-support technology.",Data / Technology Partner,60,Longlist,High,"Data integration, athlete scoring, performance analytics, or wearable intelligence.",,,,https://www.bing.com/search?q=Chyron+official+company+sports,"Candidate identified - verify website, HQ, stage, and contacts before outreach",2026-08-06,Name/category curated for ecosystem mapping; blank fields intentionally require confirmation.
ST-0053,Coach Paint,Company / Brand / Platform,Sports Data & Analytics,Coaching & Fitness,Global / verify,"Sports data, performance analytics, video intelligence, or decision-support technology.",Data / Technology Partner,60,Longlist,High,"Data integration, athlete scoring, performance analytics, or wearable intelligence.",,,,https://www.bing.com/search?q=Coach+Paint+official+company+sports,"Candidate identified - verify website, HQ, stage, and contacts before outreach",2026-08-06,Name/category curated for ecosystem mapping; blank fields intentionally require confirmation.
ST-0054,CricClubs,Company / Brand / Platform,Sports Data & Analytics,Sports Data & Analytics,Global / verify,"Sports data, performance analytics, video intelligence, or decision-support technology.",Data / Technology Partner,60,Longlist,High,"Data integration, athlete scoring, performance analytics, or wearable intelligence.",,,,https://www.bing.com/search?q=CricClubs+official+company+sports,"Candidate identified - verify website, HQ, stage, and contacts before outreach",2026-08-06,Name/category curated for ecosystem mapping; blank fields intentionally require confirmation.
ST-0055,CricHeroes,Company / Brand / Platform,Sports Data & Analytics,Sports Data & Analytics,Global / verify,"Sports data, performance analytics, video intelligence, or decision-support technology.",Direct / Adjacent Competitor,85,High,High,"Benchmark product, positioning, pricing, datasets, and GTM.",,,,https://www.bing.com/search?q=CricHeroes+official+company+sports,"Candidate identified - verify website, HQ, stage, and contacts before outreach",2026-08-06,Name/category curated for ecosystem mapping; blank fields intentionally require confirmation.
ST-0056,Cricmetric,Company / Brand / Platform,Sports Data & Analytics,Sports Data & Analytics,Global / verify,"Sports data, performance analytics, video intelligence, or decision-support technology.",Data / Technology Partner,60,Longlist,High,"Data integration, athlete scoring, performance analytics, or wearable intelligence.",,,,https://www.bing.com/search?q=Cricmetric+official+company+sports,"Candidate identified - verify website, HQ, stage, and contacts before outreach",2026-08-06,Name/category curated for ecosystem mapping; blank fields intentionally require confirmation.
ST-0057,CricViz,Company / Brand / Platform,Sports Data & Analytics,Sports Data & Analytics,Global / verify,"Sports data, performance analytics, video intelligence, or decision-support technology.",Data / Technology Partner,60,Longlist,High,"Data integration, athlete scoring, performance analytics, or wearable intelligence.",,,,https://www.bing.com/search?q=CricViz+official+company+sports,"Candidate identified - verify website, HQ, stage, and contacts before outreach",2026-08-06,Name/category curated for ecosystem mapping; blank fields intentionally require confirmation.
ST-0058,Dartfish,Company / Brand / Platform,Sports Data & Analytics,Sports Data & Analytics,Global / verify,"Sports data, performance analytics, video intelligence, or decision-support technology.",Data / Technology Partner,60,Longlist,High,"Data integration, athlete scoring, performance analytics, or wearable intelligence.",,,,https://www.bing.com/search?q=Dartfish+official+company+sports,"Candidate identified - verify website, HQ, stage, and contacts before outreach",2026-08-06,Name/category curated for ecosystem mapping; blank fields intentionally require confirmation.
ST-0059,DataFactory,Company / Brand / Platform,Sports Data & Analytics,Analytics & Intelligence,Global / verify,"Sports data, performance analytics, video intelligence, or decision-support technology.",Data / Technology Partner,60,Longlist,High,"Data integration, athlete scoring, performance analytics, or wearable intelligence.",,,,https://www.bing.com/search?q=DataFactory+official+company+sports,"Candidate identified - verify website, HQ, stage, and contacts before outreach",2026-08-06,Name/category curated for ecosystem mapping; blank fields intentionally require confirmation.
ST-0060,Deltatre,Company / Brand / Platform,Sports Data & Analytics,Sports Data & Analytics,Global / verify,"Sports data, performance analytics, video intelligence, or decision-support technology.",Data / Technology Partner,60,Longlist,High,"Data integration, athlete scoring, performance analytics, or wearable intelligence.",,,,https://www.bing.com/search?q=Deltatre+official+company+sports,"Candidate identified - verify website, HQ, stage, and contacts before outreach",2026-08-06,Name/category curated for ecosystem mapping; blank fields intentionally require confirmation.
ST-0061,Edge10 Group,Company / Brand / Platform,Sports Data & Analytics,Sports Data & Analytics,Global / verify,"Sports data, performance analytics, video intelligence, or decision-support technology.",Data / Technology Partner,60,Longlist,High,"Data integration, athlete scoring, performance analytics, or wearable intelligence.",,,,https://www.bing.com/search?q=Edge10+Group+official+company+sports,"Candidate identified - verify website, HQ, stage, and contacts before outreach",2026-08-06,Name/category curated for ecosystem mapping; blank fields intentionally require confirmation.
ST-0062,FanCode Insights,Company / Brand / Platform,Sports Data & Analytics,Sports Data & Analytics,Global / verify,"Sports data, performance analytics, video intelligence, or decision-support technology.",Data / Technology Partner,60,Longlist,High,"Data integration, athlete scoring, performance analytics, or wearable intelligence.",,,,https://www.bing.com/search?q=FanCode+Insights+official+company+sports,"Candidate identified - verify website, HQ, stage, and contacts before outreach",2026-08-06,Name/category curated for ecosystem mapping; blank fields intentionally require confirmation.
ST-0063,Fanisko,Company / Brand / Platform,Sports Data & Analytics,Sports Data & Analytics,Global / verify,"Sports data, performance analytics, video intelligence, or decision-support technology.",Data / Technology Partner,60,Longlist,High,"Data integration, athlete scoring, performance analytics, or wearable intelligence.",,,,https://www.bing.com/search?q=Fanisko+official+company+sports,"Candidate identified - verify website, HQ, stage, and contacts before outreach",2026-08-06,Name/category curated for ecosystem mapping; blank fields intentionally require confirmation.
ST-0064,Full Track AI,Company / Brand / Platform,Sports Data & Analytics,Sports Data & Analytics,Global / verify,"Sports data, performance analytics, video intelligence, or decision-support technology.",Data / Technology Partner,60,Longlist,High,"Data integration, athlete scoring, performance analytics, or wearable intelligence.",,,,https://www.bing.com/search?q=Full+Track+AI+official+company+sports,"Candidate identified - verify website, HQ, stage, and contacts before outreach",2026-08-06,Name/category curated for ecosystem mapping; blank fields intentionally require confirmation.
ST-0065,Fusion Sport,Company / Brand / Platform,Sports Data & Analytics,Sports Data & Analytics,Global / verify,"Sports data, performance analytics, video intelligence, or decision-support technology.",Data / Technology Partner,60,Longlist,High,"Data integration, athlete scoring, performance analytics, or wearable intelligence.",,,,https://www.bing.com/search?q=Fusion+Sport+official+company+sports,"Candidate identified - verify website, HQ, stage, and contacts before outreach",2026-08-06,Name/category curated for ecosystem mapping; blank fields intentionally require confirmation.
ST-0066,Genius Sports,Company / Brand / Platform,Sports Data & Analytics,Sports Data & Analytics,Global / verify,"Sports data, performance analytics, video intelligence, or decision-support technology.",Data / Technology Partner,60,Longlist,High,"Data integration, athlete scoring, performance analytics, or wearable intelligence.",,,,https://www.bing.com/search?q=Genius+Sports+official+company+sports,"Candidate identified - verify website, HQ, stage, and contacts before outreach",2026-08-06,Name/category curated for ecosystem mapping; blank fields intentionally require confirmation.
ST-0067,Genius Sports Second Spectrum,Company / Brand / Platform,Sports Data & Analytics,Sports Data & Analytics,Global / verify,"Sports data, performance analytics, video intelligence, or decision-support technology.",Data / Technology Partner,60,Longlist,High,"Data integration, athlete scoring, performance analytics, or wearable intelligence.",,,,https://www.bing.com/search?q=Genius+Sports+Second+Spectrum+official+company+sports,"Candidate identified - verify website, HQ, stage, and contacts before outreach",2026-08-06,Name/category curated for ecosystem mapping; blank fields intentionally require confirmation.
ST-0068,Gracenote Sports,Company / Brand / Platform,Sports Data & Analytics,Sports Data & Analytics,Global / verify,"Sports data, performance analytics, video intelligence, or decision-support technology.",Data / Technology Partner,60,Longlist,High,"Data integration, athlete scoring, performance analytics, or wearable intelligence.",,,,https://www.bing.com/search?q=Gracenote+Sports+official+company+sports,"Candidate identified - verify website, HQ, stage, and contacts before outreach",2026-08-06,Name/category curated for ecosystem mapping; blank fields intentionally require confirmation.
ST-0069,Hawk-Eye Innovations,Company / Brand / Platform,Sports Data & Analytics,Sports Data & Analytics,Global / verify,"Sports data, performance analytics, video intelligence, or decision-support technology.",Data / Technology Partner,60,Longlist,High,"Data integration, athlete scoring, performance analytics, or wearable intelligence.",,,,https://www.bing.com/search?q=Hawk-Eye+Innovations+official+company+sports,"Candidate identified - verify website, HQ, stage, and contacts before outreach",2026-08-06,Name/category curated for ecosystem mapping; blank fields intentionally require confirmation.
ST-0070,Hego,Company / Brand / Platform,Sports Data & Analytics,Sports Data & Analytics,Global / verify,"Sports data, performance analytics, video intelligence, or decision-support technology.",Data / Technology Partner,60,Longlist,High,"Data integration, athlete scoring, performance analytics, or wearable intelligence.",,,,https://www.bing.com/search?q=Hego+official+company+sports,"Candidate identified - verify website, HQ, stage, and contacts before outreach",2026-08-06,Name/category curated for ecosystem mapping; blank fields intentionally require confirmation.
ST-0071,HomeCourt,Company / Brand / Platform,Sports Data & Analytics,Sports Data & Analytics,Global / verify,"Sports data, performance analytics, video intelligence, or decision-support technology.",Data / Technology Partner,60,Longlist,High,"Data integration, athlete scoring, performance analytics, or wearable intelligence.",,,,https://www.bing.com/search?q=HomeCourt+official+company+sports,"Candidate identified - verify website, HQ, stage, and contacts before outreach",2026-08-06,Name/category curated for ecosystem mapping; blank fields intentionally require confirmation.
ST-0072,Hudl,Company / Brand / Platform,Sports Data & Analytics,Analytics & Intelligence,Global / verify,"Sports data, performance analytics, video intelligence, or decision-support technology.",Direct / Adjacent Competitor,85,High,High,"Benchmark product, positioning, pricing, datasets, and GTM.",,,,https://www.bing.com/search?q=Hudl+official+company+sports,"Candidate identified - verify website, HQ, stage, and contacts before outreach",2026-08-06,Name/category curated for ecosystem mapping; blank fields intentionally require confirmation.
ST-0073,InStat,Company / Brand / Platform,Sports Data & Analytics,Sports Data & Analytics,Global / verify,"Sports data, performance analytics, video intelligence, or decision-support technology.",Data / Technology Partner,60,Longlist,High,"Data integration, athlete scoring, performance analytics, or wearable intelligence.",,,,https://www.bing.com/search?q=InStat+official+company+sports,"Candidate identified - verify website, HQ, stage, and contacts before outreach",2026-08-06,Name/category curated for ecosystem mapping; blank fields intentionally require confirmation.
ST-0074,KheloMore Analytics,Company / Brand / Platform,Sports Data & Analytics,Analytics & Intelligence,Global / verify,"Sports data, performance analytics, video intelligence, or decision-support technology.",Data / Technology Partner,60,Longlist,High,"Data integration, athlete scoring, performance analytics, or wearable intelligence.",,,,https://www.bing.com/search?q=KheloMore+Analytics+official+company+sports,"Candidate identified - verify website, HQ, stage, and contacts before outreach",2026-08-06,Name/category curated for ecosystem mapping; blank fields intentionally require confirmation.
ST-0075,Kinduct,Company / Brand / Platform,Sports Data & Analytics,Sports Data & Analytics,Global / verify,"Sports data, performance analytics, video intelligence, or decision-support technology.",Data / Technology Partner,60,Longlist,High,"Data integration, athlete scoring, performance analytics, or wearable intelligence.",,,,https://www.bing.com/search?q=Kinduct+official+company+sports,"Candidate identified - verify website, HQ, stage, and contacts before outreach",2026-08-06,Name/category curated for ecosystem mapping; blank fields intentionally require confirmation.
ST-0076,KINEXON,Company / Brand / Platform,Sports Data & Analytics,Sports Data & Analytics,Global / verify,"Sports data, performance analytics, video intelligence, or decision-support technology.",Data / Technology Partner,60,Longlist,High,"Data integration, athlete scoring, performance analytics, or wearable intelligence.",,,,https://www.bing.com/search?q=KINEXON+official+company+sports,"Candidate identified - verify website, HQ, stage, and contacts before outreach",2026-08-06,Name/category curated for ecosystem mapping; blank fields intentionally require confirmation.
ST-0077,Kitman Labs,Company / Brand / Platform,Sports Data & Analytics,Sports Data & Analytics,Global / verify,"Sports data, performance analytics, video intelligence, or decision-support technology.",Data / Technology Partner,60,Longlist,High,"Data integration, athlete scoring, performance analytics, or wearable intelligence.",,,,https://www.bing.com/search?q=Kitman+Labs+official+company+sports,"Candidate identified - verify website, HQ, stage, and contacts before outreach",2026-08-06,Name/category curated for ecosystem mapping; blank fields intentionally require confirmation.
ST-0078,LongoMatch,Company / Brand / Platform,Sports Data & Analytics,Sports Data & Analytics,Global / verify,"Sports data, performance analytics, video intelligence, or decision-support technology.",Data / Technology Partner,60,Longlist,High,"Data integration, athlete scoring, performance analytics, or wearable intelligence.",,,,https://www.bing.com/search?q=LongoMatch+official+company+sports,"Candidate identified - verify website, HQ, stage, and contacts before outreach",2026-08-06,Name/category curated for ecosystem mapping; blank fields intentionally require confirmation.
ST-0079,Metrica Sports,Company / Brand / Platform,Sports Data & Analytics,Sports Data & Analytics,Global / verify,"Sports data, performance analytics, video intelligence, or decision-support technology.",Data / Technology Partner,60,Longlist,High,"Data integration, athlete scoring, performance analytics, or wearable intelligence.",,,,https://www.bing.com/search?q=Metrica+Sports+official+company+sports,"Candidate identified - verify website, HQ, stage, and contacts before outreach",2026-08-06,Name/category curated for ecosystem mapping; blank fields intentionally require confirmation.
ST-0080,MST Systems,Company / Brand / Platform,Sports Data & Analytics,Sports Data & Analytics,Global / verify,"Sports data, performance analytics, video intelligence, or decision-support technology.",Data / Technology Partner,60,Longlist,High,"Data integration, athlete scoring, performance analytics, or wearable intelligence.",,,,https://www.bing.com/search?q=MST+Systems+official+company+sports,"Candidate identified - verify website, HQ, stage, and contacts before outreach",2026-08-06,Name/category curated for ecosystem mapping; blank fields intentionally require confirmation.
ST-0081,Nacsport,Company / Brand / Platform,Sports Data & Analytics,Sports Data & Analytics,Global / verify,"Sports data, performance analytics, video intelligence, or decision-support technology.",Data / Technology Partner,60,Longlist,High,"Data integration, athlete scoring, performance analytics, or wearable intelligence.",,,,https://www.bing.com/search?q=Nacsport+official+company+sports,"Candidate identified - verify website, HQ, stage, and contacts before outreach",2026-08-06,Name/category curated for ecosystem mapping; blank fields intentionally require confirmation.
ST-0082,Nielsen Sports,Company / Brand / Platform,Sports Data & Analytics,Sports Data & Analytics,Global / verify,"Sports data, performance analytics, video intelligence, or decision-support technology.",Data / Technology Partner,60,Longlist,High,"Data integration, athlete scoring, performance analytics, or wearable intelligence.",,,,https://www.bing.com/search?q=Nielsen+Sports+official+company+sports,"Candidate identified - verify website, HQ, stage, and contacts before outreach",2026-08-06,Name/category curated for ecosystem mapping; blank fields intentionally require confirmation.
ST-0083,Noah Basketball,Company / Brand / Platform,Sports Data & Analytics,Sports Data & Analytics,Global / verify,"Sports data, performance analytics, video intelligence, or decision-support technology.",Data / Technology Partner,60,Longlist,High,"Data integration, athlete scoring, performance analytics, or wearable intelligence.",,,,https://www.bing.com/search?q=Noah+Basketball+official+company+sports,"Candidate identified - verify website, HQ, stage, and contacts before outreach",2026-08-06,Name/category curated for ecosystem mapping; blank fields intentionally require confirmation.
ST-0084,Once Sport,Company / Brand / Platform,Sports Data & Analytics,Sports Data & Analytics,Global / verify,"Sports data, performance analytics, video intelligence, or decision-support technology.",Data / Technology Partner,60,Longlist,High,"Data integration, athlete scoring, performance analytics, or wearable intelligence.",,,,https://www.bing.com/search?q=Once+Sport+official+company+sports,"Candidate identified - verify website, HQ, stage, and contacts before outreach",2026-08-06,Name/category curated for ecosystem mapping; blank fields intentionally require confirmation.
ST-0085,Opta,Company / Brand / Platform,Sports Data & Analytics,Sports Data & Analytics,Global / verify,"Sports data, performance analytics, video intelligence, or decision-support technology.",Data / Technology Partner,60,Longlist,High,"Data integration, athlete scoring, performance analytics, or wearable intelligence.",,,,https://www.bing.com/search?q=Opta+official+company+sports,"Candidate identified - verify website, HQ, stage, and contacts before outreach",2026-08-06,Name/category curated for ecosystem mapping; blank fields intentionally require confirmation.
ST-0086,Orreco,Company / Brand / Platform,Sports Data & Analytics,Sports Data & Analytics,Global / verify,"Sports data, performance analytics, video intelligence, or decision-support technology.",Data / Technology Partner,60,Longlist,High,"Data integration, athlete scoring, performance analytics, or wearable intelligence.",,,,https://www.bing.com/search?q=Orreco+official+company+sports,"Candidate identified - verify website, HQ, stage, and contacts before outreach",2026-08-06,Name/category curated for ecosystem mapping; blank fields intentionally require confirmation.
ST-0087,Output Sports,Company / Brand / Platform,Sports Data & Analytics,Sports Data & Analytics,Global / verify,"Sports data, performance analytics, video intelligence, or decision-support technology.",Data / Technology Partner,60,Longlist,High,"Data integration, athlete scoring, performance analytics, or wearable intelligence.",,,,https://www.bing.com/search?q=Output+Sports+official+company+sports,"Candidate identified - verify website, HQ, stage, and contacts before outreach",2026-08-06,Name/category curated for ecosystem mapping; blank fields intentionally require confirmation.
ST-0088,Performa Sports,Company / Brand / Platform,Sports Data & Analytics,Sports Data & Analytics,Global / verify,"Sports data, performance analytics, video intelligence, or decision-support technology.",Data / Technology Partner,60,Longlist,High,"Data integration, athlete scoring, performance analytics, or wearable intelligence.",,,,https://www.bing.com/search?q=Performa+Sports+official+company+sports,"Candidate identified - verify website, HQ, stage, and contacts before outreach",2026-08-06,Name/category curated for ecosystem mapping; blank fields intentionally require confirmation.
ST-0089,PICO,Company / Brand / Platform,Sports Data & Analytics,Sports Data & Analytics,Global / verify,"Sports data, performance analytics, video intelligence, or decision-support technology.",Data / Technology Partner,60,Longlist,High,"Data integration, athlete scoring, performance analytics, or wearable intelligence.",,,,https://www.bing.com/search?q=PICO+official+company+sports,"Candidate identified - verify website, HQ, stage, and contacts before outreach",2026-08-06,Name/category curated for ecosystem mapping; blank fields intentionally require confirmation.
ST-0090,PitchVision,Company / Brand / Platform,Sports Data & Analytics,Sports Data & Analytics,Global / verify,"Sports data, performance analytics, video intelligence, or decision-support technology.",Data / Technology Partner,60,Longlist,High,"Data integration, athlete scoring, performance analytics, or wearable intelligence.",,,,https://www.bing.com/search?q=PitchVision+official+company+sports,"Candidate identified - verify website, HQ, stage, and contacts before outreach",2026-08-06,Name/category curated for ecosystem mapping; blank fields intentionally require confirmation.
ST-0091,Pixellot,Company / Brand / Platform,Sports Data & Analytics,Sports Data & Analytics,Global / verify,"Sports data, performance analytics, video intelligence, or decision-support technology.",Data / Technology Partner,60,Longlist,High,"Data integration, athlete scoring, performance analytics, or wearable intelligence.",,,,https://www.bing.com/search?q=Pixellot+official+company+sports,"Candidate identified - verify website, HQ, stage, and contacts before outreach",2026-08-06,Name/category curated for ecosystem mapping; blank fields intentionally require confirmation.
ST-0092,PlaySight,Company / Brand / Platform,Sports Data & Analytics,Sports Data & Analytics,Global / verify,"Sports data, performance analytics, video intelligence, or decision-support technology.",Data / Technology Partner,60,Longlist,High,"Data integration, athlete scoring, performance analytics, or wearable intelligence.",,,,https://www.bing.com/search?q=PlaySight+official+company+sports,"Candidate identified - verify website, HQ, stage, and contacts before outreach",2026-08-06,Name/category curated for ecosystem mapping; blank fields intentionally require confirmation.
ST-0093,Prozone Sports,Company / Brand / Platform,Sports Data & Analytics,Sports Data & Analytics,Global / verify,"Sports data, performance analytics, video intelligence, or decision-support technology.",Data / Technology Partner,60,Longlist,High,"Data integration, athlete scoring, performance analytics, or wearable intelligence.",,,,https://www.bing.com/search?q=Prozone+Sports+official+company+sports,"Candidate identified - verify website, HQ, stage, and contacts before outreach",2026-08-06,Name/category curated for ecosystem mapping; blank fields intentionally require confirmation.
ST-0094,Rapsodo,Company / Brand / Platform,Sports Data & Analytics,Sports Data & Analytics,Global / verify,"Sports data, performance analytics, video intelligence, or decision-support technology.",Data / Technology Partner,60,Longlist,High,"Data integration, athlete scoring, performance analytics, or wearable intelligence.",,,,https://www.bing.com/search?q=Rapsodo+official+company+sports,"Candidate identified - verify website, HQ, stage, and contacts before outreach",2026-08-06,Name/category curated for ecosystem mapping; blank fields intentionally require confirmation.
ST-0095,RunningBall,Company / Brand / Platform,Sports Data & Analytics,Sports Data & Analytics,Global / verify,"Sports data, performance analytics, video intelligence, or decision-support technology.",Data / Technology Partner,60,Longlist,High,"Data integration, athlete scoring, performance analytics, or wearable intelligence.",,,,https://www.bing.com/search?q=RunningBall+official+company+sports,"Candidate identified - verify website, HQ, stage, and contacts before outreach",2026-08-06,Name/category curated for ecosystem mapping; blank fields intentionally require confirmation.
ST-0096,SciSports,Company / Brand / Platform,Sports Data & Analytics,Sports Data & Analytics,Global / verify,"Sports data, performance analytics, video intelligence, or decision-support technology.",Data / Technology Partner,60,Longlist,High,"Data integration, athlete scoring, performance analytics, or wearable intelligence.",,,,https://www.bing.com/search?q=SciSports+official+company+sports,"Candidate identified - verify website, HQ, stage, and contacts before outreach",2026-08-06,Name/category curated for ecosystem mapping; blank fields intentionally require confirmation.
ST-0097,Second Spectrum,Company / Brand / Platform,Sports Data & Analytics,Sports Data & Analytics,Global / verify,"Sports data, performance analytics, video intelligence, or decision-support technology.",Data / Technology Partner,60,Longlist,High,"Data integration, athlete scoring, performance analytics, or wearable intelligence.",,,,https://www.bing.com/search?q=Second+Spectrum+official+company+sports,"Candidate identified - verify website, HQ, stage, and contacts before outreach",2026-08-06,Name/category curated for ecosystem mapping; blank fields intentionally require confirmation.
ST-0098,ShotTracker,Company / Brand / Platform,Sports Data & Analytics,Sports Data & Analytics,Global / verify,"Sports data, performance analytics, video intelligence, or decision-support technology.",Data / Technology Partner,60,Longlist,High,"Data integration, athlete scoring, performance analytics, or wearable intelligence.",,,,https://www.bing.com/search?q=ShotTracker+official+company+sports,"Candidate identified - verify website, HQ, stage, and contacts before outreach",2026-08-06,Name/category curated for ecosystem mapping; blank fields intentionally require confirmation.
ST-0099,SkillCorner,Company / Brand / Platform,Sports Data & Analytics,Sports Data & Analytics,Global / verify,"Sports data, performance analytics, video intelligence, or decision-support technology.",Data / Technology Partner,60,Longlist,High,"Data integration, athlete scoring, performance analytics, or wearable intelligence.",,,,https://www.bing.com/search?q=SkillCorner+official+company+sports,"Candidate identified - verify website, HQ, stage, and contacts before outreach",2026-08-06,Name/category curated for ecosystem mapping; blank fields intentionally require confirmation.
ST-0100,Smartabase,Company / Brand / Platform,Sports Data & Analytics,Sports Data & Analytics,Global / verify,"Sports data, performance analytics, video intelligence, or decision-support technology.",Data / Technology Partner,60,Longlist,High,"Data integration, athlete scoring, performance analytics, or wearable intelligence.",,,,https://www.bing.com/search?q=Smartabase+official+company+sports,"Candidate identified - verify website, HQ, stage, and contacts before outreach",2026-08-06,Name/category curated for ecosystem mapping; blank fields intentionally require confirmation.
ST-0101,Sony Sports Businesses,Company / Brand / Platform,Sports Data & Analytics,Sports Data & Analytics,Global / verify,"Sports data, performance analytics, video intelligence, or decision-support technology.",Data / Technology Partner,60,Longlist,High,"Data integration, athlete scoring, performance analytics, or wearable intelligence.",,,,https://www.bing.com/search?q=Sony+Sports+Businesses+official+company+sports,"Candidate identified - verify website, HQ, stage, and contacts before outreach",2026-08-06,Name/category curated for ecosystem mapping; blank fields intentionally require confirmation.
ST-0102,Spiideo,Company / Brand / Platform,Sports Data & Analytics,Sports Data & Analytics,Global / verify,"Sports data, performance analytics, video intelligence, or decision-support technology.",Data / Technology Partner,60,Longlist,High,"Data integration, athlete scoring, performance analytics, or wearable intelligence.",,,,https://www.bing.com/search?q=Spiideo+official+company+sports,"Candidate identified - verify website, HQ, stage, and contacts before outreach",2026-08-06,Name/category curated for ecosystem mapping; blank fields intentionally require confirmation.
ST-0103,Sportalytics,Company / Brand / Platform,Sports Data & Analytics,Sports Data & Analytics,Global / verify,"Sports data, performance analytics, video intelligence, or decision-support technology.",Data / Technology Partner,60,Longlist,High,"Data integration, athlete scoring, performance analytics, or wearable intelligence.",,,,https://www.bing.com/search?q=Sportalytics+official+company+sports,"Candidate identified - verify website, HQ, stage, and contacts before outreach",2026-08-06,Name/category curated for ecosystem mapping; blank fields intentionally require confirmation.
ST-0104,Sportec Solutions,Company / Brand / Platform,Sports Data & Analytics,Sports Data & Analytics,Global / verify,"Sports data, performance analytics, video intelligence, or decision-support technology.",Data / Technology Partner,60,Longlist,High,"Data integration, athlete scoring, performance analytics, or wearable intelligence.",,,,https://www.bing.com/search?q=Sportec+Solutions+official+company+sports,"Candidate identified - verify website, HQ, stage, and contacts before outreach",2026-08-06,Name/category curated for ecosystem mapping; blank fields intentionally require confirmation.
ST-0105,Sportlogiq,Company / Brand / Platform,Sports Data & Analytics,Analytics & Intelligence,Global / verify,"Sports data, performance analytics, video intelligence, or decision-support technology.",Data / Technology Partner,60,Longlist,High,"Data integration, athlete scoring, performance analytics, or wearable intelligence.",,,,https://www.bing.com/search?q=Sportlogiq+official+company+sports,"Candidate identified - verify website, HQ, stage, and contacts before outreach",2026-08-06,Name/category curated for ecosystem mapping; blank fields intentionally require confirmation.
ST-0106,SportMonks,Company / Brand / Platform,Sports Data & Analytics,Sports Data & Analytics,Global / verify,"Sports data, performance analytics, video intelligence, or decision-support technology.",Data / Technology Partner,60,Longlist,High,"Data integration, athlete scoring, performance analytics, or wearable intelligence.",,,,https://www.bing.com/search?q=SportMonks+official+company+sports,"Candidate identified - verify website, HQ, stage, and contacts before outreach",2026-08-06,Name/category curated for ecosystem mapping; blank fields intentionally require confirmation.
ST-0107,Sportradar,Company / Brand / Platform,Sports Data & Analytics,Sports Data & Analytics,Global / verify,"Sports data, performance analytics, video intelligence, or decision-support technology.",Data / Technology Partner,60,Longlist,High,"Data integration, athlete scoring, performance analytics, or wearable intelligence.",,,,https://www.bing.com/search?q=Sportradar+official+company+sports,"Candidate identified - verify website, HQ, stage, and contacts before outreach",2026-08-06,Name/category curated for ecosystem mapping; blank fields intentionally require confirmation.
ST-0108,Sportradar Synergy,Company / Brand / Platform,Sports Data & Analytics,Sports Data & Analytics,Global / verify,"Sports data, performance analytics, video intelligence, or decision-support technology.",Data / Technology Partner,60,Longlist,High,"Data integration, athlete scoring, performance analytics, or wearable intelligence.",,,,https://www.bing.com/search?q=Sportradar+Synergy+official+company+sports,"Candidate identified - verify website, HQ, stage, and contacts before outreach",2026-08-06,Name/category curated for ecosystem mapping; blank fields intentionally require confirmation.
ST-0109,SportsCode,Company / Brand / Platform,Sports Data & Analytics,Sports Data & Analytics,Global / verify,"Sports data, performance analytics, video intelligence, or decision-support technology.",Data / Technology Partner,60,Longlist,High,"Data integration, athlete scoring, performance analytics, or wearable intelligence.",,,,https://www.bing.com/search?q=SportsCode+official+company+sports,"Candidate identified - verify website, HQ, stage, and contacts before outreach",2026-08-06,Name/category curated for ecosystem mapping; blank fields intentionally require confirmation.
ST-0110,SportsDataIO,Company / Brand / Platform,Sports Data & Analytics,Analytics & Intelligence,Global / verify,"Sports data, performance analytics, video intelligence, or decision-support technology.",Data / Technology Partner,60,Longlist,High,"Data integration, athlete scoring, performance analytics, or wearable intelligence.",,,,https://www.bing.com/search?q=SportsDataIO+official+company+sports,"Candidate identified - verify website, HQ, stage, and contacts before outreach",2026-08-06,Name/category curated for ecosystem mapping; blank fields intentionally require confirmation.
ST-0111,SportsMechanics,Company / Brand / Platform,Sports Data & Analytics,Sports Data & Analytics,India,"Sports data, performance analytics, video intelligence, or decision-support technology.",Data / Technology Partner,75,Medium,High,"Data integration, athlete scoring, performance analytics, or wearable intelligence.",,,,https://www.bing.com/search?q=SportsMechanics+official+company+sports,"Candidate identified - verify website, HQ, stage, and contacts before outreach",2026-08-06,Name/category curated for ecosystem mapping; blank fields intentionally require confirmation.
ST-0112,SportVU,Company / Brand / Platform,Sports Data & Analytics,Sports Data & Analytics,Global / verify,"Sports data, performance analytics, video intelligence, or decision-support technology.",Data / Technology Partner,60,Longlist,High,"Data integration, athlete scoring, performance analytics, or wearable intelligence.",,,,https://www.bing.com/search?q=SportVU+official+company+sports,"Candidate identified - verify website, HQ, stage, and contacts before outreach",2026-08-06,Name/category curated for ecosystem mapping; blank fields intentionally require confirmation.
ST-0113,Sportz Interactive,Company / Brand / Platform,Sports Data & Analytics,Sports Data & Analytics,India,"Sports data, performance analytics, video intelligence, or decision-support technology.",Data / Technology Partner,75,Medium,High,"Data integration, athlete scoring, performance analytics, or wearable intelligence.",,,,https://www.bing.com/search?q=Sportz+Interactive+official+company+sports,"Candidate identified - verify website, HQ, stage, and contacts before outreach",2026-08-06,Name/category curated for ecosystem mapping; blank fields intentionally require confirmation.
ST-0114,Stats Perform,Company / Brand / Platform,Sports Data & Analytics,Analytics & Intelligence,Global / verify,"Sports data, performance analytics, video intelligence, or decision-support technology.",Data / Technology Partner,60,Longlist,High,"Data integration, athlete scoring, performance analytics, or wearable intelligence.",,,,https://www.bing.com/search?q=Stats+Perform+official+company+sports,"Candidate identified - verify website, HQ, stage, and contacts before outreach",2026-08-06,Name/category curated for ecosystem mapping; blank fields intentionally require confirmation.
ST-0115,Stats Perform Opta,Company / Brand / Platform,Sports Data & Analytics,Analytics & Intelligence,Global / verify,"Sports data, performance analytics, video intelligence, or decision-support technology.",Data / Technology Partner,60,Longlist,High,"Data integration, athlete scoring, performance analytics, or wearable intelligence.",,,,https://www.bing.com/search?q=Stats+Perform+Opta+official+company+sports,"Candidate identified - verify website, HQ, stage, and contacts before outreach",2026-08-06,Name/category curated for ecosystem mapping; blank fields intentionally require confirmation.
ST-0116,StatsBomb,Company / Brand / Platform,Sports Data & Analytics,Analytics & Intelligence,Global / verify,"Sports data, performance analytics, video intelligence, or decision-support technology.",Data / Technology Partner,60,Longlist,High,"Data integration, athlete scoring, performance analytics, or wearable intelligence.",,,,https://www.bing.com/search?q=StatsBomb+official+company+sports,"Candidate identified - verify website, HQ, stage, and contacts before outreach",2026-08-06,Name/category curated for ecosystem mapping; blank fields intentionally require confirmation.
ST-0117,STATSports,Company / Brand / Platform,Sports Data & Analytics,Analytics & Intelligence,Global / verify,"Sports data, performance analytics, video intelligence, or decision-support technology.",Data / Technology Partner,60,Longlist,High,"Data integration, athlete scoring, performance analytics, or wearable intelligence.",,,,https://www.bing.com/search?q=STATSports+official+company+sports,"Candidate identified - verify website, HQ, stage, and contacts before outreach",2026-08-06,Name/category curated for ecosystem mapping; blank fields intentionally require confirmation.
ST-0118,StepOut,Company / Brand / Platform,Sports Data & Analytics,Sports Data & Analytics,Global / verify,"Sports data, performance analytics, video intelligence, or decision-support technology.",Direct / Adjacent Competitor,85,High,High,"Benchmark product, positioning, pricing, datasets, and GTM.",,,,https://www.bing.com/search?q=StepOut+official+company+sports,"Candidate identified - verify website, HQ, stage, and contacts before outreach",2026-08-06,Name/category curated for ecosystem mapping; blank fields intentionally require confirmation.
ST-0119,Stupa Sports Analytics,Company / Brand / Platform,Sports Data & Analytics,Analytics & Intelligence,India,"Sports data, performance analytics, video intelligence, or decision-support technology.",Direct / Adjacent Competitor,100,High,High,"Benchmark product, positioning, pricing, datasets, and GTM.",,,,https://www.bing.com/search?q=Stupa+Sports+Analytics+official+company+sports,"Candidate identified - verify website, HQ, stage, and contacts before outreach",2026-08-06,Name/category curated for ecosystem mapping; blank fields intentionally require confirmation.
ST-0120,SwingVision,Company / Brand / Platform,Sports Data & Analytics,Sports Data & Analytics,Global / verify,"Sports data, performance analytics, video intelligence, or decision-support technology.",Data / Technology Partner,60,Longlist,High,"Data integration, athlete scoring, performance analytics, or wearable intelligence.",,,,https://www.bing.com/search?q=SwingVision+official+company+sports,"Candidate identified - verify website, HQ, stage, and contacts before outreach",2026-08-06,Name/category curated for ecosystem mapping; blank fields intentionally require confirmation.
ST-0121,Synergy Sports,Company / Brand / Platform,Sports Data & Analytics,Sports Data & Analytics,Global / verify,"Sports data, performance analytics, video intelligence, or decision-support technology.",Data / Technology Partner,60,Longlist,High,"Data integration, athlete scoring, performance analytics, or wearable intelligence.",,,,https://www.bing.com/search?q=Synergy+Sports+official+company+sports,"Candidate identified - verify website, HQ, stage, and contacts before outreach",2026-08-06,Name/category curated for ecosystem mapping; blank fields intentionally require confirmation.
ST-0122,The Sports DB,Company / Brand / Platform,Sports Data & Analytics,Sports Data & Analytics,Global / verify,"Sports data, performance analytics, video intelligence, or decision-support technology.",Data / Technology Partner,60,Longlist,High,"Data integration, athlete scoring, performance analytics, or wearable intelligence.",,,,https://www.bing.com/search?q=The+Sports+DB+official+company+sports,"Candidate identified - verify website, HQ, stage, and contacts before outreach",2026-08-06,Name/category curated for ecosystem mapping; blank fields intentionally require confirmation.
ST-0123,Tracab,Company / Brand / Platform,Sports Data & Analytics,Sports Data & Analytics,Global / verify,"Sports data, performance analytics, video intelligence, or decision-support technology.",Data / Technology Partner,60,Longlist,High,"Data integration, athlete scoring, performance analytics, or wearable intelligence.",,,,https://www.bing.com/search?q=Tracab+official+company+sports,"Candidate identified - verify website, HQ, stage, and contacts before outreach",2026-08-06,Name/category curated for ecosystem mapping; blank fields intentionally require confirmation.
ST-0124,Track160,Company / Brand / Platform,Sports Data & Analytics,Sports Data & Analytics,Global / verify,"Sports data, performance analytics, video intelligence, or decision-support technology.",Data / Technology Partner,60,Longlist,High,"Data integration, athlete scoring, performance analytics, or wearable intelligence.",,,,https://www.bing.com/search?q=Track160+official+company+sports,"Candidate identified - verify website, HQ, stage, and contacts before outreach",2026-08-06,Name/category curated for ecosystem mapping; blank fields intentionally require confirmation.
ST-0125,TrackMan,Company / Brand / Platform,Sports Data & Analytics,Sports Data & Analytics,Global / verify,"Sports data, performance analytics, video intelligence, or decision-support technology.",Data / Technology Partner,60,Longlist,High,"Data integration, athlete scoring, performance analytics, or wearable intelligence.",,,,https://www.bing.com/search?q=TrackMan+official+company+sports,"Candidate identified - verify website, HQ, stage, and contacts before outreach",2026-08-06,Name/category curated for ecosystem mapping; blank fields intentionally require confirmation.
ST-0126,Twelve Football,Company / Brand / Platform,Sports Data & Analytics,Sports Data & Analytics,Global / verify,"Sports data, performance analytics, video intelligence, or decision-support technology.",Data / Technology Partner,60,Longlist,High,"Data integration, athlete scoring, performance analytics, or wearable intelligence.",,,,https://www.bing.com/search?q=Twelve+Football+official+company+sports,"Candidate identified - verify website, HQ, stage, and contacts before outreach",2026-08-06,Name/category curated for ecosystem mapping; blank fields intentionally require confirmation.
ST-0127,Twenty First Group,Company / Brand / Platform,Sports Data & Analytics,Sports Data & Analytics,Global / verify,"Sports data, performance analytics, video intelligence, or decision-support technology.",Data / Technology Partner,60,Longlist,High,"Data integration, athlete scoring, performance analytics, or wearable intelligence.",,,,https://www.bing.com/search?q=Twenty+First+Group+official+company+sports,"Candidate identified - verify website, HQ, stage, and contacts before outreach",2026-08-06,Name/category curated for ecosystem mapping; blank fields intentionally require confirmation.
ST-0128,VALD Performance,Company / Brand / Platform,Sports Data & Analytics,Sports Data & Analytics,Global / verify,"Sports data, performance analytics, video intelligence, or decision-support technology.",Data / Technology Partner,60,Longlist,High,"Data integration, athlete scoring, performance analytics, or wearable intelligence.",,,,https://www.bing.com/search?q=VALD+Performance+official+company+sports,"Candidate identified - verify website, HQ, stage, and contacts before outreach",2026-08-06,Name/category curated for ecosystem mapping; blank fields intentionally require confirmation.
ST-0129,WSC Sports,Company / Brand / Platform,Sports Data & Analytics,Sports Data & Analytics,Global / verify,"Sports data, performance analytics, video intelligence, or decision-support technology.",Data / Technology Partner,60,Longlist,High,"Data integration, athlete scoring, performance analytics, or wearable intelligence.",,,,https://www.bing.com/search?q=WSC+Sports+official+company+sports,"Candidate identified - verify website, HQ, stage, and contacts before outreach",2026-08-06,Name/category curated for ecosystem mapping; blank fields intentionally require confirmation.
ST-0130,Wyscout,Company / Brand / Platform,Sports Data & Analytics,Analytics & Intelligence,Global / verify,"Sports data, performance analytics, video intelligence, or decision-support technology.",Direct / Adjacent Competitor,85,High,High,"Benchmark product, positioning, pricing, datasets, and GTM.",,,,https://www.bing.com/search?q=Wyscout+official+company+sports,"Candidate identified - verify website, HQ, stage, and contacts before outreach",2026-08-06,Name/category curated for ecosystem mapping; blank fields intentionally require confirmation.
ST-0131,Zebra Technologies,Company / Brand / Platform,Sports Data & Analytics,Sports Data & Analytics,Global / verify,"Sports data, performance analytics, video intelligence, or decision-support technology.",Data / Technology Partner,60,Longlist,High,"Data integration, athlete scoring, performance analytics, or wearable intelligence.",,,,https://www.bing.com/search?q=Zebra+Technologies+official+company+sports,"Candidate identified - verify website, HQ, stage, and contacts before outreach",2026-08-06,Name/category curated for ecosystem mapping; blank fields intentionally require confirmation.
ST-0132,Zone7,Company / Brand / Platform,Sports Data & Analytics,Sports Data & Analytics,Global / verify,"Sports data, performance analytics, video intelligence, or decision-support technology.",Data / Technology Partner,60,Longlist,High,"Data integration, athlete scoring, performance analytics, or wearable intelligence.",,,,https://www.bing.com/search?q=Zone7+official+company+sports,"Candidate identified - verify website, HQ, stage, and contacts before outreach",2026-08-06,Name/category curated for ecosystem mapping; blank fields intentionally require confirmation.
ST-0133,Abhinav Bindra Targeting Performance,Company / Brand / Platform,"Athlete Platforms, Scouting & Sponsorship",Athlete Platforms,Global / verify,"Athlete discovery, digital profiles, scouting, sponsorship, or team workflow platform.",Potential Partner / Customer,60,Longlist,High,"Partnership, customer discovery, integrations, or ecosystem access.",,,,https://www.bing.com/search?q=Abhinav+Bindra+Targeting+Performance+official+company+sports,"Candidate identified - verify website, HQ, stage, and contacts before outreach",2026-08-06,Name/category curated for ecosystem mapping; blank fields intentionally require confirmation.
ST-0134,ArbiterSports,Company / Brand / Platform,"Athlete Platforms, Scouting & Sponsorship",Athlete Platforms,Global / verify,"Athlete discovery, digital profiles, scouting, sponsorship, or team workflow platform.",Potential Partner / Customer,60,Longlist,High,"Partnership, customer discovery, integrations, or ecosystem access.",,,,https://www.bing.com/search?q=ArbiterSports+official+company+sports,"Candidate identified - verify website, HQ, stage, and contacts before outreach",2026-08-06,Name/category curated for ecosystem mapping; blank fields intentionally require confirmation.
ST-0135,Athlete Data Company,Company / Brand / Platform,"Athlete Platforms, Scouting & Sponsorship",Analytics & Intelligence,Global / verify,"Athlete discovery, digital profiles, scouting, sponsorship, or team workflow platform.",Direct / Adjacent Competitor,85,High,High,"Benchmark product, positioning, pricing, datasets, and GTM.",,,,https://www.bing.com/search?q=Athlete+Data+Company+official+company+sports,"Candidate identified - verify website, HQ, stage, and contacts before outreach",2026-08-06,Name/category curated for ecosystem mapping; blank fields intentionally require confirmation.
ST-0136,Athlete Lab,Company / Brand / Platform,"Athlete Platforms, Scouting & Sponsorship",Athlete Platforms,Global / verify,"Athlete discovery, digital profiles, scouting, sponsorship, or team workflow platform.",Potential Partner / Customer,60,Longlist,High,"Partnership, customer discovery, integrations, or ecosystem access.",,,,https://www.bing.com/search?q=Athlete+Lab+official+company+sports,"Candidate identified - verify website, HQ, stage, and contacts before outreach",2026-08-06,Name/category curated for ecosystem mapping; blank fields intentionally require confirmation.
ST-0137,Athlete365,Company / Brand / Platform,"Athlete Platforms, Scouting & Sponsorship",Athlete Platforms,Global / verify,"Athlete discovery, digital profiles, scouting, sponsorship, or team workflow platform.",Potential Partner / Customer,60,Longlist,High,"Partnership, customer discovery, integrations, or ecosystem access.",,,,https://www.bing.com/search?q=Athlete365+official+company+sports,"Candidate identified - verify website, HQ, stage, and contacts before outreach",2026-08-06,Name/category curated for ecosystem mapping; blank fields intentionally require confirmation.
ST-0138,AthletesGoLive,Company / Brand / Platform,"Athlete Platforms, Scouting & Sponsorship",Athlete Platforms,Global / verify,"Athlete discovery, digital profiles, scouting, sponsorship, or team workflow platform.",Potential Partner / Customer,60,Longlist,High,"Partnership, customer discovery, integrations, or ecosystem access.",,,,https://www.bing.com/search?q=AthletesGoLive+official+company+sports,"Candidate identified - verify website, HQ, stage, and contacts before outreach",2026-08-06,Name/category curated for ecosystem mapping; blank fields intentionally require confirmation.
ST-0139,Ballogy,Company / Brand / Platform,"Athlete Platforms, Scouting & Sponsorship",Athlete Platforms,Global / verify,"Athlete discovery, digital profiles, scouting, sponsorship, or team workflow platform.",Potential Partner / Customer,60,Longlist,High,"Partnership, customer discovery, integrations, or ecosystem access.",,,,https://www.bing.com/search?q=Ballogy+official+company+sports,"Candidate identified - verify website, HQ, stage, and contacts before outreach",2026-08-06,Name/category curated for ecosystem mapping; blank fields intentionally require confirmation.
ST-0140,BeRecruited,Company / Brand / Platform,"Athlete Platforms, Scouting & Sponsorship",Athlete Platforms,Global / verify,"Athlete discovery, digital profiles, scouting, sponsorship, or team workflow platform.",Potential Partner / Customer,60,Longlist,High,"Partnership, customer discovery, integrations, or ecosystem access.",,,,https://www.bing.com/search?q=BeRecruited+official+company+sports,"Candidate identified - verify website, HQ, stage, and contacts before outreach",2026-08-06,Name/category curated for ecosystem mapping; blank fields intentionally require confirmation.
ST-0141,Blinkfire Analytics,Company / Brand / Platform,"Athlete Platforms, Scouting & Sponsorship",Analytics & Intelligence,Global / verify,"Athlete discovery, digital profiles, scouting, sponsorship, or team workflow platform.",Potential Partner / Customer,60,Longlist,High,"Partnership, customer discovery, integrations, or ecosystem access.",,,,https://www.bing.com/search?q=Blinkfire+Analytics+official+company+sports,"Candidate identified - verify website, HQ, stage, and contacts before outreach",2026-08-06,Name/category curated for ecosystem mapping; blank fields intentionally require confirmation.
ST-0142,BridgeAthletic,Company / Brand / Platform,"Athlete Platforms, Scouting & Sponsorship",Athlete Platforms,Global / verify,"Athlete discovery, digital profiles, scouting, sponsorship, or team workflow platform.",Potential Partner / Customer,60,Longlist,High,"Partnership, customer discovery, integrations, or ecosystem access.",,,,https://www.bing.com/search?q=BridgeAthletic+official+company+sports,"Candidate identified - verify website, HQ, stage, and contacts before outreach",2026-08-06,Name/category curated for ecosystem mapping; blank fields intentionally require confirmation.
ST-0143,CaptainU,Company / Brand / Platform,"Athlete Platforms, Scouting & Sponsorship",Athlete Platforms,Global / verify,"Athlete discovery, digital profiles, scouting, sponsorship, or team workflow platform.",Potential Partner / Customer,60,Longlist,High,"Partnership, customer discovery, integrations, or ecosystem access.",,,,https://www.bing.com/search?q=CaptainU+official+company+sports,"Candidate identified - verify website, HQ, stage, and contacts before outreach",2026-08-06,Name/category curated for ecosystem mapping; blank fields intentionally require confirmation.
ST-0144,CoachMePlus,Company / Brand / Platform,"Athlete Platforms, Scouting & Sponsorship",Coaching & Fitness,Global / verify,"Athlete discovery, digital profiles, scouting, sponsorship, or team workflow platform.",Potential Partner / Customer,60,Longlist,High,"Partnership, customer discovery, integrations, or ecosystem access.",,,,https://www.bing.com/search?q=CoachMePlus+official+company+sports,"Candidate identified - verify website, HQ, stage, and contacts before outreach",2026-08-06,Name/category curated for ecosystem mapping; blank fields intentionally require confirmation.
ST-0145,CoachNow,Company / Brand / Platform,"Athlete Platforms, Scouting & Sponsorship",Coaching & Fitness,Global / verify,"Athlete discovery, digital profiles, scouting, sponsorship, or team workflow platform.",Potential Partner / Customer,60,Longlist,High,"Partnership, customer discovery, integrations, or ecosystem access.",,,,https://www.bing.com/search?q=CoachNow+official+company+sports,"Candidate identified - verify website, HQ, stage, and contacts before outreach",2026-08-06,Name/category curated for ecosystem mapping; blank fields intentionally require confirmation.
ST-0146,Dream Sports Foundation,Company / Brand / Platform,"Athlete Platforms, Scouting & Sponsorship",Athlete Platforms,Global / verify,"Athlete discovery, digital profiles, scouting, sponsorship, or team workflow platform.",Potential Partner / Customer,60,Longlist,High,"Partnership, customer discovery, integrations, or ecosystem access.",,,,https://www.bing.com/search?q=Dream+Sports+Foundation+official+company+sports,"Candidate identified - verify website, HQ, stage, and contacts before outreach",2026-08-06,Name/category curated for ecosystem mapping; blank fields intentionally require confirmation.
ST-0147,Elevent,Company / Brand / Platform,"Athlete Platforms, Scouting & Sponsorship",Events & Venues,Global / verify,"Athlete discovery, digital profiles, scouting, sponsorship, or team workflow platform.",Potential Partner / Customer,60,Longlist,High,"Partnership, customer discovery, integrations, or ecosystem access.",,,,https://www.bing.com/search?q=Elevent+official+company+sports,"Candidate identified - verify website, HQ, stage, and contacts before outreach",2026-08-06,Name/category curated for ecosystem mapping; blank fields intentionally require confirmation.
ST-0148,Eyeball.Club,Company / Brand / Platform,"Athlete Platforms, Scouting & Sponsorship",Athlete Platforms,Global / verify,"Athlete discovery, digital profiles, scouting, sponsorship, or team workflow platform.",Potential Partner / Customer,60,Longlist,High,"Partnership, customer discovery, integrations, or ecosystem access.",,,,https://www.bing.com/search?q=Eyeball.Club+official+company+sports,"Candidate identified - verify website, HQ, stage, and contacts before outreach",2026-08-06,Name/category curated for ecosystem mapping; blank fields intentionally require confirmation.
ST-0149,FastModel Sports,Company / Brand / Platform,"Athlete Platforms, Scouting & Sponsorship",Athlete Platforms,Global / verify,"Athlete discovery, digital profiles, scouting, sponsorship, or team workflow platform.",Potential Partner / Customer,60,Longlist,High,"Partnership, customer discovery, integrations, or ecosystem access.",,,,https://www.bing.com/search?q=FastModel+Sports+official+company+sports,"Candidate identified - verify website, HQ, stage, and contacts before outreach",2026-08-06,Name/category curated for ecosystem mapping; blank fields intentionally require confirmation.
ST-0150,FieldLevel,Company / Brand / Platform,"Athlete Platforms, Scouting & Sponsorship",Athlete Platforms,Global / verify,"Athlete discovery, digital profiles, scouting, sponsorship, or team workflow platform.",Direct / Adjacent Competitor,85,High,High,"Benchmark product, positioning, pricing, datasets, and GTM.",,,,https://www.bing.com/search?q=FieldLevel+official+company+sports,"Candidate identified - verify website, HQ, stage, and contacts before outreach",2026-08-06,Name/category curated for ecosystem mapping; blank fields intentionally require confirmation.
ST-0151,Fieldoo,Company / Brand / Platform,"Athlete Platforms, Scouting & Sponsorship",Athlete Platforms,Global / verify,"Athlete discovery, digital profiles, scouting, sponsorship, or team workflow platform.",Potential Partner / Customer,60,Longlist,High,"Partnership, customer discovery, integrations, or ecosystem access.",,,,https://www.bing.com/search?q=Fieldoo+official+company+sports,"Candidate identified - verify website, HQ, stage, and contacts before outreach",2026-08-06,Name/category curated for ecosystem mapping; blank fields intentionally require confirmation.
ST-0152,Futbol Sites,Company / Brand / Platform,"Athlete Platforms, Scouting & Sponsorship",Athlete Platforms,Global / verify,"Athlete discovery, digital profiles, scouting, sponsorship, or team workflow platform.",Potential Partner / Customer,60,Longlist,High,"Partnership, customer discovery, integrations, or ecosystem access.",,,,https://www.bing.com/search?q=Futbol+Sites+official+company+sports,"Candidate identified - verify website, HQ, stage, and contacts before outreach",2026-08-06,Name/category curated for ecosystem mapping; blank fields intentionally require confirmation.
ST-0153,GameChanger,Company / Brand / Platform,"Athlete Platforms, Scouting & Sponsorship",Athlete Platforms,Global / verify,"Athlete discovery, digital profiles, scouting, sponsorship, or team workflow platform.",Potential Partner / Customer,60,Longlist,High,"Partnership, customer discovery, integrations, or ecosystem access.",,,,https://www.bing.com/search?q=GameChanger+official+company+sports,"Candidate identified - verify website, HQ, stage, and contacts before outreach",2026-08-06,Name/category curated for ecosystem mapping; blank fields intentionally require confirmation.
ST-0154,Global Athlete,Company / Brand / Platform,"Athlete Platforms, Scouting & Sponsorship",Athlete Platforms,Global / verify,"Athlete discovery, digital profiles, scouting, sponsorship, or team workflow platform.",Potential Partner / Customer,60,Longlist,High,"Partnership, customer discovery, integrations, or ecosystem access.",,,,https://www.bing.com/search?q=Global+Athlete+official+company+sports,"Candidate identified - verify website, HQ, stage, and contacts before outreach",2026-08-06,Name/category curated for ecosystem mapping; blank fields intentionally require confirmation.
ST-0155,Global Sports Archive,Company / Brand / Platform,"Athlete Platforms, Scouting & Sponsorship",Athlete Platforms,Global / verify,"Athlete discovery, digital profiles, scouting, sponsorship, or team workflow platform.",Potential Partner / Customer,60,Longlist,High,"Partnership, customer discovery, integrations, or ecosystem access.",,,,https://www.bing.com/search?q=Global+Sports+Archive+official+company+sports,"Candidate identified - verify website, HQ, stage, and contacts before outreach",2026-08-06,Name/category curated for ecosystem mapping; blank fields intentionally require confirmation.
ST-0156,GMTM,Company / Brand / Platform,"Athlete Platforms, Scouting & Sponsorship",Athlete Platforms,Global / verify,"Athlete discovery, digital profiles, scouting, sponsorship, or team workflow platform.",Direct / Adjacent Competitor,85,High,High,"Benchmark product, positioning, pricing, datasets, and GTM.",,,,https://www.bing.com/search?q=GMTM+official+company+sports,"Candidate identified - verify website, HQ, stage, and contacts before outreach",2026-08-06,Name/category curated for ecosystem mapping; blank fields intentionally require confirmation.
ST-0157,GoSports Foundation,Company / Brand / Platform,"Athlete Platforms, Scouting & Sponsorship",Athlete Platforms,Global / verify,"Athlete discovery, digital profiles, scouting, sponsorship, or team workflow platform.",Potential Partner / Customer,60,Longlist,High,"Partnership, customer discovery, integrations, or ecosystem access.",,,,https://www.bing.com/search?q=GoSports+Foundation+official+company+sports,"Candidate identified - verify website, HQ, stage, and contacts before outreach",2026-08-06,Name/category curated for ecosystem mapping; blank fields intentionally require confirmation.
ST-0158,Greenfly,Company / Brand / Platform,"Athlete Platforms, Scouting & Sponsorship",Athlete Platforms,Global / verify,"Athlete discovery, digital profiles, scouting, sponsorship, or team workflow platform.",Potential Partner / Customer,60,Longlist,High,"Partnership, customer discovery, integrations, or ecosystem access.",,,,https://www.bing.com/search?q=Greenfly+official+company+sports,"Candidate identified - verify website, HQ, stage, and contacts before outreach",2026-08-06,Name/category curated for ecosystem mapping; blank fields intentionally require confirmation.
ST-0159,GumGum Sports,Company / Brand / Platform,"Athlete Platforms, Scouting & Sponsorship",Athlete Platforms,Global / verify,"Athlete discovery, digital profiles, scouting, sponsorship, or team workflow platform.",Potential Partner / Customer,60,Longlist,High,"Partnership, customer discovery, integrations, or ecosystem access.",,,,https://www.bing.com/search?q=GumGum+Sports+official+company+sports,"Candidate identified - verify website, HQ, stage, and contacts before outreach",2026-08-06,Name/category curated for ecosystem mapping; blank fields intentionally require confirmation.
ST-0160,Hookit,Company / Brand / Platform,"Athlete Platforms, Scouting & Sponsorship",Athlete Platforms,Global / verify,"Athlete discovery, digital profiles, scouting, sponsorship, or team workflow platform.",Potential Partner / Customer,60,Longlist,High,"Partnership, customer discovery, integrations, or ecosystem access.",,,,https://www.bing.com/search?q=Hookit+official+company+sports,"Candidate identified - verify website, HQ, stage, and contacts before outreach",2026-08-06,Name/category curated for ecosystem mapping; blank fields intentionally require confirmation.
ST-0161,Hudle,Company / Brand / Platform,"Athlete Platforms, Scouting & Sponsorship",Analytics & Intelligence,India,"Athlete discovery, digital profiles, scouting, sponsorship, or team workflow platform.",Direct / Adjacent Competitor,100,High,High,"Benchmark product, positioning, pricing, datasets, and GTM.",,,,https://www.bing.com/search?q=Hudle+official+company+sports,"Candidate identified - verify website, HQ, stage, and contacts before outreach",2026-08-06,Name/category curated for ecosystem mapping; blank fields intentionally require confirmation.
ST-0162,IndiaSports,Company / Brand / Platform,"Athlete Platforms, Scouting & Sponsorship",Athlete Platforms,Global / verify,"Athlete discovery, digital profiles, scouting, sponsorship, or team workflow platform.",Potential Partner / Customer,60,Longlist,High,"Partnership, customer discovery, integrations, or ecosystem access.",,,,https://www.bing.com/search?q=IndiaSports+official+company+sports,"Candidate identified - verify website, HQ, stage, and contacts before outreach",2026-08-06,Name/category curated for ecosystem mapping; blank fields intentionally require confirmation.
ST-0163,INFLCR,Company / Brand / Platform,"Athlete Platforms, Scouting & Sponsorship",Sponsorship,Global / verify,"Athlete discovery, digital profiles, scouting, sponsorship, or team workflow platform.",Direct / Adjacent Competitor,85,High,High,"Benchmark product, positioning, pricing, datasets, and GTM.",,,,https://www.bing.com/search?q=INFLCR+official+company+sports,"Candidate identified - verify website, HQ, stage, and contacts before outreach",2026-08-06,Name/category curated for ecosystem mapping; blank fields intentionally require confirmation.
ST-0164,JSW Sports,Company / Brand / Platform,"Athlete Platforms, Scouting & Sponsorship",Athlete Platforms,India,"Athlete discovery, digital profiles, scouting, sponsorship, or team workflow platform.",Potential Partner / Customer,75,Medium,High,"Partnership, customer discovery, integrations, or ecosystem access.",,,,https://www.bing.com/search?q=JSW+Sports+official+company+sports,"Candidate identified - verify website, HQ, stage, and contacts before outreach",2026-08-06,Name/category curated for ecosystem mapping; blank fields intentionally require confirmation.
ST-0165,Khelo India Digital,Company / Brand / Platform,"Athlete Platforms, Scouting & Sponsorship",Athlete Platforms,Global / verify,"Athlete discovery, digital profiles, scouting, sponsorship, or team workflow platform.",Potential Partner / Customer,60,Longlist,High,"Partnership, customer discovery, integrations, or ecosystem access.",,,,https://www.bing.com/search?q=Khelo+India+Digital+official+company+sports,"Candidate identified - verify website, HQ, stage, and contacts before outreach",2026-08-06,Name/category curated for ecosystem mapping; blank fields intentionally require confirmation.
ST-0166,KIBI Sports,Company / Brand / Platform,"Athlete Platforms, Scouting & Sponsorship",Athlete Platforms,India,"Athlete discovery, digital profiles, scouting, sponsorship, or team workflow platform.",Direct / Adjacent Competitor,100,High,High,"Benchmark product, positioning, pricing, datasets, and GTM.",,,,https://www.bing.com/search?q=KIBI+Sports+official+company+sports,"Candidate identified - verify website, HQ, stage, and contacts before outreach",2026-08-06,Name/category curated for ecosystem mapping; blank fields intentionally require confirmation.
ST-0167,Koooh Sports,Company / Brand / Platform,"Athlete Platforms, Scouting & Sponsorship",Athlete Platforms,India,"Athlete discovery, digital profiles, scouting, sponsorship, or team workflow platform.",Potential Partner / Customer,75,Medium,High,"Partnership, customer discovery, integrations, or ecosystem access.",,,,https://www.bing.com/search?q=Koooh+Sports+official+company+sports,"Candidate identified - verify website, HQ, stage, and contacts before outreach",2026-08-06,Name/category curated for ecosystem mapping; blank fields intentionally require confirmation.
ST-0168,KORE Software,Company / Brand / Platform,"Athlete Platforms, Scouting & Sponsorship",Athlete Platforms,Global / verify,"Athlete discovery, digital profiles, scouting, sponsorship, or team workflow platform.",Potential Partner / Customer,60,Longlist,High,"Partnership, customer discovery, integrations, or ecosystem access.",,,,https://www.bing.com/search?q=KORE+Software+official+company+sports,"Candidate identified - verify website, HQ, stage, and contacts before outreach",2026-08-06,Name/category curated for ecosystem mapping; blank fields intentionally require confirmation.
ST-0169,LeagueApps,Company / Brand / Platform,"Athlete Platforms, Scouting & Sponsorship",Athlete Platforms,Global / verify,"Athlete discovery, digital profiles, scouting, sponsorship, or team workflow platform.",Potential Partner / Customer,60,Longlist,High,"Partnership, customer discovery, integrations, or ecosystem access.",,,,https://www.bing.com/search?q=LeagueApps+official+company+sports,"Candidate identified - verify website, HQ, stage, and contacts before outreach",2026-08-06,Name/category curated for ecosystem mapping; blank fields intentionally require confirmation.
ST-0170,MarketPryce,Company / Brand / Platform,"Athlete Platforms, Scouting & Sponsorship",Sponsorship,Global / verify,"Athlete discovery, digital profiles, scouting, sponsorship, or team workflow platform.",Direct / Adjacent Competitor,85,High,High,"Benchmark product, positioning, pricing, datasets, and GTM.",,,,https://www.bing.com/search?q=MarketPryce+official+company+sports,"Candidate identified - verify website, HQ, stage, and contacts before outreach",2026-08-06,Name/category curated for ecosystem mapping; blank fields intentionally require confirmation.
ST-0171,MaxPreps,Company / Brand / Platform,"Athlete Platforms, Scouting & Sponsorship",Athlete Platforms,Global / verify,"Athlete discovery, digital profiles, scouting, sponsorship, or team workflow platform.",Potential Partner / Customer,60,Longlist,High,"Partnership, customer discovery, integrations, or ecosystem access.",,,,https://www.bing.com/search?q=MaxPreps+official+company+sports,"Candidate identified - verify website, HQ, stage, and contacts before outreach",2026-08-06,Name/category curated for ecosystem mapping; blank fields intentionally require confirmation.
ST-0172,MOGL,Company / Brand / Platform,"Athlete Platforms, Scouting & Sponsorship",Athlete Platforms,Global / verify,"Athlete discovery, digital profiles, scouting, sponsorship, or team workflow platform.",Potential Partner / Customer,60,Longlist,High,"Partnership, customer discovery, integrations, or ecosystem access.",,,,https://www.bing.com/search?q=MOGL+official+company+sports,"Candidate identified - verify website, HQ, stage, and contacts before outreach",2026-08-06,Name/category curated for ecosystem mapping; blank fields intentionally require confirmation.
ST-0173,NCSA College Recruiting,Company / Brand / Platform,"Athlete Platforms, Scouting & Sponsorship",Athlete Platforms,Global / verify,"Athlete discovery, digital profiles, scouting, sponsorship, or team workflow platform.",Potential Partner / Customer,60,Longlist,High,"Partnership, customer discovery, integrations, or ecosystem access.",,,,https://www.bing.com/search?q=NCSA+College+Recruiting+official+company+sports,"Candidate identified - verify website, HQ, stage, and contacts before outreach",2026-08-06,Name/category curated for ecosystem mapping; blank fields intentionally require confirmation.
ST-0174,Next College Student Athlete,Company / Brand / Platform,"Athlete Platforms, Scouting & Sponsorship",Athlete Platforms,Global / verify,"Athlete discovery, digital profiles, scouting, sponsorship, or team workflow platform.",Potential Partner / Customer,60,Longlist,High,"Partnership, customer discovery, integrations, or ecosystem access.",,,,https://www.bing.com/search?q=Next+College+Student+Athlete+official+company+sports,"Candidate identified - verify website, HQ, stage, and contacts before outreach",2026-08-06,Name/category curated for ecosystem mapping; blank fields intentionally require confirmation.
ST-0175,OGQ,Company / Brand / Platform,"Athlete Platforms, Scouting & Sponsorship",Athlete Platforms,Global / verify,"Athlete discovery, digital profiles, scouting, sponsorship, or team workflow platform.",Potential Partner / Customer,60,Longlist,High,"Partnership, customer discovery, integrations, or ecosystem access.",,,,https://www.bing.com/search?q=OGQ+official+company+sports,"Candidate identified - verify website, HQ, stage, and contacts before outreach",2026-08-06,Name/category curated for ecosystem mapping; blank fields intentionally require confirmation.
ST-0176,Opendorse,Company / Brand / Platform,"Athlete Platforms, Scouting & Sponsorship",Sponsorship,Global / verify,"Athlete discovery, digital profiles, scouting, sponsorship, or team workflow platform.",Direct / Adjacent Competitor,85,High,High,"Benchmark product, positioning, pricing, datasets, and GTM.",,,,https://www.bing.com/search?q=Opendorse+official+company+sports,"Candidate identified - verify website, HQ, stage, and contacts before outreach",2026-08-06,Name/category curated for ecosystem mapping; blank fields intentionally require confirmation.
ST-0177,OpenSponsorship,Company / Brand / Platform,"Athlete Platforms, Scouting & Sponsorship",Sponsorship,Global / verify,"Athlete discovery, digital profiles, scouting, sponsorship, or team workflow platform.",Direct / Adjacent Competitor,85,High,High,"Benchmark product, positioning, pricing, datasets, and GTM.",,,,https://www.bing.com/search?q=OpenSponsorship+official+company+sports,"Candidate identified - verify website, HQ, stage, and contacts before outreach",2026-08-06,Name/category curated for ecosystem mapping; blank fields intentionally require confirmation.
ST-0178,PlayerLync,Company / Brand / Platform,"Athlete Platforms, Scouting & Sponsorship",Athlete Platforms,Global / verify,"Athlete discovery, digital profiles, scouting, sponsorship, or team workflow platform.",Potential Partner / Customer,60,Longlist,High,"Partnership, customer discovery, integrations, or ecosystem access.",,,,https://www.bing.com/search?q=PlayerLync+official+company+sports,"Candidate identified - verify website, HQ, stage, and contacts before outreach",2026-08-06,Name/category curated for ecosystem mapping; blank fields intentionally require confirmation.
ST-0179,PlayMetrics,Company / Brand / Platform,"Athlete Platforms, Scouting & Sponsorship",Athlete Platforms,Global / verify,"Athlete discovery, digital profiles, scouting, sponsorship, or team workflow platform.",Potential Partner / Customer,60,Longlist,High,"Partnership, customer discovery, integrations, or ecosystem access.",,,,https://www.bing.com/search?q=PlayMetrics+official+company+sports,"Candidate identified - verify website, HQ, stage, and contacts before outreach",2026-08-06,Name/category curated for ecosystem mapping; blank fields intentionally require confirmation.
ST-0180,Playo,Company / Brand / Platform,"Athlete Platforms, Scouting & Sponsorship",Events & Venues,Global / verify,"Athlete discovery, digital profiles, scouting, sponsorship, or team workflow platform.",Direct / Adjacent Competitor,85,High,High,"Benchmark product, positioning, pricing, datasets, and GTM.",,,,https://www.bing.com/search?q=Playo+official+company+sports,"Candidate identified - verify website, HQ, stage, and contacts before outreach",2026-08-06,Name/category curated for ecosystem mapping; blank fields intentionally require confirmation.
ST-0181,Reliance Foundation Youth Sports,Company / Brand / Platform,"Athlete Platforms, Scouting & Sponsorship",Athlete Platforms,Global / verify,"Athlete discovery, digital profiles, scouting, sponsorship, or team workflow platform.",Potential Partner / Customer,60,Longlist,High,"Partnership, customer discovery, integrations, or ecosystem access.",,,,https://www.bing.com/search?q=Reliance+Foundation+Youth+Sports+official+company+sports,"Candidate identified - verify website, HQ, stage, and contacts before outreach",2026-08-06,Name/category curated for ecosystem mapping; blank fields intentionally require confirmation.
ST-0182,Relo Metrics,Company / Brand / Platform,"Athlete Platforms, Scouting & Sponsorship",Athlete Platforms,Global / verify,"Athlete discovery, digital profiles, scouting, sponsorship, or team workflow platform.",Potential Partner / Customer,60,Longlist,High,"Partnership, customer discovery, integrations, or ecosystem access.",,,,https://www.bing.com/search?q=Relo+Metrics+official+company+sports,"Candidate identified - verify website, HQ, stage, and contacts before outreach",2026-08-06,Name/category curated for ecosystem mapping; blank fields intentionally require confirmation.
ST-0183,Rule42 Sports Technology Group,Company / Brand / Platform,"Athlete Platforms, Scouting & Sponsorship",Athlete Platforms,Global / verify,"Athlete discovery, digital profiles, scouting, sponsorship, or team workflow platform.",Direct / Adjacent Competitor,85,High,High,"Benchmark product, positioning, pricing, datasets, and GTM.",,,,https://www.bing.com/search?q=Rule42+Sports+Technology+Group+official+company+sports,"Candidate identified - verify website, HQ, stage, and contacts before outreach",2026-08-06,Name/category curated for ecosystem mapping; blank fields intentionally require confirmation.
ST-0184,Scorability,Company / Brand / Platform,"Athlete Platforms, Scouting & Sponsorship",Athlete Platforms,Global / verify,"Athlete discovery, digital profiles, scouting, sponsorship, or team workflow platform.",Potential Partner / Customer,60,Longlist,High,"Partnership, customer discovery, integrations, or ecosystem access.",,,,https://www.bing.com/search?q=Scorability+official+company+sports,"Candidate identified - verify website, HQ, stage, and contacts before outreach",2026-08-06,Name/category curated for ecosystem mapping; blank fields intentionally require confirmation.
ST-0185,Scoutium,Company / Brand / Platform,"Athlete Platforms, Scouting & Sponsorship",Athlete Platforms,Global / verify,"Athlete discovery, digital profiles, scouting, sponsorship, or team workflow platform.",Direct / Adjacent Competitor,85,High,High,"Benchmark product, positioning, pricing, datasets, and GTM.",,,,https://www.bing.com/search?q=Scoutium+official+company+sports,"Candidate identified - verify website, HQ, stage, and contacts before outreach",2026-08-06,Name/category curated for ecosystem mapping; blank fields intentionally require confirmation.
ST-0186,Simply Sport Foundation,Company / Brand / Platform,"Athlete Platforms, Scouting & Sponsorship",Athlete Platforms,Global / verify,"Athlete discovery, digital profiles, scouting, sponsorship, or team workflow platform.",Potential Partner / Customer,60,Longlist,High,"Partnership, customer discovery, integrations, or ecosystem access.",,,,https://www.bing.com/search?q=Simply+Sport+Foundation+official+company+sports,"Candidate identified - verify website, HQ, stage, and contacts before outreach",2026-08-06,Name/category curated for ecosystem mapping; blank fields intentionally require confirmation.
ST-0187,Soccerment,Company / Brand / Platform,"Athlete Platforms, Scouting & Sponsorship",Athlete Platforms,Global / verify,"Athlete discovery, digital profiles, scouting, sponsorship, or team workflow platform.",Potential Partner / Customer,60,Longlist,High,"Partnership, customer discovery, integrations, or ecosystem access.",,,,https://www.bing.com/search?q=Soccerment+official+company+sports,"Candidate identified - verify website, HQ, stage, and contacts before outreach",2026-08-06,Name/category curated for ecosystem mapping; blank fields intentionally require confirmation.
ST-0188,SponServe,Company / Brand / Platform,"Athlete Platforms, Scouting & Sponsorship",Athlete Platforms,Global / verify,"Athlete discovery, digital profiles, scouting, sponsorship, or team workflow platform.",Potential Partner / Customer,60,Longlist,High,"Partnership, customer discovery, integrations, or ecosystem access.",,,,https://www.bing.com/search?q=SponServe+official+company+sports,"Candidate identified - verify website, HQ, stage, and contacts before outreach",2026-08-06,Name/category curated for ecosystem mapping; blank fields intentionally require confirmation.
ST-0189,SponsorCX,Company / Brand / Platform,"Athlete Platforms, Scouting & Sponsorship",Sponsorship,Global / verify,"Athlete discovery, digital profiles, scouting, sponsorship, or team workflow platform.",Potential Partner / Customer,60,Longlist,High,"Partnership, customer discovery, integrations, or ecosystem access.",,,,https://www.bing.com/search?q=SponsorCX+official+company+sports,"Candidate identified - verify website, HQ, stage, and contacts before outreach",2026-08-06,Name/category curated for ecosystem mapping; blank fields intentionally require confirmation.
ST-0190,SponsorPitch,Company / Brand / Platform,"Athlete Platforms, Scouting & Sponsorship",Sponsorship,Global / verify,"Athlete discovery, digital profiles, scouting, sponsorship, or team workflow platform.",Potential Partner / Customer,60,Longlist,High,"Partnership, customer discovery, integrations, or ecosystem access.",,,,https://www.bing.com/search?q=SponsorPitch+official+company+sports,"Candidate identified - verify website, HQ, stage, and contacts before outreach",2026-08-06,Name/category curated for ecosystem mapping; blank fields intentionally require confirmation.
ST-0191,Sponsorpulse,Company / Brand / Platform,"Athlete Platforms, Scouting & Sponsorship",Sponsorship,Global / verify,"Athlete discovery, digital profiles, scouting, sponsorship, or team workflow platform.",Potential Partner / Customer,60,Longlist,High,"Partnership, customer discovery, integrations, or ecosystem access.",,,,https://www.bing.com/search?q=Sponsorpulse+official+company+sports,"Candidate identified - verify website, HQ, stage, and contacts before outreach",2026-08-06,Name/category curated for ecosystem mapping; blank fields intentionally require confirmation.
ST-0192,SponsorUnited,Company / Brand / Platform,"Athlete Platforms, Scouting & Sponsorship",Sponsorship,Global / verify,"Athlete discovery, digital profiles, scouting, sponsorship, or team workflow platform.",Direct / Adjacent Competitor,85,High,High,"Benchmark product, positioning, pricing, datasets, and GTM.",,,,https://www.bing.com/search?q=SponsorUnited+official+company+sports,"Candidate identified - verify website, HQ, stage, and contacts before outreach",2026-08-06,Name/category curated for ecosystem mapping; blank fields intentionally require confirmation.
ST-0193,Sporthood,Company / Brand / Platform,"Athlete Platforms, Scouting & Sponsorship",Athlete Platforms,India,"Athlete discovery, digital profiles, scouting, sponsorship, or team workflow platform.",Potential Partner / Customer,75,Medium,High,"Partnership, customer discovery, integrations, or ecosystem access.",,,,https://www.bing.com/search?q=Sporthood+official+company+sports,"Candidate identified - verify website, HQ, stage, and contacts before outreach",2026-08-06,Name/category curated for ecosystem mapping; blank fields intentionally require confirmation.
ST-0194,Sports Thread,Company / Brand / Platform,"Athlete Platforms, Scouting & Sponsorship",Athlete Platforms,Global / verify,"Athlete discovery, digital profiles, scouting, sponsorship, or team workflow platform.",Potential Partner / Customer,60,Longlist,High,"Partnership, customer discovery, integrations, or ecosystem access.",,,,https://www.bing.com/search?q=Sports+Thread+official+company+sports,"Candidate identified - verify website, HQ, stage, and contacts before outreach",2026-08-06,Name/category curated for ecosystem mapping; blank fields intentionally require confirmation.
ST-0195,SportsEngine,Company / Brand / Platform,"Athlete Platforms, Scouting & Sponsorship",Athlete Platforms,Global / verify,"Athlete discovery, digital profiles, scouting, sponsorship, or team workflow platform.",Potential Partner / Customer,60,Longlist,High,"Partnership, customer discovery, integrations, or ecosystem access.",,,,https://www.bing.com/search?q=SportsEngine+official+company+sports,"Candidate identified - verify website, HQ, stage, and contacts before outreach",2026-08-06,Name/category curated for ecosystem mapping; blank fields intentionally require confirmation.
ST-0196,SportsHi,Company / Brand / Platform,"Athlete Platforms, Scouting & Sponsorship",Athlete Platforms,Global / verify,"Athlete discovery, digital profiles, scouting, sponsorship, or team workflow platform.",Direct / Adjacent Competitor,85,High,High,"Benchmark product, positioning, pricing, datasets, and GTM.",,,,https://www.bing.com/search?q=SportsHi+official+company+sports,"Candidate identified - verify website, HQ, stage, and contacts before outreach",2026-08-06,Name/category curated for ecosystem mapping; blank fields intentionally require confirmation.
ST-0197,SportsRecruits,Company / Brand / Platform,"Athlete Platforms, Scouting & Sponsorship",Athlete Platforms,Global / verify,"Athlete discovery, digital profiles, scouting, sponsorship, or team workflow platform.",Direct / Adjacent Competitor,85,High,High,"Benchmark product, positioning, pricing, datasets, and GTM.",,,,https://www.bing.com/search?q=SportsRecruits+official+company+sports,"Candidate identified - verify website, HQ, stage, and contacts before outreach",2026-08-06,Name/category curated for ecosystem mapping; blank fields intentionally require confirmation.
ST-0198,SportsTrade,Company / Brand / Platform,"Athlete Platforms, Scouting & Sponsorship",Athlete Platforms,Global / verify,"Athlete discovery, digital profiles, scouting, sponsorship, or team workflow platform.",Potential Partner / Customer,60,Longlist,High,"Partnership, customer discovery, integrations, or ecosystem access.",,,,https://www.bing.com/search?q=SportsTrade+official+company+sports,"Candidate identified - verify website, HQ, stage, and contacts before outreach",2026-08-06,Name/category curated for ecosystem mapping; blank fields intentionally require confirmation.
ST-0199,SportVot,Company / Brand / Platform,"Athlete Platforms, Scouting & Sponsorship",Athlete Platforms,India,"Athlete discovery, digital profiles, scouting, sponsorship, or team workflow platform.",Direct / Adjacent Competitor,100,High,High,"Benchmark product, positioning, pricing, datasets, and GTM.",,,,https://www.bing.com/search?q=SportVot+official+company+sports,"Candidate identified - verify website, HQ, stage, and contacts before outreach",2026-08-06,Name/category curated for ecosystem mapping; blank fields intentionally require confirmation.
ST-0200,SportzVillage,Company / Brand / Platform,"Athlete Platforms, Scouting & Sponsorship",Athlete Platforms,India,"Athlete discovery, digital profiles, scouting, sponsorship, or team workflow platform.",Potential Partner / Customer,75,Medium,High,"Partnership, customer discovery, integrations, or ecosystem access.",,,,https://www.bing.com/search?q=SportzVillage+official+company+sports,"Candidate identified - verify website, HQ, stage, and contacts before outreach",2026-08-06,Name/category curated for ecosystem mapping; blank fields intentionally require confirmation.
ST-0201,Stack Sports,Company / Brand / Platform,"Athlete Platforms, Scouting & Sponsorship",Athlete Platforms,Global / verify,"Athlete discovery, digital profiles, scouting, sponsorship, or team workflow platform.",Potential Partner / Customer,60,Longlist,High,"Partnership, customer discovery, integrations, or ecosystem access.",,,,https://www.bing.com/search?q=Stack+Sports+official+company+sports,"Candidate identified - verify website, HQ, stage, and contacts before outreach",2026-08-06,Name/category curated for ecosystem mapping; blank fields intentionally require confirmation.
ST-0202,TeamBuildr,Company / Brand / Platform,"Athlete Platforms, Scouting & Sponsorship",Athlete Platforms,Global / verify,"Athlete discovery, digital profiles, scouting, sponsorship, or team workflow platform.",Potential Partner / Customer,60,Longlist,High,"Partnership, customer discovery, integrations, or ecosystem access.",,,,https://www.bing.com/search?q=TeamBuildr+official+company+sports,"Candidate identified - verify website, HQ, stage, and contacts before outreach",2026-08-06,Name/category curated for ecosystem mapping; blank fields intentionally require confirmation.
ST-0203,TeamGenius,Company / Brand / Platform,"Athlete Platforms, Scouting & Sponsorship",Athlete Platforms,Global / verify,"Athlete discovery, digital profiles, scouting, sponsorship, or team workflow platform.",Potential Partner / Customer,60,Longlist,High,"Partnership, customer discovery, integrations, or ecosystem access.",,,,https://www.bing.com/search?q=TeamGenius+official+company+sports,"Candidate identified - verify website, HQ, stage, and contacts before outreach",2026-08-06,Name/category curated for ecosystem mapping; blank fields intentionally require confirmation.
ST-0204,TeamSnap,Company / Brand / Platform,"Athlete Platforms, Scouting & Sponsorship",Athlete Platforms,Global / verify,"Athlete discovery, digital profiles, scouting, sponsorship, or team workflow platform.",Direct / Adjacent Competitor,85,High,High,"Benchmark product, positioning, pricing, datasets, and GTM.",,,,https://www.bing.com/search?q=TeamSnap+official+company+sports,"Candidate identified - verify website, HQ, stage, and contacts before outreach",2026-08-06,Name/category curated for ecosystem mapping; blank fields intentionally require confirmation.
ST-0205,Teamworks,Company / Brand / Platform,"Athlete Platforms, Scouting & Sponsorship",Athlete Platforms,Global / verify,"Athlete discovery, digital profiles, scouting, sponsorship, or team workflow platform.",Direct / Adjacent Competitor,85,High,High,"Benchmark product, positioning, pricing, datasets, and GTM.",,,,https://www.bing.com/search?q=Teamworks+official+company+sports,"Candidate identified - verify website, HQ, stage, and contacts before outreach",2026-08-06,Name/category curated for ecosystem mapping; blank fields intentionally require confirmation.
ST-0206,Tonsser,Company / Brand / Platform,"Athlete Platforms, Scouting & Sponsorship",Athlete Platforms,Global / verify,"Athlete discovery, digital profiles, scouting, sponsorship, or team workflow platform.",Direct / Adjacent Competitor,85,High,High,"Benchmark product, positioning, pricing, datasets, and GTM.",,,,https://www.bing.com/search?q=Tonsser+official+company+sports,"Candidate identified - verify website, HQ, stage, and contacts before outreach",2026-08-06,Name/category curated for ecosystem mapping; blank fields intentionally require confirmation.
ST-0207,TrainHeroic,Company / Brand / Platform,"Athlete Platforms, Scouting & Sponsorship",Athlete Platforms,Global / verify,"Athlete discovery, digital profiles, scouting, sponsorship, or team workflow platform.",Potential Partner / Customer,60,Longlist,High,"Partnership, customer discovery, integrations, or ecosystem access.",,,,https://www.bing.com/search?q=TrainHeroic+official+company+sports,"Candidate identified - verify website, HQ, stage, and contacts before outreach",2026-08-06,Name/category curated for ecosystem mapping; blank fields intentionally require confirmation.
ST-0208,Transfermarkt,Company / Brand / Platform,"Athlete Platforms, Scouting & Sponsorship",Athlete Platforms,Global / verify,"Athlete discovery, digital profiles, scouting, sponsorship, or team workflow platform.",Potential Partner / Customer,60,Longlist,High,"Partnership, customer discovery, integrations, or ecosystem access.",,,,https://www.bing.com/search?q=Transfermarkt+official+company+sports,"Candidate identified - verify website, HQ, stage, and contacts before outreach",2026-08-06,Name/category curated for ecosystem mapping; blank fields intentionally require confirmation.
ST-0209,TransferRoom,Company / Brand / Platform,"Athlete Platforms, Scouting & Sponsorship",Athlete Platforms,Global / verify,"Athlete discovery, digital profiles, scouting, sponsorship, or team workflow platform.",Direct / Adjacent Competitor,85,High,High,"Benchmark product, positioning, pricing, datasets, and GTM.",,,,https://www.bing.com/search?q=TransferRoom+official+company+sports,"Candidate identified - verify website, HQ, stage, and contacts before outreach",2026-08-06,Name/category curated for ecosystem mapping; blank fields intentionally require confirmation.
ST-0210,TrueCoach,Company / Brand / Platform,"Athlete Platforms, Scouting & Sponsorship",Coaching & Fitness,Global / verify,"Athlete discovery, digital profiles, scouting, sponsorship, or team workflow platform.",Potential Partner / Customer,60,Longlist,High,"Partnership, customer discovery, integrations, or ecosystem access.",,,,https://www.bing.com/search?q=TrueCoach+official+company+sports,"Candidate identified - verify website, HQ, stage, and contacts before outreach",2026-08-06,Name/category curated for ecosystem mapping; blank fields intentionally require confirmation.
ST-0211,Upper Hand,Company / Brand / Platform,"Athlete Platforms, Scouting & Sponsorship",Athlete Platforms,Global / verify,"Athlete discovery, digital profiles, scouting, sponsorship, or team workflow platform.",Potential Partner / Customer,60,Longlist,High,"Partnership, customer discovery, integrations, or ecosystem access.",,,,https://www.bing.com/search?q=Upper+Hand+official+company+sports,"Candidate identified - verify website, HQ, stage, and contacts before outreach",2026-08-06,Name/category curated for ecosystem mapping; blank fields intentionally require confirmation.
ST-0212,Volt Athletics,Company / Brand / Platform,"Athlete Platforms, Scouting & Sponsorship",Athlete Platforms,Global / verify,"Athlete discovery, digital profiles, scouting, sponsorship, or team workflow platform.",Potential Partner / Customer,60,Longlist,High,"Partnership, customer discovery, integrations, or ecosystem access.",,,,https://www.bing.com/search?q=Volt+Athletics+official+company+sports,"Candidate identified - verify website, HQ, stage, and contacts before outreach",2026-08-06,Name/category curated for ecosystem mapping; blank fields intentionally require confirmation.
ST-0213,Zoomph,Company / Brand / Platform,"Athlete Platforms, Scouting & Sponsorship",Athlete Platforms,Global / verify,"Athlete discovery, digital profiles, scouting, sponsorship, or team workflow platform.",Potential Partner / Customer,60,Longlist,High,"Partnership, customer discovery, integrations, or ecosystem access.",,,,https://www.bing.com/search?q=Zoomph+official+company+sports,"Candidate identified - verify website, HQ, stage, and contacts before outreach",2026-08-06,Name/category curated for ecosystem mapping; blank fields intentionally require confirmation.
ST-0214,1080 Motion,Company / Brand / Platform,"Wearables, Recovery & Sports Science",Wearables,Global / verify,"Wearable sensing, recovery, physiological monitoring, or sports-science technology.",Data / Technology Partner,50,Longlist,High,"Data integration, athlete scoring, performance analytics, or wearable intelligence.",,,,https://www.bing.com/search?q=1080+Motion+official+company+sports,"Candidate identified - verify website, HQ, stage, and contacts before outreach",2026-08-06,Name/category curated for ecosystem mapping; blank fields intentionally require confirmation.
ST-0215,Abbott Libre,Company / Brand / Platform,"Wearables, Recovery & Sports Science",Wearables,Global / verify,"Wearable sensing, recovery, physiological monitoring, or sports-science technology.",Data / Technology Partner,50,Longlist,High,"Data integration, athlete scoring, performance analytics, or wearable intelligence.",,,,https://www.bing.com/search?q=Abbott+Libre+official+company+sports,"Candidate identified - verify website, HQ, stage, and contacts before outreach",2026-08-06,Name/category curated for ecosystem mapping; blank fields intentionally require confirmation.
ST-0216,ActiGraph,Company / Brand / Platform,"Wearables, Recovery & Sports Science",Wearables,Global / verify,"Wearable sensing, recovery, physiological monitoring, or sports-science technology.",Data / Technology Partner,50,Longlist,High,"Data integration, athlete scoring, performance analytics, or wearable intelligence.",,,,https://www.bing.com/search?q=ActiGraph+official+company+sports,"Candidate identified - verify website, HQ, stage, and contacts before outreach",2026-08-06,Name/category curated for ecosystem mapping; blank fields intentionally require confirmation.
ST-0217,Air Relax,Company / Brand / Platform,"Wearables, Recovery & Sports Science",Wearables,Global / verify,"Wearable sensing, recovery, physiological monitoring, or sports-science technology.",Data / Technology Partner,50,Longlist,High,"Data integration, athlete scoring, performance analytics, or wearable intelligence.",,,,https://www.bing.com/search?q=Air+Relax+official+company+sports,"Candidate identified - verify website, HQ, stage, and contacts before outreach",2026-08-06,Name/category curated for ecosystem mapping; blank fields intentionally require confirmation.
ST-0218,Aktiia,Company / Brand / Platform,"Wearables, Recovery & Sports Science",Wearables,Global / verify,"Wearable sensing, recovery, physiological monitoring, or sports-science technology.",Data / Technology Partner,50,Longlist,High,"Data integration, athlete scoring, performance analytics, or wearable intelligence.",,,,https://www.bing.com/search?q=Aktiia+official+company+sports,"Candidate identified - verify website, HQ, stage, and contacts before outreach",2026-08-06,Name/category curated for ecosystem mapping; blank fields intentionally require confirmation.
ST-0219,Amazfit,Company / Brand / Platform,"Wearables, Recovery & Sports Science",Wearables,Global / verify,"Wearable sensing, recovery, physiological monitoring, or sports-science technology.",Data / Technology Partner,50,Longlist,High,"Data integration, athlete scoring, performance analytics, or wearable intelligence.",,,,https://www.bing.com/search?q=Amazfit+official+company+sports,"Candidate identified - verify website, HQ, stage, and contacts before outreach",2026-08-06,Name/category curated for ecosystem mapping; blank fields intentionally require confirmation.
ST-0220,Apollo Neuro,Company / Brand / Platform,"Wearables, Recovery & Sports Science",Wearables,Global / verify,"Wearable sensing, recovery, physiological monitoring, or sports-science technology.",Data / Technology Partner,50,Longlist,High,"Data integration, athlete scoring, performance analytics, or wearable intelligence.",,,,https://www.bing.com/search?q=Apollo+Neuro+official+company+sports,"Candidate identified - verify website, HQ, stage, and contacts before outreach",2026-08-06,Name/category curated for ecosystem mapping; blank fields intentionally require confirmation.
ST-0221,Apple Watch,Company / Brand / Platform,"Wearables, Recovery & Sports Science",Wearables,Global / verify,"Wearable sensing, recovery, physiological monitoring, or sports-science technology.",Data / Technology Partner,50,Longlist,High,"Data integration, athlete scoring, performance analytics, or wearable intelligence.",,,,https://www.bing.com/search?q=Apple+Watch+official+company+sports,"Candidate identified - verify website, HQ, stage, and contacts before outreach",2026-08-06,Name/category curated for ecosystem mapping; blank fields intentionally require confirmation.
ST-0222,Athos,Company / Brand / Platform,"Wearables, Recovery & Sports Science",Wearables,Global / verify,"Wearable sensing, recovery, physiological monitoring, or sports-science technology.",Data / Technology Partner,50,Longlist,High,"Data integration, athlete scoring, performance analytics, or wearable intelligence.",,,,https://www.bing.com/search?q=Athos+official+company+sports,"Candidate identified - verify website, HQ, stage, and contacts before outreach",2026-08-06,Name/category curated for ecosystem mapping; blank fields intentionally require confirmation.
ST-0223,Beddit,Company / Brand / Platform,"Wearables, Recovery & Sports Science",Wearables,Global / verify,"Wearable sensing, recovery, physiological monitoring, or sports-science technology.",Data / Technology Partner,50,Longlist,High,"Data integration, athlete scoring, performance analytics, or wearable intelligence.",,,,https://www.bing.com/search?q=Beddit+official+company+sports,"Candidate identified - verify website, HQ, stage, and contacts before outreach",2026-08-06,Name/category curated for ecosystem mapping; blank fields intentionally require confirmation.
ST-0224,Biofourmis,Company / Brand / Platform,"Wearables, Recovery & Sports Science",Wearables,Global / verify,"Wearable sensing, recovery, physiological monitoring, or sports-science technology.",Data / Technology Partner,50,Longlist,High,"Data integration, athlete scoring, performance analytics, or wearable intelligence.",,,,https://www.bing.com/search?q=Biofourmis+official+company+sports,"Candidate identified - verify website, HQ, stage, and contacts before outreach",2026-08-06,Name/category curated for ecosystem mapping; blank fields intentionally require confirmation.
ST-0225,BioIntelliSense,Company / Brand / Platform,"Wearables, Recovery & Sports Science",Wearables,Global / verify,"Wearable sensing, recovery, physiological monitoring, or sports-science technology.",Data / Technology Partner,50,Longlist,High,"Data integration, athlete scoring, performance analytics, or wearable intelligence.",,,,https://www.bing.com/search?q=BioIntelliSense+official+company+sports,"Candidate identified - verify website, HQ, stage, and contacts before outreach",2026-08-06,Name/category curated for ecosystem mapping; blank fields intentionally require confirmation.
ST-0226,Biostrap,Company / Brand / Platform,"Wearables, Recovery & Sports Science",Wearables,Global / verify,"Wearable sensing, recovery, physiological monitoring, or sports-science technology.",Data / Technology Partner,50,Longlist,High,"Data integration, athlete scoring, performance analytics, or wearable intelligence.",,,,https://www.bing.com/search?q=Biostrap+official+company+sports,"Candidate identified - verify website, HQ, stage, and contacts before outreach",2026-08-06,Name/category curated for ecosystem mapping; blank fields intentionally require confirmation.
ST-0227,boAt Wearables,Company / Brand / Platform,"Wearables, Recovery & Sports Science",Wearables,Global / verify,"Wearable sensing, recovery, physiological monitoring, or sports-science technology.",Data / Technology Partner,50,Longlist,High,"Data integration, athlete scoring, performance analytics, or wearable intelligence.",,,,https://www.bing.com/search?q=boAt+Wearables+official+company+sports,"Candidate identified - verify website, HQ, stage, and contacts before outreach",2026-08-06,Name/category curated for ecosystem mapping; blank fields intentionally require confirmation.
ST-0228,Boult Wearables,Company / Brand / Platform,"Wearables, Recovery & Sports Science",Wearables,Global / verify,"Wearable sensing, recovery, physiological monitoring, or sports-science technology.",Data / Technology Partner,50,Longlist,High,"Data integration, athlete scoring, performance analytics, or wearable intelligence.",,,,https://www.bing.com/search?q=Boult+Wearables+official+company+sports,"Candidate identified - verify website, HQ, stage, and contacts before outreach",2026-08-06,Name/category curated for ecosystem mapping; blank fields intentionally require confirmation.
ST-0229,Circular,Company / Brand / Platform,"Wearables, Recovery & Sports Science",Wearables,Global / verify,"Wearable sensing, recovery, physiological monitoring, or sports-science technology.",Data / Technology Partner,50,Longlist,High,"Data integration, athlete scoring, performance analytics, or wearable intelligence.",,,,https://www.bing.com/search?q=Circular+official+company+sports,"Candidate identified - verify website, HQ, stage, and contacts before outreach",2026-08-06,Name/category curated for ecosystem mapping; blank fields intentionally require confirmation.
ST-0230,Compex,Company / Brand / Platform,"Wearables, Recovery & Sports Science",Wearables,Global / verify,"Wearable sensing, recovery, physiological monitoring, or sports-science technology.",Data / Technology Partner,50,Longlist,High,"Data integration, athlete scoring, performance analytics, or wearable intelligence.",,,,https://www.bing.com/search?q=Compex+official+company+sports,"Candidate identified - verify website, HQ, stage, and contacts before outreach",2026-08-06,Name/category curated for ecosystem mapping; blank fields intentionally require confirmation.
ST-0231,COROS,Company / Brand / Platform,"Wearables, Recovery & Sports Science",Wearables,Global / verify,"Wearable sensing, recovery, physiological monitoring, or sports-science technology.",Data / Technology Partner,50,Longlist,High,"Data integration, athlete scoring, performance analytics, or wearable intelligence.",,,,https://www.bing.com/search?q=COROS+official+company+sports,"Candidate identified - verify website, HQ, stage, and contacts before outreach",2026-08-06,Name/category curated for ecosystem mapping; blank fields intentionally require confirmation.
ST-0232,Current Health,Company / Brand / Platform,"Wearables, Recovery & Sports Science",Wearables,Global / verify,"Wearable sensing, recovery, physiological monitoring, or sports-science technology.",Data / Technology Partner,50,Longlist,High,"Data integration, athlete scoring, performance analytics, or wearable intelligence.",,,,https://www.bing.com/search?q=Current+Health+official+company+sports,"Candidate identified - verify website, HQ, stage, and contacts before outreach",2026-08-06,Name/category curated for ecosystem mapping; blank fields intentionally require confirmation.
ST-0233,Dexcom,Company / Brand / Platform,"Wearables, Recovery & Sports Science",Wearables,Global / verify,"Wearable sensing, recovery, physiological monitoring, or sports-science technology.",Data / Technology Partner,50,Longlist,High,"Data integration, athlete scoring, performance analytics, or wearable intelligence.",,,,https://www.bing.com/search?q=Dexcom+official+company+sports,"Candidate identified - verify website, HQ, stage, and contacts before outreach",2026-08-06,Name/category curated for ecosystem mapping; blank fields intentionally require confirmation.
ST-0234,DynaMo,Company / Brand / Platform,"Wearables, Recovery & Sports Science",Wearables,Global / verify,"Wearable sensing, recovery, physiological monitoring, or sports-science technology.",Data / Technology Partner,50,Longlist,High,"Data integration, athlete scoring, performance analytics, or wearable intelligence.",,,,https://www.bing.com/search?q=DynaMo+official+company+sports,"Candidate identified - verify website, HQ, stage, and contacts before outreach",2026-08-06,Name/category curated for ecosystem mapping; blank fields intentionally require confirmation.
ST-0235,Eight Sleep,Company / Brand / Platform,"Wearables, Recovery & Sports Science",Wearables,Global / verify,"Wearable sensing, recovery, physiological monitoring, or sports-science technology.",Data / Technology Partner,50,Longlist,High,"Data integration, athlete scoring, performance analytics, or wearable intelligence.",,,,https://www.bing.com/search?q=Eight+Sleep+official+company+sports,"Candidate identified - verify website, HQ, stage, and contacts before outreach",2026-08-06,Name/category curated for ecosystem mapping; blank fields intentionally require confirmation.
ST-0236,Elite HRV,Company / Brand / Platform,"Wearables, Recovery & Sports Science",Wearables,Global / verify,"Wearable sensing, recovery, physiological monitoring, or sports-science technology.",Data / Technology Partner,50,Longlist,High,"Data integration, athlete scoring, performance analytics, or wearable intelligence.",,,,https://www.bing.com/search?q=Elite+HRV+official+company+sports,"Candidate identified - verify website, HQ, stage, and contacts before outreach",2026-08-06,Name/category curated for ecosystem mapping; blank fields intentionally require confirmation.
ST-0237,Emfit,Company / Brand / Platform,"Wearables, Recovery & Sports Science",Wearables,Global / verify,"Wearable sensing, recovery, physiological monitoring, or sports-science technology.",Data / Technology Partner,50,Longlist,High,"Data integration, athlete scoring, performance analytics, or wearable intelligence.",,,,https://www.bing.com/search?q=Emfit+official+company+sports,"Candidate identified - verify website, HQ, stage, and contacts before outreach",2026-08-06,Name/category curated for ecosystem mapping; blank fields intentionally require confirmation.
ST-0238,Empatica,Company / Brand / Platform,"Wearables, Recovery & Sports Science",Wearables,Global / verify,"Wearable sensing, recovery, physiological monitoring, or sports-science technology.",Data / Technology Partner,50,Longlist,High,"Data integration, athlete scoring, performance analytics, or wearable intelligence.",,,,https://www.bing.com/search?q=Empatica+official+company+sports,"Candidate identified - verify website, HQ, stage, and contacts before outreach",2026-08-06,Name/category curated for ecosystem mapping; blank fields intentionally require confirmation.
ST-0239,EO SwimBETTER,Company / Brand / Platform,"Wearables, Recovery & Sports Science",Wearables,Global / verify,"Wearable sensing, recovery, physiological monitoring, or sports-science technology.",Data / Technology Partner,50,Longlist,High,"Data integration, athlete scoring, performance analytics, or wearable intelligence.",,,,https://www.bing.com/search?q=EO+SwimBETTER+official+company+sports,"Candidate identified - verify website, HQ, stage, and contacts before outreach",2026-08-06,Name/category curated for ecosystem mapping; blank fields intentionally require confirmation.
ST-0240,Evie Ring,Company / Brand / Platform,"Wearables, Recovery & Sports Science",Wearables,Global / verify,"Wearable sensing, recovery, physiological monitoring, or sports-science technology.",Data / Technology Partner,50,Longlist,High,"Data integration, athlete scoring, performance analytics, or wearable intelligence.",,,,https://www.bing.com/search?q=Evie+Ring+official+company+sports,"Candidate identified - verify website, HQ, stage, and contacts before outreach",2026-08-06,Name/category curated for ecosystem mapping; blank fields intentionally require confirmation.
ST-0241,Exxentric,Company / Brand / Platform,"Wearables, Recovery & Sports Science",Wearables,Global / verify,"Wearable sensing, recovery, physiological monitoring, or sports-science technology.",Data / Technology Partner,50,Longlist,High,"Data integration, athlete scoring, performance analytics, or wearable intelligence.",,,,https://www.bing.com/search?q=Exxentric+official+company+sports,"Candidate identified - verify website, HQ, stage, and contacts before outreach",2026-08-06,Name/category curated for ecosystem mapping; blank fields intentionally require confirmation.
ST-0242,Fastrack Smart,Company / Brand / Platform,"Wearables, Recovery & Sports Science",Wearables,Global / verify,"Wearable sensing, recovery, physiological monitoring, or sports-science technology.",Data / Technology Partner,50,Longlist,High,"Data integration, athlete scoring, performance analytics, or wearable intelligence.",,,,https://www.bing.com/search?q=Fastrack+Smart+official+company+sports,"Candidate identified - verify website, HQ, stage, and contacts before outreach",2026-08-06,Name/category curated for ecosystem mapping; blank fields intentionally require confirmation.
ST-0243,Fire-Boltt,Company / Brand / Platform,"Wearables, Recovery & Sports Science",Wearables,Global / verify,"Wearable sensing, recovery, physiological monitoring, or sports-science technology.",Data / Technology Partner,50,Longlist,High,"Data integration, athlete scoring, performance analytics, or wearable intelligence.",,,,https://www.bing.com/search?q=Fire-Boltt+official+company+sports,"Candidate identified - verify website, HQ, stage, and contacts before outreach",2026-08-06,Name/category curated for ecosystem mapping; blank fields intentionally require confirmation.
ST-0244,Firefly Recovery,Company / Brand / Platform,"Wearables, Recovery & Sports Science",Wearables,Global / verify,"Wearable sensing, recovery, physiological monitoring, or sports-science technology.",Data / Technology Partner,50,Longlist,High,"Data integration, athlete scoring, performance analytics, or wearable intelligence.",,,,https://www.bing.com/search?q=Firefly+Recovery+official+company+sports,"Candidate identified - verify website, HQ, stage, and contacts before outreach",2026-08-06,Name/category curated for ecosystem mapping; blank fields intentionally require confirmation.
ST-0245,Fitabase,Company / Brand / Platform,"Wearables, Recovery & Sports Science",Wearables,Global / verify,"Wearable sensing, recovery, physiological monitoring, or sports-science technology.",Data / Technology Partner,50,Longlist,High,"Data integration, athlete scoring, performance analytics, or wearable intelligence.",,,,https://www.bing.com/search?q=Fitabase+official+company+sports,"Candidate identified - verify website, HQ, stage, and contacts before outreach",2026-08-06,Name/category curated for ecosystem mapping; blank fields intentionally require confirmation.
ST-0246,Fitbit,Company / Brand / Platform,"Wearables, Recovery & Sports Science",Wearables,Global / verify,"Wearable sensing, recovery, physiological monitoring, or sports-science technology.",Data / Technology Partner,50,Longlist,High,"Data integration, athlete scoring, performance analytics, or wearable intelligence.",,,,https://www.bing.com/search?q=Fitbit+official+company+sports,"Candidate identified - verify website, HQ, stage, and contacts before outreach",2026-08-06,Name/category curated for ecosystem mapping; blank fields intentionally require confirmation.
ST-0247,Fitrockr,Company / Brand / Platform,"Wearables, Recovery & Sports Science",Wearables,Global / verify,"Wearable sensing, recovery, physiological monitoring, or sports-science technology.",Data / Technology Partner,50,Longlist,High,"Data integration, athlete scoring, performance analytics, or wearable intelligence.",,,,https://www.bing.com/search?q=Fitrockr+official+company+sports,"Candidate identified - verify website, HQ, stage, and contacts before outreach",2026-08-06,Name/category curated for ecosystem mapping; blank fields intentionally require confirmation.
ST-0248,ForceDecks,Company / Brand / Platform,"Wearables, Recovery & Sports Science",Wearables,Global / verify,"Wearable sensing, recovery, physiological monitoring, or sports-science technology.",Data / Technology Partner,50,Longlist,High,"Data integration, athlete scoring, performance analytics, or wearable intelligence.",,,,https://www.bing.com/search?q=ForceDecks+official+company+sports,"Candidate identified - verify website, HQ, stage, and contacts before outreach",2026-08-06,Name/category curated for ecosystem mapping; blank fields intentionally require confirmation.
ST-0249,FORM Smart Swim Goggles,Company / Brand / Platform,"Wearables, Recovery & Sports Science",Wearables,Global / verify,"Wearable sensing, recovery, physiological monitoring, or sports-science technology.",Data / Technology Partner,50,Longlist,High,"Data integration, athlete scoring, performance analytics, or wearable intelligence.",,,,https://www.bing.com/search?q=FORM+Smart+Swim+Goggles+official+company+sports,"Candidate identified - verify website, HQ, stage, and contacts before outreach",2026-08-06,Name/category curated for ecosystem mapping; blank fields intentionally require confirmation.
ST-0250,Garmin,Company / Brand / Platform,"Wearables, Recovery & Sports Science",Wearables,Global / verify,"Wearable sensing, recovery, physiological monitoring, or sports-science technology.",Data / Technology Partner,50,Longlist,High,"Data integration, athlete scoring, performance analytics, or wearable intelligence.",,,,https://www.bing.com/search?q=Garmin+official+company+sports,"Candidate identified - verify website, HQ, stage, and contacts before outreach",2026-08-06,Name/category curated for ecosystem mapping; blank fields intentionally require confirmation.
ST-0251,Garmin Tacx,Company / Brand / Platform,"Wearables, Recovery & Sports Science",Wearables,Global / verify,"Wearable sensing, recovery, physiological monitoring, or sports-science technology.",Data / Technology Partner,50,Longlist,High,"Data integration, athlete scoring, performance analytics, or wearable intelligence.",,,,https://www.bing.com/search?q=Garmin+Tacx+official+company+sports,"Candidate identified - verify website, HQ, stage, and contacts before outreach",2026-08-06,Name/category curated for ecosystem mapping; blank fields intentionally require confirmation.
ST-0252,GOQii,Company / Brand / Platform,"Wearables, Recovery & Sports Science",Wearables,India,"Wearable sensing, recovery, physiological monitoring, or sports-science technology.",Data / Technology Partner,65,Medium,High,"Data integration, athlete scoring, performance analytics, or wearable intelligence.",,,,https://www.bing.com/search?q=GOQii+official+company+sports,"Candidate identified - verify website, HQ, stage, and contacts before outreach",2026-08-06,Name/category curated for ecosystem mapping; blank fields intentionally require confirmation.
ST-0253,GymAware,Company / Brand / Platform,"Wearables, Recovery & Sports Science",Coaching & Fitness,Global / verify,"Wearable sensing, recovery, physiological monitoring, or sports-science technology.",Data / Technology Partner,50,Longlist,High,"Data integration, athlete scoring, performance analytics, or wearable intelligence.",,,,https://www.bing.com/search?q=GymAware+official+company+sports,"Candidate identified - verify website, HQ, stage, and contacts before outreach",2026-08-06,Name/category curated for ecosystem mapping; blank fields intentionally require confirmation.
ST-0254,Hammer Lifestyle,Company / Brand / Platform,"Wearables, Recovery & Sports Science",Wearables,Global / verify,"Wearable sensing, recovery, physiological monitoring, or sports-science technology.",Data / Technology Partner,50,Longlist,High,"Data integration, athlete scoring, performance analytics, or wearable intelligence.",,,,https://www.bing.com/search?q=Hammer+Lifestyle+official+company+sports,"Candidate identified - verify website, HQ, stage, and contacts before outreach",2026-08-06,Name/category curated for ecosystem mapping; blank fields intentionally require confirmation.
ST-0255,Hammerhead,Company / Brand / Platform,"Wearables, Recovery & Sports Science",Wearables,Global / verify,"Wearable sensing, recovery, physiological monitoring, or sports-science technology.",Data / Technology Partner,50,Longlist,High,"Data integration, athlete scoring, performance analytics, or wearable intelligence.",,,,https://www.bing.com/search?q=Hammerhead+official+company+sports,"Candidate identified - verify website, HQ, stage, and contacts before outreach",2026-08-06,Name/category curated for ecosystem mapping; blank fields intentionally require confirmation.
ST-0256,Hawkin Dynamics,Company / Brand / Platform,"Wearables, Recovery & Sports Science",Wearables,Global / verify,"Wearable sensing, recovery, physiological monitoring, or sports-science technology.",Data / Technology Partner,50,Longlist,High,"Data integration, athlete scoring, performance analytics, or wearable intelligence.",,,,https://www.bing.com/search?q=Hawkin+Dynamics+official+company+sports,"Candidate identified - verify website, HQ, stage, and contacts before outreach",2026-08-06,Name/category curated for ecosystem mapping; blank fields intentionally require confirmation.
ST-0257,Heads Up Health,Company / Brand / Platform,"Wearables, Recovery & Sports Science",Wearables,Global / verify,"Wearable sensing, recovery, physiological monitoring, or sports-science technology.",Data / Technology Partner,50,Longlist,High,"Data integration, athlete scoring, performance analytics, or wearable intelligence.",,,,https://www.bing.com/search?q=Heads+Up+Health+official+company+sports,"Candidate identified - verify website, HQ, stage, and contacts before outreach",2026-08-06,Name/category curated for ecosystem mapping; blank fields intentionally require confirmation.
ST-0258,Hexoskin,Company / Brand / Platform,"Wearables, Recovery & Sports Science",Wearables,Global / verify,"Wearable sensing, recovery, physiological monitoring, or sports-science technology.",Data / Technology Partner,50,Longlist,High,"Data integration, athlete scoring, performance analytics, or wearable intelligence.",,,,https://www.bing.com/search?q=Hexoskin+official+company+sports,"Candidate identified - verify website, HQ, stage, and contacts before outreach",2026-08-06,Name/category curated for ecosystem mapping; blank fields intentionally require confirmation.
ST-0259,HRV4Training,Company / Brand / Platform,"Wearables, Recovery & Sports Science",Coaching & Fitness,Global / verify,"Wearable sensing, recovery, physiological monitoring, or sports-science technology.",Data / Technology Partner,50,Longlist,High,"Data integration, athlete scoring, performance analytics, or wearable intelligence.",,,,https://www.bing.com/search?q=HRV4Training+official+company+sports,"Candidate identified - verify website, HQ, stage, and contacts before outreach",2026-08-06,Name/category curated for ecosystem mapping; blank fields intentionally require confirmation.
ST-0260,Huawei Wearables,Company / Brand / Platform,"Wearables, Recovery & Sports Science",Wearables,Global / verify,"Wearable sensing, recovery, physiological monitoring, or sports-science technology.",Data / Technology Partner,50,Longlist,High,"Data integration, athlete scoring, performance analytics, or wearable intelligence.",,,,https://www.bing.com/search?q=Huawei+Wearables+official+company+sports,"Candidate identified - verify website, HQ, stage, and contacts before outreach",2026-08-06,Name/category curated for ecosystem mapping; blank fields intentionally require confirmation.
ST-0261,Huma,Company / Brand / Platform,"Wearables, Recovery & Sports Science",Wearables,Global / verify,"Wearable sensing, recovery, physiological monitoring, or sports-science technology.",Data / Technology Partner,50,Longlist,High,"Data integration, athlete scoring, performance analytics, or wearable intelligence.",,,,https://www.bing.com/search?q=Huma+official+company+sports,"Candidate identified - verify website, HQ, stage, and contacts before outreach",2026-08-06,Name/category curated for ecosystem mapping; blank fields intentionally require confirmation.
ST-0262,Human API,Company / Brand / Platform,"Wearables, Recovery & Sports Science",Wearables,Global / verify,"Wearable sensing, recovery, physiological monitoring, or sports-science technology.",Data / Technology Partner,50,Longlist,High,"Data integration, athlete scoring, performance analytics, or wearable intelligence.",,,,https://www.bing.com/search?q=Human+API+official+company+sports,"Candidate identified - verify website, HQ, stage, and contacts before outreach",2026-08-06,Name/category curated for ecosystem mapping; blank fields intentionally require confirmation.
ST-0263,Hyperice,Company / Brand / Platform,"Wearables, Recovery & Sports Science",Wearables,Global / verify,"Wearable sensing, recovery, physiological monitoring, or sports-science technology.",Data / Technology Partner,50,Longlist,High,"Data integration, athlete scoring, performance analytics, or wearable intelligence.",,,,https://www.bing.com/search?q=Hyperice+official+company+sports,"Candidate identified - verify website, HQ, stage, and contacts before outreach",2026-08-06,Name/category curated for ecosystem mapping; blank fields intentionally require confirmation.
ST-0264,INCUS Performance,Company / Brand / Platform,"Wearables, Recovery & Sports Science",Wearables,Global / verify,"Wearable sensing, recovery, physiological monitoring, or sports-science technology.",Data / Technology Partner,50,Longlist,High,"Data integration, athlete scoring, performance analytics, or wearable intelligence.",,,,https://www.bing.com/search?q=INCUS+Performance+official+company+sports,"Candidate identified - verify website, HQ, stage, and contacts before outreach",2026-08-06,Name/category curated for ecosystem mapping; blank fields intentionally require confirmation.
ST-0265,January AI,Company / Brand / Platform,"Wearables, Recovery & Sports Science",Wearables,Global / verify,"Wearable sensing, recovery, physiological monitoring, or sports-science technology.",Data / Technology Partner,50,Longlist,High,"Data integration, athlete scoring, performance analytics, or wearable intelligence.",,,,https://www.bing.com/search?q=January+AI+official+company+sports,"Candidate identified - verify website, HQ, stage, and contacts before outreach",2026-08-06,Name/category curated for ecosystem mapping; blank fields intentionally require confirmation.
ST-0266,Komodo Technologies,Company / Brand / Platform,"Wearables, Recovery & Sports Science",Wearables,Global / verify,"Wearable sensing, recovery, physiological monitoring, or sports-science technology.",Data / Technology Partner,50,Longlist,High,"Data integration, athlete scoring, performance analytics, or wearable intelligence.",,,,https://www.bing.com/search?q=Komodo+Technologies+official+company+sports,"Candidate identified - verify website, HQ, stage, and contacts before outreach",2026-08-06,Name/category curated for ecosystem mapping; blank fields intentionally require confirmation.
ST-0267,Kubios,Company / Brand / Platform,"Wearables, Recovery & Sports Science",Wearables,Global / verify,"Wearable sensing, recovery, physiological monitoring, or sports-science technology.",Data / Technology Partner,50,Longlist,High,"Data integration, athlete scoring, performance analytics, or wearable intelligence.",,,,https://www.bing.com/search?q=Kubios+official+company+sports,"Candidate identified - verify website, HQ, stage, and contacts before outreach",2026-08-06,Name/category curated for ecosystem mapping; blank fields intentionally require confirmation.
ST-0268,Levels,Company / Brand / Platform,"Wearables, Recovery & Sports Science",Wearables,Global / verify,"Wearable sensing, recovery, physiological monitoring, or sports-science technology.",Data / Technology Partner,50,Longlist,High,"Data integration, athlete scoring, performance analytics, or wearable intelligence.",,,,https://www.bing.com/search?q=Levels+official+company+sports,"Candidate identified - verify website, HQ, stage, and contacts before outreach",2026-08-06,Name/category curated for ecosystem mapping; blank fields intentionally require confirmation.
ST-0269,Lief Therapeutics,Company / Brand / Platform,"Wearables, Recovery & Sports Science",Wearables,Global / verify,"Wearable sensing, recovery, physiological monitoring, or sports-science technology.",Data / Technology Partner,50,Longlist,High,"Data integration, athlete scoring, performance analytics, or wearable intelligence.",,,,https://www.bing.com/search?q=Lief+Therapeutics+official+company+sports,"Candidate identified - verify website, HQ, stage, and contacts before outreach",2026-08-06,Name/category curated for ecosystem mapping; blank fields intentionally require confirmation.
ST-0270,Lingo,Company / Brand / Platform,"Wearables, Recovery & Sports Science",Wearables,Global / verify,"Wearable sensing, recovery, physiological monitoring, or sports-science technology.",Data / Technology Partner,50,Longlist,High,"Data integration, athlete scoring, performance analytics, or wearable intelligence.",,,,https://www.bing.com/search?q=Lingo+official+company+sports,"Candidate identified - verify website, HQ, stage, and contacts before outreach",2026-08-06,Name/category curated for ecosystem mapping; blank fields intentionally require confirmation.
ST-0271,Marc Pro,Company / Brand / Platform,"Wearables, Recovery & Sports Science",Wearables,Global / verify,"Wearable sensing, recovery, physiological monitoring, or sports-science technology.",Data / Technology Partner,50,Longlist,High,"Data integration, athlete scoring, performance analytics, or wearable intelligence.",,,,https://www.bing.com/search?q=Marc+Pro+official+company+sports,"Candidate identified - verify website, HQ, stage, and contacts before outreach",2026-08-06,Name/category curated for ecosystem mapping; blank fields intentionally require confirmation.
ST-0272,Medtronic Diabetes,Company / Brand / Platform,"Wearables, Recovery & Sports Science",Wearables,Global / verify,"Wearable sensing, recovery, physiological monitoring, or sports-science technology.",Data / Technology Partner,50,Longlist,High,"Data integration, athlete scoring, performance analytics, or wearable intelligence.",,,,https://www.bing.com/search?q=Medtronic+Diabetes+official+company+sports,"Candidate identified - verify website, HQ, stage, and contacts before outreach",2026-08-06,Name/category curated for ecosystem mapping; blank fields intentionally require confirmation.
ST-0273,Morpheus,Company / Brand / Platform,"Wearables, Recovery & Sports Science",Wearables,Global / verify,"Wearable sensing, recovery, physiological monitoring, or sports-science technology.",Data / Technology Partner,50,Longlist,High,"Data integration, athlete scoring, performance analytics, or wearable intelligence.",,,,https://www.bing.com/search?q=Morpheus+official+company+sports,"Candidate identified - verify website, HQ, stage, and contacts before outreach",2026-08-06,Name/category curated for ecosystem mapping; blank fields intentionally require confirmation.
ST-0274,Movano Health,Company / Brand / Platform,"Wearables, Recovery & Sports Science",Wearables,Global / verify,"Wearable sensing, recovery, physiological monitoring, or sports-science technology.",Data / Technology Partner,50,Longlist,High,"Data integration, athlete scoring, performance analytics, or wearable intelligence.",,,,https://www.bing.com/search?q=Movano+Health+official+company+sports,"Candidate identified - verify website, HQ, stage, and contacts before outreach",2026-08-06,Name/category curated for ecosystem mapping; blank fields intentionally require confirmation.
ST-0275,Muse,Company / Brand / Platform,"Wearables, Recovery & Sports Science",Wearables,Global / verify,"Wearable sensing, recovery, physiological monitoring, or sports-science technology.",Data / Technology Partner,50,Longlist,High,"Data integration, athlete scoring, performance analytics, or wearable intelligence.",,,,https://www.bing.com/search?q=Muse+official+company+sports,"Candidate identified - verify website, HQ, stage, and contacts before outreach",2026-08-06,Name/category curated for ecosystem mapping; blank fields intentionally require confirmation.
ST-0276,Myontec,Company / Brand / Platform,"Wearables, Recovery & Sports Science",Wearables,Global / verify,"Wearable sensing, recovery, physiological monitoring, or sports-science technology.",Data / Technology Partner,50,Longlist,High,"Data integration, athlete scoring, performance analytics, or wearable intelligence.",,,,https://www.bing.com/search?q=Myontec+official+company+sports,"Candidate identified - verify website, HQ, stage, and contacts before outreach",2026-08-06,Name/category curated for ecosystem mapping; blank fields intentionally require confirmation.
ST-0277,Noise,Company / Brand / Platform,"Wearables, Recovery & Sports Science",Wearables,India,"Wearable sensing, recovery, physiological monitoring, or sports-science technology.",Data / Technology Partner,65,Medium,High,"Data integration, athlete scoring, performance analytics, or wearable intelligence.",,,,https://www.bing.com/search?q=Noise+official+company+sports,"Candidate identified - verify website, HQ, stage, and contacts before outreach",2026-08-06,Name/category curated for ecosystem mapping; blank fields intentionally require confirmation.
ST-0278,NordBord,Company / Brand / Platform,"Wearables, Recovery & Sports Science",Wearables,Global / verify,"Wearable sensing, recovery, physiological monitoring, or sports-science technology.",Data / Technology Partner,50,Longlist,High,"Data integration, athlete scoring, performance analytics, or wearable intelligence.",,,,https://www.bing.com/search?q=NordBord+official+company+sports,"Candidate identified - verify website, HQ, stage, and contacts before outreach",2026-08-06,Name/category curated for ecosystem mapping; blank fields intentionally require confirmation.
ST-0279,Normatec,Company / Brand / Platform,"Wearables, Recovery & Sports Science",Wearables,Global / verify,"Wearable sensing, recovery, physiological monitoring, or sports-science technology.",Data / Technology Partner,50,Longlist,High,"Data integration, athlete scoring, performance analytics, or wearable intelligence.",,,,https://www.bing.com/search?q=Normatec+official+company+sports,"Candidate identified - verify website, HQ, stage, and contacts before outreach",2026-08-06,Name/category curated for ecosystem mapping; blank fields intentionally require confirmation.
ST-0280,NURVV,Company / Brand / Platform,"Wearables, Recovery & Sports Science",Wearables,Global / verify,"Wearable sensing, recovery, physiological monitoring, or sports-science technology.",Data / Technology Partner,50,Longlist,High,"Data integration, athlete scoring, performance analytics, or wearable intelligence.",,,,https://www.bing.com/search?q=NURVV+official+company+sports,"Candidate identified - verify website, HQ, stage, and contacts before outreach",2026-08-06,Name/category curated for ecosystem mapping; blank fields intentionally require confirmation.
ST-0281,Nutrisense,Company / Brand / Platform,"Wearables, Recovery & Sports Science",Wearables,Global / verify,"Wearable sensing, recovery, physiological monitoring, or sports-science technology.",Data / Technology Partner,50,Longlist,High,"Data integration, athlete scoring, performance analytics, or wearable intelligence.",,,,https://www.bing.com/search?q=Nutrisense+official+company+sports,"Candidate identified - verify website, HQ, stage, and contacts before outreach",2026-08-06,Name/category curated for ecosystem mapping; blank fields intentionally require confirmation.
ST-0282,OMsignal,Company / Brand / Platform,"Wearables, Recovery & Sports Science",Wearables,Global / verify,"Wearable sensing, recovery, physiological monitoring, or sports-science technology.",Data / Technology Partner,50,Longlist,High,"Data integration, athlete scoring, performance analytics, or wearable intelligence.",,,,https://www.bing.com/search?q=OMsignal+official+company+sports,"Candidate identified - verify website, HQ, stage, and contacts before outreach",2026-08-06,Name/category curated for ecosystem mapping; blank fields intentionally require confirmation.
ST-0283,Oura,Company / Brand / Platform,"Wearables, Recovery & Sports Science",Wearables,Global / verify,"Wearable sensing, recovery, physiological monitoring, or sports-science technology.",Data / Technology Partner,50,Longlist,High,"Data integration, athlete scoring, performance analytics, or wearable intelligence.",,,,https://www.bing.com/search?q=Oura+official+company+sports,"Candidate identified - verify website, HQ, stage, and contacts before outreach",2026-08-06,Name/category curated for ecosystem mapping; blank fields intentionally require confirmation.
ST-0284,Output Sports Capture,Company / Brand / Platform,"Wearables, Recovery & Sports Science",Wearables,Global / verify,"Wearable sensing, recovery, physiological monitoring, or sports-science technology.",Data / Technology Partner,50,Longlist,High,"Data integration, athlete scoring, performance analytics, or wearable intelligence.",,,,https://www.bing.com/search?q=Output+Sports+Capture+official+company+sports,"Candidate identified - verify website, HQ, stage, and contacts before outreach",2026-08-06,Name/category curated for ecosystem mapping; blank fields intentionally require confirmation.
ST-0285,Oxehealth,Company / Brand / Platform,"Wearables, Recovery & Sports Science",Wearables,Global / verify,"Wearable sensing, recovery, physiological monitoring, or sports-science technology.",Data / Technology Partner,50,Longlist,High,"Data integration, athlete scoring, performance analytics, or wearable intelligence.",,,,https://www.bing.com/search?q=Oxehealth+official+company+sports,"Candidate identified - verify website, HQ, stage, and contacts before outreach",2026-08-06,Name/category curated for ecosystem mapping; blank fields intentionally require confirmation.
ST-0286,Perch,Company / Brand / Platform,"Wearables, Recovery & Sports Science",Wearables,Global / verify,"Wearable sensing, recovery, physiological monitoring, or sports-science technology.",Data / Technology Partner,50,Longlist,High,"Data integration, athlete scoring, performance analytics, or wearable intelligence.",,,,https://www.bing.com/search?q=Perch+official+company+sports,"Candidate identified - verify website, HQ, stage, and contacts before outreach",2026-08-06,Name/category curated for ecosystem mapping; blank fields intentionally require confirmation.
ST-0287,Plantiga,Company / Brand / Platform,"Wearables, Recovery & Sports Science",Wearables,Global / verify,"Wearable sensing, recovery, physiological monitoring, or sports-science technology.",Data / Technology Partner,50,Longlist,High,"Data integration, athlete scoring, performance analytics, or wearable intelligence.",,,,https://www.bing.com/search?q=Plantiga+official+company+sports,"Candidate identified - verify website, HQ, stage, and contacts before outreach",2026-08-06,Name/category curated for ecosystem mapping; blank fields intentionally require confirmation.
ST-0288,Polar,Company / Brand / Platform,"Wearables, Recovery & Sports Science",Wearables,Global / verify,"Wearable sensing, recovery, physiological monitoring, or sports-science technology.",Data / Technology Partner,50,Longlist,High,"Data integration, athlete scoring, performance analytics, or wearable intelligence.",,,,https://www.bing.com/search?q=Polar+official+company+sports,"Candidate identified - verify website, HQ, stage, and contacts before outreach",2026-08-06,Name/category curated for ecosystem mapping; blank fields intentionally require confirmation.
ST-0289,PowerDot,Company / Brand / Platform,"Wearables, Recovery & Sports Science",Wearables,Global / verify,"Wearable sensing, recovery, physiological monitoring, or sports-science technology.",Data / Technology Partner,50,Longlist,High,"Data integration, athlete scoring, performance analytics, or wearable intelligence.",,,,https://www.bing.com/search?q=PowerDot+official+company+sports,"Candidate identified - verify website, HQ, stage, and contacts before outreach",2026-08-06,Name/category curated for ecosystem mapping; blank fields intentionally require confirmation.
ST-0290,Rapid Reboot,Company / Brand / Platform,"Wearables, Recovery & Sports Science",Wearables,Global / verify,"Wearable sensing, recovery, physiological monitoring, or sports-science technology.",Data / Technology Partner,50,Longlist,High,"Data integration, athlete scoring, performance analytics, or wearable intelligence.",,,,https://www.bing.com/search?q=Rapid+Reboot+official+company+sports,"Candidate identified - verify website, HQ, stage, and contacts before outreach",2026-08-06,Name/category curated for ecosystem mapping; blank fields intentionally require confirmation.
ST-0291,RecoveryPump,Company / Brand / Platform,"Wearables, Recovery & Sports Science",Wearables,Global / verify,"Wearable sensing, recovery, physiological monitoring, or sports-science technology.",Data / Technology Partner,50,Longlist,High,"Data integration, athlete scoring, performance analytics, or wearable intelligence.",,,,https://www.bing.com/search?q=RecoveryPump+official+company+sports,"Candidate identified - verify website, HQ, stage, and contacts before outreach",2026-08-06,Name/category curated for ecosystem mapping; blank fields intentionally require confirmation.
ST-0292,RingConn,Company / Brand / Platform,"Wearables, Recovery & Sports Science",Wearables,Global / verify,"Wearable sensing, recovery, physiological monitoring, or sports-science technology.",Data / Technology Partner,50,Longlist,High,"Data integration, athlete scoring, performance analytics, or wearable intelligence.",,,,https://www.bing.com/search?q=RingConn+official+company+sports,"Candidate identified - verify website, HQ, stage, and contacts before outreach",2026-08-06,Name/category curated for ecosystem mapping; blank fields intentionally require confirmation.
ST-0293,RunScribe,Company / Brand / Platform,"Wearables, Recovery & Sports Science",Wearables,Global / verify,"Wearable sensing, recovery, physiological monitoring, or sports-science technology.",Data / Technology Partner,50,Longlist,High,"Data integration, athlete scoring, performance analytics, or wearable intelligence.",,,,https://www.bing.com/search?q=RunScribe+official+company+sports,"Candidate identified - verify website, HQ, stage, and contacts before outreach",2026-08-06,Name/category curated for ecosystem mapping; blank fields intentionally require confirmation.
ST-0294,Samsung Galaxy Watch,Company / Brand / Platform,"Wearables, Recovery & Sports Science",Wearables,Global / verify,"Wearable sensing, recovery, physiological monitoring, or sports-science technology.",Data / Technology Partner,50,Longlist,High,"Data integration, athlete scoring, performance analytics, or wearable intelligence.",,,,https://www.bing.com/search?q=Samsung+Galaxy+Watch+official+company+sports,"Candidate identified - verify website, HQ, stage, and contacts before outreach",2026-08-06,Name/category curated for ecosystem mapping; blank fields intentionally require confirmation.
ST-0295,Sensoria Health,Company / Brand / Platform,"Wearables, Recovery & Sports Science",Wearables,Global / verify,"Wearable sensing, recovery, physiological monitoring, or sports-science technology.",Data / Technology Partner,50,Longlist,High,"Data integration, athlete scoring, performance analytics, or wearable intelligence.",,,,https://www.bing.com/search?q=Sensoria+Health+official+company+sports,"Candidate identified - verify website, HQ, stage, and contacts before outreach",2026-08-06,Name/category curated for ecosystem mapping; blank fields intentionally require confirmation.
ST-0296,Sleep Number,Company / Brand / Platform,"Wearables, Recovery & Sports Science",Wearables,Global / verify,"Wearable sensing, recovery, physiological monitoring, or sports-science technology.",Data / Technology Partner,50,Longlist,High,"Data integration, athlete scoring, performance analytics, or wearable intelligence.",,,,https://www.bing.com/search?q=Sleep+Number+official+company+sports,"Candidate identified - verify website, HQ, stage, and contacts before outreach",2026-08-06,Name/category curated for ecosystem mapping; blank fields intentionally require confirmation.
ST-0297,Spire Health,Company / Brand / Platform,"Wearables, Recovery & Sports Science",Wearables,Global / verify,"Wearable sensing, recovery, physiological monitoring, or sports-science technology.",Data / Technology Partner,50,Longlist,High,"Data integration, athlete scoring, performance analytics, or wearable intelligence.",,,,https://www.bing.com/search?q=Spire+Health+official+company+sports,"Candidate identified - verify website, HQ, stage, and contacts before outreach",2026-08-06,Name/category curated for ecosystem mapping; blank fields intentionally require confirmation.
ST-0298,Strive Tech,Company / Brand / Platform,"Wearables, Recovery & Sports Science",Wearables,Global / verify,"Wearable sensing, recovery, physiological monitoring, or sports-science technology.",Data / Technology Partner,50,Longlist,High,"Data integration, athlete scoring, performance analytics, or wearable intelligence.",,,,https://www.bing.com/search?q=Strive+Tech+official+company+sports,"Candidate identified - verify website, HQ, stage, and contacts before outreach",2026-08-06,Name/category curated for ecosystem mapping; blank fields intentionally require confirmation.
ST-0299,Stryd,Company / Brand / Platform,"Wearables, Recovery & Sports Science",Wearables,Global / verify,"Wearable sensing, recovery, physiological monitoring, or sports-science technology.",Data / Technology Partner,50,Longlist,High,"Data integration, athlete scoring, performance analytics, or wearable intelligence.",,,,https://www.bing.com/search?q=Stryd+official+company+sports,"Candidate identified - verify website, HQ, stage, and contacts before outreach",2026-08-06,Name/category curated for ecosystem mapping; blank fields intentionally require confirmation.
ST-0300,Supersapiens,Company / Brand / Platform,"Wearables, Recovery & Sports Science",Wearables,Global / verify,"Wearable sensing, recovery, physiological monitoring, or sports-science technology.",Data / Technology Partner,50,Longlist,High,"Data integration, athlete scoring, performance analytics, or wearable intelligence.",,,,https://www.bing.com/search?q=Supersapiens+official+company+sports,"Candidate identified - verify website, HQ, stage, and contacts before outreach",2026-08-06,Name/category curated for ecosystem mapping; blank fields intentionally require confirmation.
ST-0301,Suunto,Company / Brand / Platform,"Wearables, Recovery & Sports Science",Wearables,Global / verify,"Wearable sensing, recovery, physiological monitoring, or sports-science technology.",Data / Technology Partner,50,Longlist,High,"Data integration, athlete scoring, performance analytics, or wearable intelligence.",,,,https://www.bing.com/search?q=Suunto+official+company+sports,"Candidate identified - verify website, HQ, stage, and contacts before outreach",2026-08-06,Name/category curated for ecosystem mapping; blank fields intentionally require confirmation.
ST-0302,Terra API,Company / Brand / Platform,"Wearables, Recovery & Sports Science",Wearables,Global / verify,"Wearable sensing, recovery, physiological monitoring, or sports-science technology.",Data / Technology Partner,50,Longlist,High,"Data integration, athlete scoring, performance analytics, or wearable intelligence.",,,,https://www.bing.com/search?q=Terra+API+official+company+sports,"Candidate identified - verify website, HQ, stage, and contacts before outreach",2026-08-06,Name/category curated for ecosystem mapping; blank fields intentionally require confirmation.
ST-0303,Therabody,Company / Brand / Platform,"Wearables, Recovery & Sports Science",Wearables,Global / verify,"Wearable sensing, recovery, physiological monitoring, or sports-science technology.",Data / Technology Partner,50,Longlist,High,"Data integration, athlete scoring, performance analytics, or wearable intelligence.",,,,https://www.bing.com/search?q=Therabody+official+company+sports,"Candidate identified - verify website, HQ, stage, and contacts before outreach",2026-08-06,Name/category curated for ecosystem mapping; blank fields intentionally require confirmation.
ST-0304,TritonWear,Company / Brand / Platform,"Wearables, Recovery & Sports Science",Wearables,Global / verify,"Wearable sensing, recovery, physiological monitoring, or sports-science technology.",Data / Technology Partner,50,Longlist,High,"Data integration, athlete scoring, performance analytics, or wearable intelligence.",,,,https://www.bing.com/search?q=TritonWear+official+company+sports,"Candidate identified - verify website, HQ, stage, and contacts before outreach",2026-08-06,Name/category curated for ecosystem mapping; blank fields intentionally require confirmation.
ST-0305,Ultrahuman,Company / Brand / Platform,"Wearables, Recovery & Sports Science",Wearables,India,"Wearable sensing, recovery, physiological monitoring, or sports-science technology.",Data / Technology Partner,65,Medium,High,"Data integration, athlete scoring, performance analytics, or wearable intelligence.",,,,https://www.bing.com/search?q=Ultrahuman+official+company+sports,"Candidate identified - verify website, HQ, stage, and contacts before outreach",2026-08-06,Name/category curated for ecosystem mapping; blank fields intentionally require confirmation.
ST-0306,VALD,Company / Brand / Platform,"Wearables, Recovery & Sports Science",Wearables,Global / verify,"Wearable sensing, recovery, physiological monitoring, or sports-science technology.",Data / Technology Partner,50,Longlist,High,"Data integration, athlete scoring, performance analytics, or wearable intelligence.",,,,https://www.bing.com/search?q=VALD+official+company+sports,"Candidate identified - verify website, HQ, stage, and contacts before outreach",2026-08-06,Name/category curated for ecosystem mapping; blank fields intentionally require confirmation.
ST-0307,Validic,Company / Brand / Platform,"Wearables, Recovery & Sports Science",Wearables,Global / verify,"Wearable sensing, recovery, physiological monitoring, or sports-science technology.",Data / Technology Partner,50,Longlist,High,"Data integration, athlete scoring, performance analytics, or wearable intelligence.",,,,https://www.bing.com/search?q=Validic+official+company+sports,"Candidate identified - verify website, HQ, stage, and contacts before outreach",2026-08-06,Name/category curated for ecosystem mapping; blank fields intentionally require confirmation.
ST-0308,Wahoo Fitness,Company / Brand / Platform,"Wearables, Recovery & Sports Science",Coaching & Fitness,Global / verify,"Wearable sensing, recovery, physiological monitoring, or sports-science technology.",Data / Technology Partner,50,Longlist,High,"Data integration, athlete scoring, performance analytics, or wearable intelligence.",,,,https://www.bing.com/search?q=Wahoo+Fitness+official+company+sports,"Candidate identified - verify website, HQ, stage, and contacts before outreach",2026-08-06,Name/category curated for ecosystem mapping; blank fields intentionally require confirmation.
ST-0309,WHOOP,Company / Brand / Platform,"Wearables, Recovery & Sports Science",Wearables,Global / verify,"Wearable sensing, recovery, physiological monitoring, or sports-science technology.",Data / Technology Partner,50,Longlist,High,"Data integration, athlete scoring, performance analytics, or wearable intelligence.",,,,https://www.bing.com/search?q=WHOOP+official+company+sports,"Candidate identified - verify website, HQ, stage, and contacts before outreach",2026-08-06,Name/category curated for ecosystem mapping; blank fields intentionally require confirmation.
ST-0310,WHOOP Body,Company / Brand / Platform,"Wearables, Recovery & Sports Science",Wearables,Global / verify,"Wearable sensing, recovery, physiological monitoring, or sports-science technology.",Data / Technology Partner,50,Longlist,High,"Data integration, athlete scoring, performance analytics, or wearable intelligence.",,,,https://www.bing.com/search?q=WHOOP+Body+official+company+sports,"Candidate identified - verify website, HQ, stage, and contacts before outreach",2026-08-06,Name/category curated for ecosystem mapping; blank fields intentionally require confirmation.
ST-0311,WHOOP Coach,Company / Brand / Platform,"Wearables, Recovery & Sports Science",Wearables,Global / verify,"Wearable sensing, recovery, physiological monitoring, or sports-science technology.",Data / Technology Partner,50,Longlist,High,"Data integration, athlete scoring, performance analytics, or wearable intelligence.",,,,https://www.bing.com/search?q=WHOOP+Coach+official+company+sports,"Candidate identified - verify website, HQ, stage, and contacts before outreach",2026-08-06,Name/category curated for ecosystem mapping; blank fields intentionally require confirmation.
ST-0312,Withings,Company / Brand / Platform,"Wearables, Recovery & Sports Science",Wearables,Global / verify,"Wearable sensing, recovery, physiological monitoring, or sports-science technology.",Data / Technology Partner,50,Longlist,High,"Data integration, athlete scoring, performance analytics, or wearable intelligence.",,,,https://www.bing.com/search?q=Withings+official+company+sports,"Candidate identified - verify website, HQ, stage, and contacts before outreach",2026-08-06,Name/category curated for ecosystem mapping; blank fields intentionally require confirmation.
ST-0313,Xiaomi Wearables,Company / Brand / Platform,"Wearables, Recovery & Sports Science",Wearables,Global / verify,"Wearable sensing, recovery, physiological monitoring, or sports-science technology.",Data / Technology Partner,50,Longlist,High,"Data integration, athlete scoring, performance analytics, or wearable intelligence.",,,,https://www.bing.com/search?q=Xiaomi+Wearables+official+company+sports,"Candidate identified - verify website, HQ, stage, and contacts before outreach",2026-08-06,Name/category curated for ecosystem mapping; blank fields intentionally require confirmation.
ST-0314,1st Phorm,Company / Brand / Platform,"Sports Nutrition, Food & Supplements",Nutrition & Wellness,Global / verify,"Sports nutrition, functional food, hydration, supplements, or wellness brand.",Brand Partnership / Customer,50,Longlist,Potential,"Brand matching, athlete discovery, sponsorship intelligence, and campaign measurement.",,,,https://www.bing.com/search?q=1st+Phorm+official+company+sports,"Candidate identified - verify website, HQ, stage, and contacts before outreach",2026-08-06,Name/category curated for ecosystem mapping; blank fields intentionally require confirmation.
ST-0315,226ERS,Company / Brand / Platform,"Sports Nutrition, Food & Supplements",Nutrition & Wellness,Global / verify,"Sports nutrition, functional food, hydration, supplements, or wellness brand.",Brand Partnership / Customer,50,Longlist,Potential,"Brand matching, athlete discovery, sponsorship intelligence, and campaign measurement.",,,,https://www.bing.com/search?q=226ERS+official+company+sports,"Candidate identified - verify website, HQ, stage, and contacts before outreach",2026-08-06,Name/category curated for ecosystem mapping; blank fields intentionally require confirmation.
ST-0316,Abbott Ensure,Company / Brand / Platform,"Sports Nutrition, Food & Supplements",Nutrition & Wellness,Global / verify,"Sports nutrition, functional food, hydration, supplements, or wellness brand.",Brand Partnership / Customer,50,Longlist,Potential,"Brand matching, athlete discovery, sponsorship intelligence, and campaign measurement.",,,,https://www.bing.com/search?q=Abbott+Ensure+official+company+sports,"Candidate identified - verify website, HQ, stage, and contacts before outreach",2026-08-06,Name/category curated for ecosystem mapping; blank fields intentionally require confirmation.
ST-0317,Alani Nu,Company / Brand / Platform,"Sports Nutrition, Food & Supplements",Nutrition & Wellness,Global / verify,"Sports nutrition, functional food, hydration, supplements, or wellness brand.",Brand Partnership / Customer,50,Longlist,Potential,"Brand matching, athlete discovery, sponsorship intelligence, and campaign measurement.",,,,https://www.bing.com/search?q=Alani+Nu+official+company+sports,"Candidate identified - verify website, HQ, stage, and contacts before outreach",2026-08-06,Name/category curated for ecosystem mapping; blank fields intentionally require confirmation.
ST-0318,Amway Nutrilite,Company / Brand / Platform,"Sports Nutrition, Food & Supplements",Nutrition & Wellness,Global / verify,"Sports nutrition, functional food, hydration, supplements, or wellness brand.",Brand Partnership / Customer,50,Longlist,Potential,"Brand matching, athlete discovery, sponsorship intelligence, and campaign measurement.",,,,https://www.bing.com/search?q=Amway+Nutrilite+official+company+sports,"Candidate identified - verify website, HQ, stage, and contacts before outreach",2026-08-06,Name/category curated for ecosystem mapping; blank fields intentionally require confirmation.
ST-0319,Animal Pak,Company / Brand / Platform,"Sports Nutrition, Food & Supplements",Nutrition & Wellness,Global / verify,"Sports nutrition, functional food, hydration, supplements, or wellness brand.",Brand Partnership / Customer,50,Longlist,Potential,"Brand matching, athlete discovery, sponsorship intelligence, and campaign measurement.",,,,https://www.bing.com/search?q=Animal+Pak+official+company+sports,"Candidate identified - verify website, HQ, stage, and contacts before outreach",2026-08-06,Name/category curated for ecosystem mapping; blank fields intentionally require confirmation.
ST-0320,Applied Nutrition,Company / Brand / Platform,"Sports Nutrition, Food & Supplements",Nutrition & Wellness,Global / verify,"Sports nutrition, functional food, hydration, supplements, or wellness brand.",Brand Partnership / Customer,50,Longlist,Potential,"Brand matching, athlete discovery, sponsorship intelligence, and campaign measurement.",,,,https://www.bing.com/search?q=Applied+Nutrition+official+company+sports,"Candidate identified - verify website, HQ, stage, and contacts before outreach",2026-08-06,Name/category curated for ecosystem mapping; blank fields intentionally require confirmation.
ST-0321,AS-IT-IS Nutrition,Company / Brand / Platform,"Sports Nutrition, Food & Supplements",Nutrition & Wellness,Global / verify,"Sports nutrition, functional food, hydration, supplements, or wellness brand.",Brand Partnership / Customer,50,Longlist,Potential,"Brand matching, athlete discovery, sponsorship intelligence, and campaign measurement.",,,,https://www.bing.com/search?q=AS-IT-IS+Nutrition+official+company+sports,"Candidate identified - verify website, HQ, stage, and contacts before outreach",2026-08-06,Name/category curated for ecosystem mapping; blank fields intentionally require confirmation.
ST-0322,Athletic Greens,Company / Brand / Platform,"Sports Nutrition, Food & Supplements",Nutrition & Wellness,Global / verify,"Sports nutrition, functional food, hydration, supplements, or wellness brand.",Brand Partnership / Customer,50,Longlist,Potential,"Brand matching, athlete discovery, sponsorship intelligence, and campaign measurement.",,,,https://www.bing.com/search?q=Athletic+Greens+official+company+sports,"Candidate identified - verify website, HQ, stage, and contacts before outreach",2026-08-06,Name/category curated for ecosystem mapping; blank fields intentionally require confirmation.
ST-0323,Avvatar,Company / Brand / Platform,"Sports Nutrition, Food & Supplements",Nutrition & Wellness,Global / verify,"Sports nutrition, functional food, hydration, supplements, or wellness brand.",Brand Partnership / Customer,50,Longlist,Potential,"Brand matching, athlete discovery, sponsorship intelligence, and campaign measurement.",,,,https://www.bing.com/search?q=Avvatar+official+company+sports,"Candidate identified - verify website, HQ, stage, and contacts before outreach",2026-08-06,Name/category curated for ecosystem mapping; blank fields intentionally require confirmation.
ST-0324,Barebells,Company / Brand / Platform,"Sports Nutrition, Food & Supplements",Nutrition & Wellness,Global / verify,"Sports nutrition, functional food, hydration, supplements, or wellness brand.",Brand Partnership / Customer,50,Longlist,Potential,"Brand matching, athlete discovery, sponsorship intelligence, and campaign measurement.",,,,https://www.bing.com/search?q=Barebells+official+company+sports,"Candidate identified - verify website, HQ, stage, and contacts before outreach",2026-08-06,Name/category curated for ecosystem mapping; blank fields intentionally require confirmation.
ST-0325,BigMuscles Nutrition,Company / Brand / Platform,"Sports Nutrition, Food & Supplements",Nutrition & Wellness,Global / verify,"Sports nutrition, functional food, hydration, supplements, or wellness brand.",Brand Partnership / Customer,50,Longlist,Potential,"Brand matching, athlete discovery, sponsorship intelligence, and campaign measurement.",,,,https://www.bing.com/search?q=BigMuscles+Nutrition+official+company+sports,"Candidate identified - verify website, HQ, stage, and contacts before outreach",2026-08-06,Name/category curated for ecosystem mapping; blank fields intentionally require confirmation.
ST-0326,BodyArmor,Company / Brand / Platform,"Sports Nutrition, Food & Supplements",Nutrition & Wellness,Global / verify,"Sports nutrition, functional food, hydration, supplements, or wellness brand.",Brand Partnership / Customer,50,Longlist,Potential,"Brand matching, athlete discovery, sponsorship intelligence, and campaign measurement.",,,,https://www.bing.com/search?q=BodyArmor+official+company+sports,"Candidate identified - verify website, HQ, stage, and contacts before outreach",2026-08-06,Name/category curated for ecosystem mapping; blank fields intentionally require confirmation.
ST-0327,Boldfit,Company / Brand / Platform,"Sports Nutrition, Food & Supplements",Nutrition & Wellness,India,"Sports nutrition, functional food, hydration, supplements, or wellness brand.",Brand Partnership / Customer,65,Medium,Potential,"Brand matching, athlete discovery, sponsorship intelligence, and campaign measurement.",,,,https://www.bing.com/search?q=Boldfit+official+company+sports,"Candidate identified - verify website, HQ, stage, and contacts before outreach",2026-08-06,Name/category curated for ecosystem mapping; blank fields intentionally require confirmation.
ST-0328,BPN,Company / Brand / Platform,"Sports Nutrition, Food & Supplements",Nutrition & Wellness,Global / verify,"Sports nutrition, functional food, hydration, supplements, or wellness brand.",Brand Partnership / Customer,50,Longlist,Potential,"Brand matching, athlete discovery, sponsorship intelligence, and campaign measurement.",,,,https://www.bing.com/search?q=BPN+official+company+sports,"Candidate identified - verify website, HQ, stage, and contacts before outreach",2026-08-06,Name/category curated for ecosystem mapping; blank fields intentionally require confirmation.
ST-0329,BSN,Company / Brand / Platform,"Sports Nutrition, Food & Supplements",Nutrition & Wellness,Global / verify,"Sports nutrition, functional food, hydration, supplements, or wellness brand.",Brand Partnership / Customer,50,Longlist,Potential,"Brand matching, athlete discovery, sponsorship intelligence, and campaign measurement.",,,,https://www.bing.com/search?q=BSN+official+company+sports,"Candidate identified - verify website, HQ, stage, and contacts before outreach",2026-08-06,Name/category curated for ecosystem mapping; blank fields intentionally require confirmation.
ST-0330,Bulk,Company / Brand / Platform,"Sports Nutrition, Food & Supplements",Nutrition & Wellness,Global / verify,"Sports nutrition, functional food, hydration, supplements, or wellness brand.",Brand Partnership / Customer,50,Longlist,Potential,"Brand matching, athlete discovery, sponsorship intelligence, and campaign measurement.",,,,https://www.bing.com/search?q=Bulk+official+company+sports,"Candidate identified - verify website, HQ, stage, and contacts before outreach",2026-08-06,Name/category curated for ecosystem mapping; blank fields intentionally require confirmation.
ST-0331,Carbamide Forte,Company / Brand / Platform,"Sports Nutrition, Food & Supplements",Nutrition & Wellness,Global / verify,"Sports nutrition, functional food, hydration, supplements, or wellness brand.",Brand Partnership / Customer,50,Longlist,Potential,"Brand matching, athlete discovery, sponsorship intelligence, and campaign measurement.",,,,https://www.bing.com/search?q=Carbamide+Forte+official+company+sports,"Candidate identified - verify website, HQ, stage, and contacts before outreach",2026-08-06,Name/category curated for ecosystem mapping; blank fields intentionally require confirmation.
ST-0332,Cellucor,Company / Brand / Platform,"Sports Nutrition, Food & Supplements",Nutrition & Wellness,Global / verify,"Sports nutrition, functional food, hydration, supplements, or wellness brand.",Brand Partnership / Customer,50,Longlist,Potential,"Brand matching, athlete discovery, sponsorship intelligence, and campaign measurement.",,,,https://www.bing.com/search?q=Cellucor+official+company+sports,"Candidate identified - verify website, HQ, stage, and contacts before outreach",2026-08-06,Name/category curated for ecosystem mapping; blank fields intentionally require confirmation.
ST-0333,CLIF Bar,Company / Brand / Platform,"Sports Nutrition, Food & Supplements",Nutrition & Wellness,Global / verify,"Sports nutrition, functional food, hydration, supplements, or wellness brand.",Brand Partnership / Customer,50,Longlist,Potential,"Brand matching, athlete discovery, sponsorship intelligence, and campaign measurement.",,,,https://www.bing.com/search?q=CLIF+Bar+official+company+sports,"Candidate identified - verify website, HQ, stage, and contacts before outreach",2026-08-06,Name/category curated for ecosystem mapping; blank fields intentionally require confirmation.
ST-0334,Cosmix,Company / Brand / Platform,"Sports Nutrition, Food & Supplements",Nutrition & Wellness,Global / verify,"Sports nutrition, functional food, hydration, supplements, or wellness brand.",Brand Partnership / Customer,50,Longlist,Potential,"Brand matching, athlete discovery, sponsorship intelligence, and campaign measurement.",,,,https://www.bing.com/search?q=Cosmix+official+company+sports,"Candidate identified - verify website, HQ, stage, and contacts before outreach",2026-08-06,Name/category curated for ecosystem mapping; blank fields intentionally require confirmation.
ST-0335,Dabur,Company / Brand / Platform,"Sports Nutrition, Food & Supplements",Nutrition & Wellness,Global / verify,"Sports nutrition, functional food, hydration, supplements, or wellness brand.",Brand Partnership / Customer,50,Longlist,Potential,"Brand matching, athlete discovery, sponsorship intelligence, and campaign measurement.",,,,https://www.bing.com/search?q=Dabur+official+company+sports,"Candidate identified - verify website, HQ, stage, and contacts before outreach",2026-08-06,Name/category curated for ecosystem mapping; blank fields intentionally require confirmation.
ST-0336,Danone Nutricia,Company / Brand / Platform,"Sports Nutrition, Food & Supplements",Nutrition & Wellness,Global / verify,"Sports nutrition, functional food, hydration, supplements, or wellness brand.",Brand Partnership / Customer,50,Longlist,Potential,"Brand matching, athlete discovery, sponsorship intelligence, and campaign measurement.",,,,https://www.bing.com/search?q=Danone+Nutricia+official+company+sports,"Candidate identified - verify website, HQ, stage, and contacts before outreach",2026-08-06,Name/category curated for ecosystem mapping; blank fields intentionally require confirmation.
ST-0337,Dymatize,Company / Brand / Platform,"Sports Nutrition, Food & Supplements",Nutrition & Wellness,Global / verify,"Sports nutrition, functional food, hydration, supplements, or wellness brand.",Brand Partnership / Customer,50,Longlist,Potential,"Brand matching, athlete discovery, sponsorship intelligence, and campaign measurement.",,,,https://www.bing.com/search?q=Dymatize+official+company+sports,"Candidate identified - verify website, HQ, stage, and contacts before outreach",2026-08-06,Name/category curated for ecosystem mapping; blank fields intentionally require confirmation.
ST-0338,Electrolit,Company / Brand / Platform,"Sports Nutrition, Food & Supplements",Nutrition & Wellness,Global / verify,"Sports nutrition, functional food, hydration, supplements, or wellness brand.",Brand Partnership / Customer,50,Longlist,Potential,"Brand matching, athlete discovery, sponsorship intelligence, and campaign measurement.",,,,https://www.bing.com/search?q=Electrolit+official+company+sports,"Candidate identified - verify website, HQ, stage, and contacts before outreach",2026-08-06,Name/category curated for ecosystem mapping; blank fields intentionally require confirmation.
ST-0339,EVLution Nutrition,Company / Brand / Platform,"Sports Nutrition, Food & Supplements",Nutrition & Wellness,Global / verify,"Sports nutrition, functional food, hydration, supplements, or wellness brand.",Brand Partnership / Customer,50,Longlist,Potential,"Brand matching, athlete discovery, sponsorship intelligence, and campaign measurement.",,,,https://www.bing.com/search?q=EVLution+Nutrition+official+company+sports,"Candidate identified - verify website, HQ, stage, and contacts before outreach",2026-08-06,Name/category curated for ecosystem mapping; blank fields intentionally require confirmation.
ST-0340,Fast&Up,Company / Brand / Platform,"Sports Nutrition, Food & Supplements",Nutrition & Wellness,India,"Sports nutrition, functional food, hydration, supplements, or wellness brand.",Brand Partnership / Customer,65,Medium,Potential,"Brand matching, athlete discovery, sponsorship intelligence, and campaign measurement.",,,,https://www.bing.com/search?q=Fast%26Up+official+company+sports,"Candidate identified - verify website, HQ, stage, and contacts before outreach",2026-08-06,Name/category curated for ecosystem mapping; blank fields intentionally require confirmation.
ST-0341,Garden of Life,Company / Brand / Platform,"Sports Nutrition, Food & Supplements",Nutrition & Wellness,Global / verify,"Sports nutrition, functional food, hydration, supplements, or wellness brand.",Brand Partnership / Customer,50,Longlist,Potential,"Brand matching, athlete discovery, sponsorship intelligence, and campaign measurement.",,,,https://www.bing.com/search?q=Garden+of+Life+official+company+sports,"Candidate identified - verify website, HQ, stage, and contacts before outreach",2026-08-06,Name/category curated for ecosystem mapping; blank fields intentionally require confirmation.
ST-0342,Gatorade,Company / Brand / Platform,"Sports Nutrition, Food & Supplements",Nutrition & Wellness,Global / verify,"Sports nutrition, functional food, hydration, supplements, or wellness brand.",Brand Partnership / Customer,50,Longlist,Potential,"Brand matching, athlete discovery, sponsorship intelligence, and campaign measurement.",,,,https://www.bing.com/search?q=Gatorade+official+company+sports,"Candidate identified - verify website, HQ, stage, and contacts before outreach",2026-08-06,Name/category curated for ecosystem mapping; blank fields intentionally require confirmation.
ST-0343,Ghost Lifestyle,Company / Brand / Platform,"Sports Nutrition, Food & Supplements",Nutrition & Wellness,Global / verify,"Sports nutrition, functional food, hydration, supplements, or wellness brand.",Brand Partnership / Customer,50,Longlist,Potential,"Brand matching, athlete discovery, sponsorship intelligence, and campaign measurement.",,,,https://www.bing.com/search?q=Ghost+Lifestyle+official+company+sports,"Candidate identified - verify website, HQ, stage, and contacts before outreach",2026-08-06,Name/category curated for ecosystem mapping; blank fields intentionally require confirmation.
ST-0344,GNC,Company / Brand / Platform,"Sports Nutrition, Food & Supplements",Nutrition & Wellness,Global / verify,"Sports nutrition, functional food, hydration, supplements, or wellness brand.",Brand Partnership / Customer,50,Longlist,Potential,"Brand matching, athlete discovery, sponsorship intelligence, and campaign measurement.",,,,https://www.bing.com/search?q=GNC+official+company+sports,"Candidate identified - verify website, HQ, stage, and contacts before outreach",2026-08-06,Name/category curated for ecosystem mapping; blank fields intentionally require confirmation.
ST-0345,Grenade,Company / Brand / Platform,"Sports Nutrition, Food & Supplements",Nutrition & Wellness,Global / verify,"Sports nutrition, functional food, hydration, supplements, or wellness brand.",Brand Partnership / Customer,50,Longlist,Potential,"Brand matching, athlete discovery, sponsorship intelligence, and campaign measurement.",,,,https://www.bing.com/search?q=Grenade+official+company+sports,"Candidate identified - verify website, HQ, stage, and contacts before outreach",2026-08-06,Name/category curated for ecosystem mapping; blank fields intentionally require confirmation.
ST-0346,GU Energy Labs,Company / Brand / Platform,"Sports Nutrition, Food & Supplements",Nutrition & Wellness,Global / verify,"Sports nutrition, functional food, hydration, supplements, or wellness brand.",Brand Partnership / Customer,50,Longlist,Potential,"Brand matching, athlete discovery, sponsorship intelligence, and campaign measurement.",,,,https://www.bing.com/search?q=GU+Energy+Labs+official+company+sports,"Candidate identified - verify website, HQ, stage, and contacts before outreach",2026-08-06,Name/category curated for ecosystem mapping; blank fields intentionally require confirmation.
ST-0347,HealthKart,Company / Brand / Platform,"Sports Nutrition, Food & Supplements",Nutrition & Wellness,Global / verify,"Sports nutrition, functional food, hydration, supplements, or wellness brand.",Brand Partnership / Customer,50,Longlist,Potential,"Brand matching, athlete discovery, sponsorship intelligence, and campaign measurement.",,,,https://www.bing.com/search?q=HealthKart+official+company+sports,"Candidate identified - verify website, HQ, stage, and contacts before outreach",2026-08-06,Name/category curated for ecosystem mapping; blank fields intentionally require confirmation.
ST-0348,Herbalife Nutrition,Company / Brand / Platform,"Sports Nutrition, Food & Supplements",Nutrition & Wellness,Global / verify,"Sports nutrition, functional food, hydration, supplements, or wellness brand.",Brand Partnership / Customer,50,Longlist,Potential,"Brand matching, athlete discovery, sponsorship intelligence, and campaign measurement.",,,,https://www.bing.com/search?q=Herbalife+Nutrition+official+company+sports,"Candidate identified - verify website, HQ, stage, and contacts before outreach",2026-08-06,Name/category curated for ecosystem mapping; blank fields intentionally require confirmation.
ST-0349,High5 Sports Nutrition,Company / Brand / Platform,"Sports Nutrition, Food & Supplements",Nutrition & Wellness,Global / verify,"Sports nutrition, functional food, hydration, supplements, or wellness brand.",Brand Partnership / Customer,50,Longlist,Potential,"Brand matching, athlete discovery, sponsorship intelligence, and campaign measurement.",,,,https://www.bing.com/search?q=High5+Sports+Nutrition+official+company+sports,"Candidate identified - verify website, HQ, stage, and contacts before outreach",2026-08-06,Name/category curated for ecosystem mapping; blank fields intentionally require confirmation.
ST-0350,Himalaya Wellness,Company / Brand / Platform,"Sports Nutrition, Food & Supplements",Nutrition & Wellness,Global / verify,"Sports nutrition, functional food, hydration, supplements, or wellness brand.",Brand Partnership / Customer,50,Longlist,Potential,"Brand matching, athlete discovery, sponsorship intelligence, and campaign measurement.",,,,https://www.bing.com/search?q=Himalaya+Wellness+official+company+sports,"Candidate identified - verify website, HQ, stage, and contacts before outreach",2026-08-06,Name/category curated for ecosystem mapping; blank fields intentionally require confirmation.
ST-0351,HK Vitals,Company / Brand / Platform,"Sports Nutrition, Food & Supplements",Nutrition & Wellness,Global / verify,"Sports nutrition, functional food, hydration, supplements, or wellness brand.",Brand Partnership / Customer,50,Longlist,Potential,"Brand matching, athlete discovery, sponsorship intelligence, and campaign measurement.",,,,https://www.bing.com/search?q=HK+Vitals+official+company+sports,"Candidate identified - verify website, HQ, stage, and contacts before outreach",2026-08-06,Name/category curated for ecosystem mapping; blank fields intentionally require confirmation.
ST-0352,Huel,Company / Brand / Platform,"Sports Nutrition, Food & Supplements",Nutrition & Wellness,Global / verify,"Sports nutrition, functional food, hydration, supplements, or wellness brand.",Brand Partnership / Customer,50,Longlist,Potential,"Brand matching, athlete discovery, sponsorship intelligence, and campaign measurement.",,,,https://www.bing.com/search?q=Huel+official+company+sports,"Candidate identified - verify website, HQ, stage, and contacts before outreach",2026-08-06,Name/category curated for ecosystem mapping; blank fields intentionally require confirmation.
ST-0353,Isopure,Company / Brand / Platform,"Sports Nutrition, Food & Supplements",Nutrition & Wellness,Global / verify,"Sports nutrition, functional food, hydration, supplements, or wellness brand.",Brand Partnership / Customer,50,Longlist,Potential,"Brand matching, athlete discovery, sponsorship intelligence, and campaign measurement.",,,,https://www.bing.com/search?q=Isopure+official+company+sports,"Candidate identified - verify website, HQ, stage, and contacts before outreach",2026-08-06,Name/category curated for ecosystem mapping; blank fields intentionally require confirmation.
ST-0354,Jimmy Joy,Company / Brand / Platform,"Sports Nutrition, Food & Supplements",Nutrition & Wellness,Global / verify,"Sports nutrition, functional food, hydration, supplements, or wellness brand.",Brand Partnership / Customer,50,Longlist,Potential,"Brand matching, athlete discovery, sponsorship intelligence, and campaign measurement.",,,,https://www.bing.com/search?q=Jimmy+Joy+official+company+sports,"Candidate identified - verify website, HQ, stage, and contacts before outreach",2026-08-06,Name/category curated for ecosystem mapping; blank fields intentionally require confirmation.
ST-0355,JYM Supplement Science,Company / Brand / Platform,"Sports Nutrition, Food & Supplements",Nutrition & Wellness,Global / verify,"Sports nutrition, functional food, hydration, supplements, or wellness brand.",Brand Partnership / Customer,50,Longlist,Potential,"Brand matching, athlete discovery, sponsorship intelligence, and campaign measurement.",,,,https://www.bing.com/search?q=JYM+Supplement+Science+official+company+sports,"Candidate identified - verify website, HQ, stage, and contacts before outreach",2026-08-06,Name/category curated for ecosystem mapping; blank fields intentionally require confirmation.
ST-0356,Ka'Chava,Company / Brand / Platform,"Sports Nutrition, Food & Supplements",Nutrition & Wellness,Global / verify,"Sports nutrition, functional food, hydration, supplements, or wellness brand.",Brand Partnership / Customer,50,Longlist,Potential,"Brand matching, athlete discovery, sponsorship intelligence, and campaign measurement.",,,,https://www.bing.com/search?q=Ka%27Chava+official+company+sports,"Candidate identified - verify website, HQ, stage, and contacts before outreach",2026-08-06,Name/category curated for ecosystem mapping; blank fields intentionally require confirmation.
ST-0357,Kaged,Company / Brand / Platform,"Sports Nutrition, Food & Supplements",Nutrition & Wellness,Global / verify,"Sports nutrition, functional food, hydration, supplements, or wellness brand.",Brand Partnership / Customer,50,Longlist,Potential,"Brand matching, athlete discovery, sponsorship intelligence, and campaign measurement.",,,,https://www.bing.com/search?q=Kaged+official+company+sports,"Candidate identified - verify website, HQ, stage, and contacts before outreach",2026-08-06,Name/category curated for ecosystem mapping; blank fields intentionally require confirmation.
ST-0358,Kapiva,Company / Brand / Platform,"Sports Nutrition, Food & Supplements",Nutrition & Wellness,Global / verify,"Sports nutrition, functional food, hydration, supplements, or wellness brand.",Brand Partnership / Customer,50,Longlist,Potential,"Brand matching, athlete discovery, sponsorship intelligence, and campaign measurement.",,,,https://www.bing.com/search?q=Kapiva+official+company+sports,"Candidate identified - verify website, HQ, stage, and contacts before outreach",2026-08-06,Name/category curated for ecosystem mapping; blank fields intentionally require confirmation.
ST-0359,Kind Snacks,Company / Brand / Platform,"Sports Nutrition, Food & Supplements",Nutrition & Wellness,Global / verify,"Sports nutrition, functional food, hydration, supplements, or wellness brand.",Brand Partnership / Customer,50,Longlist,Potential,"Brand matching, athlete discovery, sponsorship intelligence, and campaign measurement.",,,,https://www.bing.com/search?q=Kind+Snacks+official+company+sports,"Candidate identified - verify website, HQ, stage, and contacts before outreach",2026-08-06,Name/category curated for ecosystem mapping; blank fields intentionally require confirmation.
ST-0360,Legion Athletics,Company / Brand / Platform,"Sports Nutrition, Food & Supplements",Nutrition & Wellness,Global / verify,"Sports nutrition, functional food, hydration, supplements, or wellness brand.",Brand Partnership / Customer,50,Longlist,Potential,"Brand matching, athlete discovery, sponsorship intelligence, and campaign measurement.",,,,https://www.bing.com/search?q=Legion+Athletics+official+company+sports,"Candidate identified - verify website, HQ, stage, and contacts before outreach",2026-08-06,Name/category curated for ecosystem mapping; blank fields intentionally require confirmation.
ST-0361,Liquid I.V.,Company / Brand / Platform,"Sports Nutrition, Food & Supplements",Nutrition & Wellness,Global / verify,"Sports nutrition, functional food, hydration, supplements, or wellness brand.",Brand Partnership / Customer,50,Longlist,Potential,"Brand matching, athlete discovery, sponsorship intelligence, and campaign measurement.",,,,https://www.bing.com/search?q=Liquid+I.V.+official+company+sports,"Candidate identified - verify website, HQ, stage, and contacts before outreach",2026-08-06,Name/category curated for ecosystem mapping; blank fields intentionally require confirmation.
ST-0362,LMNT,Company / Brand / Platform,"Sports Nutrition, Food & Supplements",Nutrition & Wellness,Global / verify,"Sports nutrition, functional food, hydration, supplements, or wellness brand.",Brand Partnership / Customer,50,Longlist,Potential,"Brand matching, athlete discovery, sponsorship intelligence, and campaign measurement.",,,,https://www.bing.com/search?q=LMNT+official+company+sports,"Candidate identified - verify website, HQ, stage, and contacts before outreach",2026-08-06,Name/category curated for ecosystem mapping; blank fields intentionally require confirmation.
ST-0363,Maurten,Company / Brand / Platform,"Sports Nutrition, Food & Supplements",Nutrition & Wellness,Global / verify,"Sports nutrition, functional food, hydration, supplements, or wellness brand.",Brand Partnership / Customer,50,Longlist,Potential,"Brand matching, athlete discovery, sponsorship intelligence, and campaign measurement.",,,,https://www.bing.com/search?q=Maurten+official+company+sports,"Candidate identified - verify website, HQ, stage, and contacts before outreach",2026-08-06,Name/category curated for ecosystem mapping; blank fields intentionally require confirmation.
ST-0364,Momentous,Company / Brand / Platform,"Sports Nutrition, Food & Supplements",Nutrition & Wellness,Global / verify,"Sports nutrition, functional food, hydration, supplements, or wellness brand.",Brand Partnership / Customer,50,Longlist,Potential,"Brand matching, athlete discovery, sponsorship intelligence, and campaign measurement.",,,,https://www.bing.com/search?q=Momentous+official+company+sports,"Candidate identified - verify website, HQ, stage, and contacts before outreach",2026-08-06,Name/category curated for ecosystem mapping; blank fields intentionally require confirmation.
ST-0365,Muscle Nectar,Company / Brand / Platform,"Sports Nutrition, Food & Supplements",Nutrition & Wellness,Global / verify,"Sports nutrition, functional food, hydration, supplements, or wellness brand.",Brand Partnership / Customer,50,Longlist,Potential,"Brand matching, athlete discovery, sponsorship intelligence, and campaign measurement.",,,,https://www.bing.com/search?q=Muscle+Nectar+official+company+sports,"Candidate identified - verify website, HQ, stage, and contacts before outreach",2026-08-06,Name/category curated for ecosystem mapping; blank fields intentionally require confirmation.
ST-0366,MuscleBlaze,Company / Brand / Platform,"Sports Nutrition, Food & Supplements",Nutrition & Wellness,India,"Sports nutrition, functional food, hydration, supplements, or wellness brand.",Brand Partnership / Customer,65,Medium,Potential,"Brand matching, athlete discovery, sponsorship intelligence, and campaign measurement.",,,,https://www.bing.com/search?q=MuscleBlaze+official+company+sports,"Candidate identified - verify website, HQ, stage, and contacts before outreach",2026-08-06,Name/category curated for ecosystem mapping; blank fields intentionally require confirmation.
ST-0367,MuscleTech,Company / Brand / Platform,"Sports Nutrition, Food & Supplements",Nutrition & Wellness,Global / verify,"Sports nutrition, functional food, hydration, supplements, or wellness brand.",Brand Partnership / Customer,50,Longlist,Potential,"Brand matching, athlete discovery, sponsorship intelligence, and campaign measurement.",,,,https://www.bing.com/search?q=MuscleTech+official+company+sports,"Candidate identified - verify website, HQ, stage, and contacts before outreach",2026-08-06,Name/category curated for ecosystem mapping; blank fields intentionally require confirmation.
ST-0368,Myprotein,Company / Brand / Platform,"Sports Nutrition, Food & Supplements",Nutrition & Wellness,Global / verify,"Sports nutrition, functional food, hydration, supplements, or wellness brand.",Brand Partnership / Customer,50,Longlist,Potential,"Brand matching, athlete discovery, sponsorship intelligence, and campaign measurement.",,,,https://www.bing.com/search?q=Myprotein+official+company+sports,"Candidate identified - verify website, HQ, stage, and contacts before outreach",2026-08-06,Name/category curated for ecosystem mapping; blank fields intentionally require confirmation.
ST-0369,Nakpro,Company / Brand / Platform,"Sports Nutrition, Food & Supplements",Nutrition & Wellness,Global / verify,"Sports nutrition, functional food, hydration, supplements, or wellness brand.",Brand Partnership / Customer,50,Longlist,Potential,"Brand matching, athlete discovery, sponsorship intelligence, and campaign measurement.",,,,https://www.bing.com/search?q=Nakpro+official+company+sports,"Candidate identified - verify website, HQ, stage, and contacts before outreach",2026-08-06,Name/category curated for ecosystem mapping; blank fields intentionally require confirmation.
ST-0370,Naturaltein,Company / Brand / Platform,"Sports Nutrition, Food & Supplements",Nutrition & Wellness,Global / verify,"Sports nutrition, functional food, hydration, supplements, or wellness brand.",Brand Partnership / Customer,50,Longlist,Potential,"Brand matching, athlete discovery, sponsorship intelligence, and campaign measurement.",,,,https://www.bing.com/search?q=Naturaltein+official+company+sports,"Candidate identified - verify website, HQ, stage, and contacts before outreach",2026-08-06,Name/category curated for ecosystem mapping; blank fields intentionally require confirmation.
ST-0371,Nestle Health Science,Company / Brand / Platform,"Sports Nutrition, Food & Supplements",Nutrition & Wellness,Global / verify,"Sports nutrition, functional food, hydration, supplements, or wellness brand.",Brand Partnership / Customer,50,Longlist,Potential,"Brand matching, athlete discovery, sponsorship intelligence, and campaign measurement.",,,,https://www.bing.com/search?q=Nestle+Health+Science+official+company+sports,"Candidate identified - verify website, HQ, stage, and contacts before outreach",2026-08-06,Name/category curated for ecosystem mapping; blank fields intentionally require confirmation.
ST-0372,Neversecond,Company / Brand / Platform,"Sports Nutrition, Food & Supplements",Nutrition & Wellness,Global / verify,"Sports nutrition, functional food, hydration, supplements, or wellness brand.",Brand Partnership / Customer,50,Longlist,Potential,"Brand matching, athlete discovery, sponsorship intelligence, and campaign measurement.",,,,https://www.bing.com/search?q=Neversecond+official+company+sports,"Candidate identified - verify website, HQ, stage, and contacts before outreach",2026-08-06,Name/category curated for ecosystem mapping; blank fields intentionally require confirmation.
ST-0373,Nourish You,Company / Brand / Platform,"Sports Nutrition, Food & Supplements",Nutrition & Wellness,Global / verify,"Sports nutrition, functional food, hydration, supplements, or wellness brand.",Brand Partnership / Customer,50,Longlist,Potential,"Brand matching, athlete discovery, sponsorship intelligence, and campaign measurement.",,,,https://www.bing.com/search?q=Nourish+You+official+company+sports,"Candidate identified - verify website, HQ, stage, and contacts before outreach",2026-08-06,Name/category curated for ecosystem mapping; blank fields intentionally require confirmation.
ST-0374,NOW Sports,Company / Brand / Platform,"Sports Nutrition, Food & Supplements",Nutrition & Wellness,Global / verify,"Sports nutrition, functional food, hydration, supplements, or wellness brand.",Brand Partnership / Customer,50,Longlist,Potential,"Brand matching, athlete discovery, sponsorship intelligence, and campaign measurement.",,,,https://www.bing.com/search?q=NOW+Sports+official+company+sports,"Candidate identified - verify website, HQ, stage, and contacts before outreach",2026-08-06,Name/category curated for ecosystem mapping; blank fields intentionally require confirmation.
ST-0375,Nutrabay,Company / Brand / Platform,"Sports Nutrition, Food & Supplements",Nutrition & Wellness,India,"Sports nutrition, functional food, hydration, supplements, or wellness brand.",Brand Partnership / Customer,65,Medium,Potential,"Brand matching, athlete discovery, sponsorship intelligence, and campaign measurement.",,,,https://www.bing.com/search?q=Nutrabay+official+company+sports,"Candidate identified - verify website, HQ, stage, and contacts before outreach",2026-08-06,Name/category curated for ecosystem mapping; blank fields intentionally require confirmation.
ST-0376,Nutrex Research,Company / Brand / Platform,"Sports Nutrition, Food & Supplements",Nutrition & Wellness,Global / verify,"Sports nutrition, functional food, hydration, supplements, or wellness brand.",Brand Partnership / Customer,50,Longlist,Potential,"Brand matching, athlete discovery, sponsorship intelligence, and campaign measurement.",,,,https://www.bing.com/search?q=Nutrex+Research+official+company+sports,"Candidate identified - verify website, HQ, stage, and contacts before outreach",2026-08-06,Name/category curated for ecosystem mapping; blank fields intentionally require confirmation.
ST-0377,Nuun,Company / Brand / Platform,"Sports Nutrition, Food & Supplements",Nutrition & Wellness,Global / verify,"Sports nutrition, functional food, hydration, supplements, or wellness brand.",Brand Partnership / Customer,50,Longlist,Potential,"Brand matching, athlete discovery, sponsorship intelligence, and campaign measurement.",,,,https://www.bing.com/search?q=Nuun+official+company+sports,"Candidate identified - verify website, HQ, stage, and contacts before outreach",2026-08-06,Name/category curated for ecosystem mapping; blank fields intentionally require confirmation.
ST-0378,Onnit,Company / Brand / Platform,"Sports Nutrition, Food & Supplements",Nutrition & Wellness,Global / verify,"Sports nutrition, functional food, hydration, supplements, or wellness brand.",Brand Partnership / Customer,50,Longlist,Potential,"Brand matching, athlete discovery, sponsorship intelligence, and campaign measurement.",,,,https://www.bing.com/search?q=Onnit+official+company+sports,"Candidate identified - verify website, HQ, stage, and contacts before outreach",2026-08-06,Name/category curated for ecosystem mapping; blank fields intentionally require confirmation.
ST-0379,Open Secret,Company / Brand / Platform,"Sports Nutrition, Food & Supplements",Nutrition & Wellness,Global / verify,"Sports nutrition, functional food, hydration, supplements, or wellness brand.",Brand Partnership / Customer,50,Longlist,Potential,"Brand matching, athlete discovery, sponsorship intelligence, and campaign measurement.",,,,https://www.bing.com/search?q=Open+Secret+official+company+sports,"Candidate identified - verify website, HQ, stage, and contacts before outreach",2026-08-06,Name/category curated for ecosystem mapping; blank fields intentionally require confirmation.
ST-0380,Optimum Nutrition,Company / Brand / Platform,"Sports Nutrition, Food & Supplements",Nutrition & Wellness,Global / verify,"Sports nutrition, functional food, hydration, supplements, or wellness brand.",Brand Partnership / Customer,50,Longlist,Potential,"Brand matching, athlete discovery, sponsorship intelligence, and campaign measurement.",,,,https://www.bing.com/search?q=Optimum+Nutrition+official+company+sports,"Candidate identified - verify website, HQ, stage, and contacts before outreach",2026-08-06,Name/category curated for ecosystem mapping; blank fields intentionally require confirmation.
ST-0381,Orgain,Company / Brand / Platform,"Sports Nutrition, Food & Supplements",Nutrition & Wellness,Global / verify,"Sports nutrition, functional food, hydration, supplements, or wellness brand.",Brand Partnership / Customer,50,Longlist,Potential,"Brand matching, athlete discovery, sponsorship intelligence, and campaign measurement.",,,,https://www.bing.com/search?q=Orgain+official+company+sports,"Candidate identified - verify website, HQ, stage, and contacts before outreach",2026-08-06,Name/category curated for ecosystem mapping; blank fields intentionally require confirmation.
ST-0382,Origin Nutrition,Company / Brand / Platform,"Sports Nutrition, Food & Supplements",Nutrition & Wellness,India,"Sports nutrition, functional food, hydration, supplements, or wellness brand.",Brand Partnership / Customer,65,Medium,Potential,"Brand matching, athlete discovery, sponsorship intelligence, and campaign measurement.",,,,https://www.bing.com/search?q=Origin+Nutrition+official+company+sports,"Candidate identified - verify website, HQ, stage, and contacts before outreach",2026-08-06,Name/category curated for ecosystem mapping; blank fields intentionally require confirmation.
ST-0383,OTE Sports,Company / Brand / Platform,"Sports Nutrition, Food & Supplements",Nutrition & Wellness,Global / verify,"Sports nutrition, functional food, hydration, supplements, or wellness brand.",Brand Partnership / Customer,50,Longlist,Potential,"Brand matching, athlete discovery, sponsorship intelligence, and campaign measurement.",,,,https://www.bing.com/search?q=OTE+Sports+official+company+sports,"Candidate identified - verify website, HQ, stage, and contacts before outreach",2026-08-06,Name/category curated for ecosystem mapping; blank fields intentionally require confirmation.
ST-0384,OZiva,Company / Brand / Platform,"Sports Nutrition, Food & Supplements",Nutrition & Wellness,India,"Sports nutrition, functional food, hydration, supplements, or wellness brand.",Brand Partnership / Customer,65,Medium,Potential,"Brand matching, athlete discovery, sponsorship intelligence, and campaign measurement.",,,,https://www.bing.com/search?q=OZiva+official+company+sports,"Candidate identified - verify website, HQ, stage, and contacts before outreach",2026-08-06,Name/category curated for ecosystem mapping; blank fields intentionally require confirmation.
ST-0385,Patanjali,Company / Brand / Platform,"Sports Nutrition, Food & Supplements",Nutrition & Wellness,Global / verify,"Sports nutrition, functional food, hydration, supplements, or wellness brand.",Brand Partnership / Customer,50,Longlist,Potential,"Brand matching, athlete discovery, sponsorship intelligence, and campaign measurement.",,,,https://www.bing.com/search?q=Patanjali+official+company+sports,"Candidate identified - verify website, HQ, stage, and contacts before outreach",2026-08-06,Name/category curated for ecosystem mapping; blank fields intentionally require confirmation.
ST-0386,Pedialyte Sport,Company / Brand / Platform,"Sports Nutrition, Food & Supplements",Nutrition & Wellness,Global / verify,"Sports nutrition, functional food, hydration, supplements, or wellness brand.",Brand Partnership / Customer,50,Longlist,Potential,"Brand matching, athlete discovery, sponsorship intelligence, and campaign measurement.",,,,https://www.bing.com/search?q=Pedialyte+Sport+official+company+sports,"Candidate identified - verify website, HQ, stage, and contacts before outreach",2026-08-06,Name/category curated for ecosystem mapping; blank fields intentionally require confirmation.
ST-0387,Perfect Sports,Company / Brand / Platform,"Sports Nutrition, Food & Supplements",Nutrition & Wellness,Global / verify,"Sports nutrition, functional food, hydration, supplements, or wellness brand.",Brand Partnership / Customer,50,Longlist,Potential,"Brand matching, athlete discovery, sponsorship intelligence, and campaign measurement.",,,,https://www.bing.com/search?q=Perfect+Sports+official+company+sports,"Candidate identified - verify website, HQ, stage, and contacts before outreach",2026-08-06,Name/category curated for ecosystem mapping; blank fields intentionally require confirmation.
ST-0388,PEScience,Company / Brand / Platform,"Sports Nutrition, Food & Supplements",Nutrition & Wellness,Global / verify,"Sports nutrition, functional food, hydration, supplements, or wellness brand.",Brand Partnership / Customer,50,Longlist,Potential,"Brand matching, athlete discovery, sponsorship intelligence, and campaign measurement.",,,,https://www.bing.com/search?q=PEScience+official+company+sports,"Candidate identified - verify website, HQ, stage, and contacts before outreach",2026-08-06,Name/category curated for ecosystem mapping; blank fields intentionally require confirmation.
ST-0389,Plix,Company / Brand / Platform,"Sports Nutrition, Food & Supplements",Nutrition & Wellness,Global / verify,"Sports nutrition, functional food, hydration, supplements, or wellness brand.",Brand Partnership / Customer,50,Longlist,Potential,"Brand matching, athlete discovery, sponsorship intelligence, and campaign measurement.",,,,https://www.bing.com/search?q=Plix+official+company+sports,"Candidate identified - verify website, HQ, stage, and contacts before outreach",2026-08-06,Name/category curated for ecosystem mapping; blank fields intentionally require confirmation.
ST-0390,Power Gummies,Company / Brand / Platform,"Sports Nutrition, Food & Supplements",Nutrition & Wellness,Global / verify,"Sports nutrition, functional food, hydration, supplements, or wellness brand.",Brand Partnership / Customer,50,Longlist,Potential,"Brand matching, athlete discovery, sponsorship intelligence, and campaign measurement.",,,,https://www.bing.com/search?q=Power+Gummies+official+company+sports,"Candidate identified - verify website, HQ, stage, and contacts before outreach",2026-08-06,Name/category curated for ecosystem mapping; blank fields intentionally require confirmation.
ST-0391,Powerade,Company / Brand / Platform,"Sports Nutrition, Food & Supplements",Nutrition & Wellness,Global / verify,"Sports nutrition, functional food, hydration, supplements, or wellness brand.",Brand Partnership / Customer,50,Longlist,Potential,"Brand matching, athlete discovery, sponsorship intelligence, and campaign measurement.",,,,https://www.bing.com/search?q=Powerade+official+company+sports,"Candidate identified - verify website, HQ, stage, and contacts before outreach",2026-08-06,Name/category curated for ecosystem mapping; blank fields intentionally require confirmation.
ST-0392,Precision Fuel & Hydration,Company / Brand / Platform,"Sports Nutrition, Food & Supplements",Nutrition & Wellness,Global / verify,"Sports nutrition, functional food, hydration, supplements, or wellness brand.",Brand Partnership / Customer,50,Longlist,Potential,"Brand matching, athlete discovery, sponsorship intelligence, and campaign measurement.",,,,https://www.bing.com/search?q=Precision+Fuel+%26+Hydration+official+company+sports,"Candidate identified - verify website, HQ, stage, and contacts before outreach",2026-08-06,Name/category curated for ecosystem mapping; blank fields intentionally require confirmation.
ST-0393,Prime Hydration,Company / Brand / Platform,"Sports Nutrition, Food & Supplements",Nutrition & Wellness,Global / verify,"Sports nutrition, functional food, hydration, supplements, or wellness brand.",Brand Partnership / Customer,50,Longlist,Potential,"Brand matching, athlete discovery, sponsorship intelligence, and campaign measurement.",,,,https://www.bing.com/search?q=Prime+Hydration+official+company+sports,"Candidate identified - verify website, HQ, stage, and contacts before outreach",2026-08-06,Name/category curated for ecosystem mapping; blank fields intentionally require confirmation.
ST-0394,ProSupps,Company / Brand / Platform,"Sports Nutrition, Food & Supplements",Nutrition & Wellness,Global / verify,"Sports nutrition, functional food, hydration, supplements, or wellness brand.",Brand Partnership / Customer,50,Longlist,Potential,"Brand matching, athlete discovery, sponsorship intelligence, and campaign measurement.",,,,https://www.bing.com/search?q=ProSupps+official+company+sports,"Candidate identified - verify website, HQ, stage, and contacts before outreach",2026-08-06,Name/category curated for ecosystem mapping; blank fields intentionally require confirmation.
ST-0395,Quest Nutrition,Company / Brand / Platform,"Sports Nutrition, Food & Supplements",Nutrition & Wellness,Global / verify,"Sports nutrition, functional food, hydration, supplements, or wellness brand.",Brand Partnership / Customer,50,Longlist,Potential,"Brand matching, athlete discovery, sponsorship intelligence, and campaign measurement.",,,,https://www.bing.com/search?q=Quest+Nutrition+official+company+sports,"Candidate identified - verify website, HQ, stage, and contacts before outreach",2026-08-06,Name/category curated for ecosystem mapping; blank fields intentionally require confirmation.
ST-0396,Redcon1,Company / Brand / Platform,"Sports Nutrition, Food & Supplements",Nutrition & Wellness,Global / verify,"Sports nutrition, functional food, hydration, supplements, or wellness brand.",Brand Partnership / Customer,50,Longlist,Potential,"Brand matching, athlete discovery, sponsorship intelligence, and campaign measurement.",,,,https://www.bing.com/search?q=Redcon1+official+company+sports,"Candidate identified - verify website, HQ, stage, and contacts before outreach",2026-08-06,Name/category curated for ecosystem mapping; blank fields intentionally require confirmation.
ST-0397,RiteBite Max Protein,Company / Brand / Platform,"Sports Nutrition, Food & Supplements",Nutrition & Wellness,Global / verify,"Sports nutrition, functional food, hydration, supplements, or wellness brand.",Brand Partnership / Customer,50,Longlist,Potential,"Brand matching, athlete discovery, sponsorship intelligence, and campaign measurement.",,,,https://www.bing.com/search?q=RiteBite+Max+Protein+official+company+sports,"Candidate identified - verify website, HQ, stage, and contacts before outreach",2026-08-06,Name/category curated for ecosystem mapping; blank fields intentionally require confirmation.
ST-0398,Ritual,Company / Brand / Platform,"Sports Nutrition, Food & Supplements",Nutrition & Wellness,Global / verify,"Sports nutrition, functional food, hydration, supplements, or wellness brand.",Brand Partnership / Customer,50,Longlist,Potential,"Brand matching, athlete discovery, sponsorship intelligence, and campaign measurement.",,,,https://www.bing.com/search?q=Ritual+official+company+sports,"Candidate identified - verify website, HQ, stage, and contacts before outreach",2026-08-06,Name/category curated for ecosystem mapping; blank fields intentionally require confirmation.
ST-0399,Rule One Proteins,Company / Brand / Platform,"Sports Nutrition, Food & Supplements",Nutrition & Wellness,Global / verify,"Sports nutrition, functional food, hydration, supplements, or wellness brand.",Brand Partnership / Customer,50,Longlist,Potential,"Brand matching, athlete discovery, sponsorship intelligence, and campaign measurement.",,,,https://www.bing.com/search?q=Rule+One+Proteins+official+company+sports,"Candidate identified - verify website, HQ, stage, and contacts before outreach",2026-08-06,Name/category curated for ecosystem mapping; blank fields intentionally require confirmation.
ST-0400,RXBAR,Company / Brand / Platform,"Sports Nutrition, Food & Supplements",Nutrition & Wellness,Global / verify,"Sports nutrition, functional food, hydration, supplements, or wellness brand.",Brand Partnership / Customer,50,Longlist,Potential,"Brand matching, athlete discovery, sponsorship intelligence, and campaign measurement.",,,,https://www.bing.com/search?q=RXBAR+official+company+sports,"Candidate identified - verify website, HQ, stage, and contacts before outreach",2026-08-06,Name/category curated for ecosystem mapping; blank fields intentionally require confirmation.
ST-0401,Science in Sport,Company / Brand / Platform,"Sports Nutrition, Food & Supplements",Nutrition & Wellness,Global / verify,"Sports nutrition, functional food, hydration, supplements, or wellness brand.",Brand Partnership / Customer,50,Longlist,Potential,"Brand matching, athlete discovery, sponsorship intelligence, and campaign measurement.",,,,https://www.bing.com/search?q=Science+in+Sport+official+company+sports,"Candidate identified - verify website, HQ, stage, and contacts before outreach",2026-08-06,Name/category curated for ecosystem mapping; blank fields intentionally require confirmation.
ST-0402,Scivation,Company / Brand / Platform,"Sports Nutrition, Food & Supplements",Nutrition & Wellness,Global / verify,"Sports nutrition, functional food, hydration, supplements, or wellness brand.",Brand Partnership / Customer,50,Longlist,Potential,"Brand matching, athlete discovery, sponsorship intelligence, and campaign measurement.",,,,https://www.bing.com/search?q=Scivation+official+company+sports,"Candidate identified - verify website, HQ, stage, and contacts before outreach",2026-08-06,Name/category curated for ecosystem mapping; blank fields intentionally require confirmation.
ST-0403,Setu Nutrition,Company / Brand / Platform,"Sports Nutrition, Food & Supplements",Nutrition & Wellness,Global / verify,"Sports nutrition, functional food, hydration, supplements, or wellness brand.",Brand Partnership / Customer,50,Longlist,Potential,"Brand matching, athlete discovery, sponsorship intelligence, and campaign measurement.",,,,https://www.bing.com/search?q=Setu+Nutrition+official+company+sports,"Candidate identified - verify website, HQ, stage, and contacts before outreach",2026-08-06,Name/category curated for ecosystem mapping; blank fields intentionally require confirmation.
ST-0404,Skratch Labs,Company / Brand / Platform,"Sports Nutrition, Food & Supplements",Nutrition & Wellness,Global / verify,"Sports nutrition, functional food, hydration, supplements, or wellness brand.",Brand Partnership / Customer,50,Longlist,Potential,"Brand matching, athlete discovery, sponsorship intelligence, and campaign measurement.",,,,https://www.bing.com/search?q=Skratch+Labs+official+company+sports,"Candidate identified - verify website, HQ, stage, and contacts before outreach",2026-08-06,Name/category curated for ecosystem mapping; blank fields intentionally require confirmation.
ST-0405,SOS Hydration,Company / Brand / Platform,"Sports Nutrition, Food & Supplements",Nutrition & Wellness,Global / verify,"Sports nutrition, functional food, hydration, supplements, or wellness brand.",Brand Partnership / Customer,50,Longlist,Potential,"Brand matching, athlete discovery, sponsorship intelligence, and campaign measurement.",,,,https://www.bing.com/search?q=SOS+Hydration+official+company+sports,"Candidate identified - verify website, HQ, stage, and contacts before outreach",2026-08-06,Name/category curated for ecosystem mapping; blank fields intentionally require confirmation.
ST-0406,Soylent,Company / Brand / Platform,"Sports Nutrition, Food & Supplements",Nutrition & Wellness,Global / verify,"Sports nutrition, functional food, hydration, supplements, or wellness brand.",Brand Partnership / Customer,50,Longlist,Potential,"Brand matching, athlete discovery, sponsorship intelligence, and campaign measurement.",,,,https://www.bing.com/search?q=Soylent+official+company+sports,"Candidate identified - verify website, HQ, stage, and contacts before outreach",2026-08-06,Name/category curated for ecosystem mapping; blank fields intentionally require confirmation.
ST-0407,Steadfast Nutrition,Company / Brand / Platform,"Sports Nutrition, Food & Supplements",Nutrition & Wellness,Global / verify,"Sports nutrition, functional food, hydration, supplements, or wellness brand.",Brand Partnership / Customer,50,Longlist,Potential,"Brand matching, athlete discovery, sponsorship intelligence, and campaign measurement.",,,,https://www.bing.com/search?q=Steadfast+Nutrition+official+company+sports,"Candidate identified - verify website, HQ, stage, and contacts before outreach",2026-08-06,Name/category curated for ecosystem mapping; blank fields intentionally require confirmation.
ST-0408,Sunwarrior,Company / Brand / Platform,"Sports Nutrition, Food & Supplements",Nutrition & Wellness,Global / verify,"Sports nutrition, functional food, hydration, supplements, or wellness brand.",Brand Partnership / Customer,50,Longlist,Potential,"Brand matching, athlete discovery, sponsorship intelligence, and campaign measurement.",,,,https://www.bing.com/search?q=Sunwarrior+official+company+sports,"Candidate identified - verify website, HQ, stage, and contacts before outreach",2026-08-06,Name/category curated for ecosystem mapping; blank fields intentionally require confirmation.
ST-0409,Tailwind Nutrition,Company / Brand / Platform,"Sports Nutrition, Food & Supplements",Nutrition & Wellness,Global / verify,"Sports nutrition, functional food, hydration, supplements, or wellness brand.",Brand Partnership / Customer,50,Longlist,Potential,"Brand matching, athlete discovery, sponsorship intelligence, and campaign measurement.",,,,https://www.bing.com/search?q=Tailwind+Nutrition+official+company+sports,"Candidate identified - verify website, HQ, stage, and contacts before outreach",2026-08-06,Name/category curated for ecosystem mapping; blank fields intentionally require confirmation.
ST-0410,The Whole Truth,Company / Brand / Platform,"Sports Nutrition, Food & Supplements",Nutrition & Wellness,India,"Sports nutrition, functional food, hydration, supplements, or wellness brand.",Brand Partnership / Customer,65,Medium,Potential,"Brand matching, athlete discovery, sponsorship intelligence, and campaign measurement.",,,,https://www.bing.com/search?q=The+Whole+Truth+official+company+sports,"Candidate identified - verify website, HQ, stage, and contacts before outreach",2026-08-06,Name/category curated for ecosystem mapping; blank fields intentionally require confirmation.
ST-0411,Thorne,Company / Brand / Platform,"Sports Nutrition, Food & Supplements",Nutrition & Wellness,Global / verify,"Sports nutrition, functional food, hydration, supplements, or wellness brand.",Brand Partnership / Customer,50,Longlist,Potential,"Brand matching, athlete discovery, sponsorship intelligence, and campaign measurement.",,,,https://www.bing.com/search?q=Thorne+official+company+sports,"Candidate identified - verify website, HQ, stage, and contacts before outreach",2026-08-06,Name/category curated for ecosystem mapping; blank fields intentionally require confirmation.
ST-0412,Transparent Labs,Company / Brand / Platform,"Sports Nutrition, Food & Supplements",Nutrition & Wellness,Global / verify,"Sports nutrition, functional food, hydration, supplements, or wellness brand.",Brand Partnership / Customer,50,Longlist,Potential,"Brand matching, athlete discovery, sponsorship intelligence, and campaign measurement.",,,,https://www.bing.com/search?q=Transparent+Labs+official+company+sports,"Candidate identified - verify website, HQ, stage, and contacts before outreach",2026-08-06,Name/category curated for ecosystem mapping; blank fields intentionally require confirmation.
ST-0413,TrueBasics,Company / Brand / Platform,"Sports Nutrition, Food & Supplements",Nutrition & Wellness,Global / verify,"Sports nutrition, functional food, hydration, supplements, or wellness brand.",Brand Partnership / Customer,50,Longlist,Potential,"Brand matching, athlete discovery, sponsorship intelligence, and campaign measurement.",,,,https://www.bing.com/search?q=TrueBasics+official+company+sports,"Candidate identified - verify website, HQ, stage, and contacts before outreach",2026-08-06,Name/category curated for ecosystem mapping; blank fields intentionally require confirmation.
ST-0414,Universal Nutrition,Company / Brand / Platform,"Sports Nutrition, Food & Supplements",Nutrition & Wellness,Global / verify,"Sports nutrition, functional food, hydration, supplements, or wellness brand.",Brand Partnership / Customer,50,Longlist,Potential,"Brand matching, athlete discovery, sponsorship intelligence, and campaign measurement.",,,,https://www.bing.com/search?q=Universal+Nutrition+official+company+sports,"Candidate identified - verify website, HQ, stage, and contacts before outreach",2026-08-06,Name/category curated for ecosystem mapping; blank fields intentionally require confirmation.
ST-0415,Vega,Company / Brand / Platform,"Sports Nutrition, Food & Supplements",Nutrition & Wellness,Global / verify,"Sports nutrition, functional food, hydration, supplements, or wellness brand.",Brand Partnership / Customer,50,Longlist,Potential,"Brand matching, athlete discovery, sponsorship intelligence, and campaign measurement.",,,,https://www.bing.com/search?q=Vega+official+company+sports,"Candidate identified - verify website, HQ, stage, and contacts before outreach",2026-08-06,Name/category curated for ecosystem mapping; blank fields intentionally require confirmation.
ST-0416,Wellbeing Nutrition,Company / Brand / Platform,"Sports Nutrition, Food & Supplements",Nutrition & Wellness,India,"Sports nutrition, functional food, hydration, supplements, or wellness brand.",Brand Partnership / Customer,65,Medium,Potential,"Brand matching, athlete discovery, sponsorship intelligence, and campaign measurement.",,,,https://www.bing.com/search?q=Wellbeing+Nutrition+official+company+sports,"Candidate identified - verify website, HQ, stage, and contacts before outreach",2026-08-06,Name/category curated for ecosystem mapping; blank fields intentionally require confirmation.
ST-0417,XTEND,Company / Brand / Platform,"Sports Nutrition, Food & Supplements",Nutrition & Wellness,Global / verify,"Sports nutrition, functional food, hydration, supplements, or wellness brand.",Brand Partnership / Customer,50,Longlist,Potential,"Brand matching, athlete discovery, sponsorship intelligence, and campaign measurement.",,,,https://www.bing.com/search?q=XTEND+official+company+sports,"Candidate identified - verify website, HQ, stage, and contacts before outreach",2026-08-06,Name/category curated for ecosystem mapping; blank fields intentionally require confirmation.
ST-0418,Yoga Bar,Company / Brand / Platform,"Sports Nutrition, Food & Supplements",Nutrition & Wellness,Global / verify,"Sports nutrition, functional food, hydration, supplements, or wellness brand.",Brand Partnership / Customer,50,Longlist,Potential,"Brand matching, athlete discovery, sponsorship intelligence, and campaign measurement.",,,,https://www.bing.com/search?q=Yoga+Bar+official+company+sports,"Candidate identified - verify website, HQ, stage, and contacts before outreach",2026-08-06,Name/category curated for ecosystem mapping; blank fields intentionally require confirmation.
ST-0419,Agilus Diagnostics,Company / Brand / Platform,"Sports Medicine, Health & Longevity",Sports Medicine,Global / verify,"Sports medicine, preventive health, diagnostics, rehabilitation, or longevity business.",Potential Partner / Customer,50,Longlist,Potential,"Partnership, customer discovery, integrations, or ecosystem access.",,,,https://www.bing.com/search?q=Agilus+Diagnostics+official+company+sports,"Candidate identified - verify website, HQ, stage, and contacts before outreach",2026-08-06,Name/category curated for ecosystem mapping; blank fields intentionally require confirmation.
ST-0420,Apollo 24/7,Company / Brand / Platform,"Sports Medicine, Health & Longevity",Sports Medicine,Global / verify,"Sports medicine, preventive health, diagnostics, rehabilitation, or longevity business.",Potential Partner / Customer,50,Longlist,Potential,"Partnership, customer discovery, integrations, or ecosystem access.",,,,https://www.bing.com/search?q=Apollo+24%2F7+official+company+sports,"Candidate identified - verify website, HQ, stage, and contacts before outreach",2026-08-06,Name/category curated for ecosystem mapping; blank fields intentionally require confirmation.
ST-0421,Apollo Diagnostics,Company / Brand / Platform,"Sports Medicine, Health & Longevity",Sports Medicine,Global / verify,"Sports medicine, preventive health, diagnostics, rehabilitation, or longevity business.",Potential Partner / Customer,50,Longlist,Potential,"Partnership, customer discovery, integrations, or ecosystem access.",,,,https://www.bing.com/search?q=Apollo+Diagnostics+official+company+sports,"Candidate identified - verify website, HQ, stage, and contacts before outreach",2026-08-06,Name/category curated for ecosystem mapping; blank fields intentionally require confirmation.
ST-0422,BeatO,Company / Brand / Platform,"Sports Medicine, Health & Longevity",Sports Medicine,Global / verify,"Sports medicine, preventive health, diagnostics, rehabilitation, or longevity business.",Potential Partner / Customer,50,Longlist,Potential,"Partnership, customer discovery, integrations, or ecosystem access.",,,,https://www.bing.com/search?q=BeatO+official+company+sports,"Candidate identified - verify website, HQ, stage, and contacts before outreach",2026-08-06,Name/category curated for ecosystem mapping; blank fields intentionally require confirmation.
ST-0423,CeraScreen,Company / Brand / Platform,"Sports Medicine, Health & Longevity",Sports Medicine,Global / verify,"Sports medicine, preventive health, diagnostics, rehabilitation, or longevity business.",Potential Partner / Customer,50,Longlist,Potential,"Partnership, customer discovery, integrations, or ecosystem access.",,,,https://www.bing.com/search?q=CeraScreen+official+company+sports,"Candidate identified - verify website, HQ, stage, and contacts before outreach",2026-08-06,Name/category curated for ecosystem mapping; blank fields intentionally require confirmation.
ST-0424,Crossover Health,Company / Brand / Platform,"Sports Medicine, Health & Longevity",Sports Medicine,Global / verify,"Sports medicine, preventive health, diagnostics, rehabilitation, or longevity business.",Potential Partner / Customer,50,Longlist,Potential,"Partnership, customer discovery, integrations, or ecosystem access.",,,,https://www.bing.com/search?q=Crossover+Health+official+company+sports,"Candidate identified - verify website, HQ, stage, and contacts before outreach",2026-08-06,Name/category curated for ecosystem mapping; blank fields intentionally require confirmation.
ST-0425,DARI Motion,Company / Brand / Platform,"Sports Medicine, Health & Longevity",Sports Medicine,Global / verify,"Sports medicine, preventive health, diagnostics, rehabilitation, or longevity business.",Potential Partner / Customer,50,Longlist,Potential,"Partnership, customer discovery, integrations, or ecosystem access.",,,,https://www.bing.com/search?q=DARI+Motion+official+company+sports,"Candidate identified - verify website, HQ, stage, and contacts before outreach",2026-08-06,Name/category curated for ecosystem mapping; blank fields intentionally require confirmation.
ST-0426,DayTwo,Company / Brand / Platform,"Sports Medicine, Health & Longevity",Sports Medicine,Global / verify,"Sports medicine, preventive health, diagnostics, rehabilitation, or longevity business.",Potential Partner / Customer,50,Longlist,Potential,"Partnership, customer discovery, integrations, or ecosystem access.",,,,https://www.bing.com/search?q=DayTwo+official+company+sports,"Candidate identified - verify website, HQ, stage, and contacts before outreach",2026-08-06,Name/category curated for ecosystem mapping; blank fields intentionally require confirmation.
ST-0427,DorsaVi,Company / Brand / Platform,"Sports Medicine, Health & Longevity",Sports Medicine,Global / verify,"Sports medicine, preventive health, diagnostics, rehabilitation, or longevity business.",Potential Partner / Customer,50,Longlist,Potential,"Partnership, customer discovery, integrations, or ecosystem access.",,,,https://www.bing.com/search?q=DorsaVi+official+company+sports,"Candidate identified - verify website, HQ, stage, and contacts before outreach",2026-08-06,Name/category curated for ecosystem mapping; blank fields intentionally require confirmation.
ST-0428,Dozee,Company / Brand / Platform,"Sports Medicine, Health & Longevity",Sports Medicine,Global / verify,"Sports medicine, preventive health, diagnostics, rehabilitation, or longevity business.",Potential Partner / Customer,50,Longlist,Potential,"Partnership, customer discovery, integrations, or ecosystem access.",,,,https://www.bing.com/search?q=Dozee+official+company+sports,"Candidate identified - verify website, HQ, stage, and contacts before outreach",2026-08-06,Name/category curated for ecosystem mapping; blank fields intentionally require confirmation.
ST-0429,Dr Lal PathLabs,Company / Brand / Platform,"Sports Medicine, Health & Longevity",Sports Medicine,Global / verify,"Sports medicine, preventive health, diagnostics, rehabilitation, or longevity business.",Potential Partner / Customer,50,Longlist,Potential,"Partnership, customer discovery, integrations, or ecosystem access.",,,,https://www.bing.com/search?q=Dr+Lal+PathLabs+official+company+sports,"Candidate identified - verify website, HQ, stage, and contacts before outreach",2026-08-06,Name/category curated for ecosystem mapping; blank fields intentionally require confirmation.
ST-0430,Dreem,Company / Brand / Platform,"Sports Medicine, Health & Longevity",Sports Medicine,Global / verify,"Sports medicine, preventive health, diagnostics, rehabilitation, or longevity business.",Potential Partner / Customer,50,Longlist,Potential,"Partnership, customer discovery, integrations, or ecosystem access.",,,,https://www.bing.com/search?q=Dreem+official+company+sports,"Candidate identified - verify website, HQ, stage, and contacts before outreach",2026-08-06,Name/category curated for ecosystem mapping; blank fields intentionally require confirmation.
ST-0431,Eight Sleep Pod,Company / Brand / Platform,"Sports Medicine, Health & Longevity",Sports Medicine,Global / verify,"Sports medicine, preventive health, diagnostics, rehabilitation, or longevity business.",Potential Partner / Customer,50,Longlist,Potential,"Partnership, customer discovery, integrations, or ecosystem access.",,,,https://www.bing.com/search?q=Eight+Sleep+Pod+official+company+sports,"Candidate identified - verify website, HQ, stage, and contacts before outreach",2026-08-06,Name/category curated for ecosystem mapping; blank fields intentionally require confirmation.
ST-0432,Everlywell,Company / Brand / Platform,"Sports Medicine, Health & Longevity",Sports Medicine,Global / verify,"Sports medicine, preventive health, diagnostics, rehabilitation, or longevity business.",Potential Partner / Customer,50,Longlist,Potential,"Partnership, customer discovery, integrations, or ecosystem access.",,,,https://www.bing.com/search?q=Everlywell+official+company+sports,"Candidate identified - verify website, HQ, stage, and contacts before outreach",2026-08-06,Name/category curated for ecosystem mapping; blank fields intentionally require confirmation.
ST-0433,Ezra,Company / Brand / Platform,"Sports Medicine, Health & Longevity",Sports Medicine,Global / verify,"Sports medicine, preventive health, diagnostics, rehabilitation, or longevity business.",Potential Partner / Customer,50,Longlist,Potential,"Partnership, customer discovery, integrations, or ecosystem access.",,,,https://www.bing.com/search?q=Ezra+official+company+sports,"Candidate identified - verify website, HQ, stage, and contacts before outreach",2026-08-06,Name/category curated for ecosystem mapping; blank fields intentionally require confirmation.
ST-0434,Fitpage,Company / Brand / Platform,"Sports Medicine, Health & Longevity",Sports Medicine,Global / verify,"Sports medicine, preventive health, diagnostics, rehabilitation, or longevity business.",Potential Partner / Customer,50,Longlist,Potential,"Partnership, customer discovery, integrations, or ecosystem access.",,,,https://www.bing.com/search?q=Fitpage+official+company+sports,"Candidate identified - verify website, HQ, stage, and contacts before outreach",2026-08-06,Name/category curated for ecosystem mapping; blank fields intentionally require confirmation.
ST-0435,Fitterfly,Company / Brand / Platform,"Sports Medicine, Health & Longevity",Sports Medicine,Global / verify,"Sports medicine, preventive health, diagnostics, rehabilitation, or longevity business.",Potential Partner / Customer,50,Longlist,Potential,"Partnership, customer discovery, integrations, or ecosystem access.",,,,https://www.bing.com/search?q=Fitterfly+official+company+sports,"Candidate identified - verify website, HQ, stage, and contacts before outreach",2026-08-06,Name/category curated for ecosystem mapping; blank fields intentionally require confirmation.
ST-0436,Foodsmart,Company / Brand / Platform,"Sports Medicine, Health & Longevity",Sports Medicine,Global / verify,"Sports medicine, preventive health, diagnostics, rehabilitation, or longevity business.",Potential Partner / Customer,50,Longlist,Potential,"Partnership, customer discovery, integrations, or ecosystem access.",,,,https://www.bing.com/search?q=Foodsmart+official+company+sports,"Candidate identified - verify website, HQ, stage, and contacts before outreach",2026-08-06,Name/category curated for ecosystem mapping; blank fields intentionally require confirmation.
ST-0437,Forward,Company / Brand / Platform,"Sports Medicine, Health & Longevity",Sports Medicine,Global / verify,"Sports medicine, preventive health, diagnostics, rehabilitation, or longevity business.",Potential Partner / Customer,50,Longlist,Potential,"Partnership, customer discovery, integrations, or ecosystem access.",,,,https://www.bing.com/search?q=Forward+official+company+sports,"Candidate identified - verify website, HQ, stage, and contacts before outreach",2026-08-06,Name/category curated for ecosystem mapping; blank fields intentionally require confirmation.
ST-0438,Fountain Life,Company / Brand / Platform,"Sports Medicine, Health & Longevity",Sports Medicine,Global / verify,"Sports medicine, preventive health, diagnostics, rehabilitation, or longevity business.",Potential Partner / Customer,50,Longlist,Potential,"Partnership, customer discovery, integrations, or ecosystem access.",,,,https://www.bing.com/search?q=Fountain+Life+official+company+sports,"Candidate identified - verify website, HQ, stage, and contacts before outreach",2026-08-06,Name/category curated for ecosystem mapping; blank fields intentionally require confirmation.
ST-0439,Function Health,Company / Brand / Platform,"Sports Medicine, Health & Longevity",Sports Medicine,Global / verify,"Sports medicine, preventive health, diagnostics, rehabilitation, or longevity business.",Potential Partner / Customer,50,Longlist,Potential,"Partnership, customer discovery, integrations, or ecosystem access.",,,,https://www.bing.com/search?q=Function+Health+official+company+sports,"Candidate identified - verify website, HQ, stage, and contacts before outreach",2026-08-06,Name/category curated for ecosystem mapping; blank fields intentionally require confirmation.
ST-0440,GOQii Health Store,Company / Brand / Platform,"Sports Medicine, Health & Longevity",Sports Medicine,Global / verify,"Sports medicine, preventive health, diagnostics, rehabilitation, or longevity business.",Potential Partner / Customer,50,Longlist,Potential,"Partnership, customer discovery, integrations, or ecosystem access.",,,,https://www.bing.com/search?q=GOQii+Health+Store+official+company+sports,"Candidate identified - verify website, HQ, stage, and contacts before outreach",2026-08-06,Name/category curated for ecosystem mapping; blank fields intentionally require confirmation.
ST-0441,Healthians,Company / Brand / Platform,"Sports Medicine, Health & Longevity",Sports Medicine,Global / verify,"Sports medicine, preventive health, diagnostics, rehabilitation, or longevity business.",Potential Partner / Customer,50,Longlist,Potential,"Partnership, customer discovery, integrations, or ecosystem access.",,,,https://www.bing.com/search?q=Healthians+official+company+sports,"Candidate identified - verify website, HQ, stage, and contacts before outreach",2026-08-06,Name/category curated for ecosystem mapping; blank fields intentionally require confirmation.
ST-0442,HealthPlix,Company / Brand / Platform,"Sports Medicine, Health & Longevity",Sports Medicine,Global / verify,"Sports medicine, preventive health, diagnostics, rehabilitation, or longevity business.",Potential Partner / Customer,50,Longlist,Potential,"Partnership, customer discovery, integrations, or ecosystem access.",,,,https://www.bing.com/search?q=HealthPlix+official+company+sports,"Candidate identified - verify website, HQ, stage, and contacts before outreach",2026-08-06,Name/category curated for ecosystem mapping; blank fields intentionally require confirmation.
ST-0443,Hinge Health,Company / Brand / Platform,"Sports Medicine, Health & Longevity",Sports Medicine,Global / verify,"Sports medicine, preventive health, diagnostics, rehabilitation, or longevity business.",Potential Partner / Customer,50,Longlist,Potential,"Partnership, customer discovery, integrations, or ecosystem access.",,,,https://www.bing.com/search?q=Hinge+Health+official+company+sports,"Candidate identified - verify website, HQ, stage, and contacts before outreach",2026-08-06,Name/category curated for ecosystem mapping; blank fields intentionally require confirmation.
ST-0444,Human Longevity,Company / Brand / Platform,"Sports Medicine, Health & Longevity",Sports Medicine,Global / verify,"Sports medicine, preventive health, diagnostics, rehabilitation, or longevity business.",Potential Partner / Customer,50,Longlist,Potential,"Partnership, customer discovery, integrations, or ecosystem access.",,,,https://www.bing.com/search?q=Human+Longevity+official+company+sports,"Candidate identified - verify website, HQ, stage, and contacts before outreach",2026-08-06,Name/category curated for ecosystem mapping; blank fields intentionally require confirmation.
ST-0445,IncludeHealth,Company / Brand / Platform,"Sports Medicine, Health & Longevity",Sports Medicine,Global / verify,"Sports medicine, preventive health, diagnostics, rehabilitation, or longevity business.",Potential Partner / Customer,50,Longlist,Potential,"Partnership, customer discovery, integrations, or ecosystem access.",,,,https://www.bing.com/search?q=IncludeHealth+official+company+sports,"Candidate identified - verify website, HQ, stage, and contacts before outreach",2026-08-06,Name/category curated for ecosystem mapping; blank fields intentionally require confirmation.
ST-0446,InsideTracker,Company / Brand / Platform,"Sports Medicine, Health & Longevity",Sports Medicine,Global / verify,"Sports medicine, preventive health, diagnostics, rehabilitation, or longevity business.",Potential Partner / Customer,50,Longlist,Potential,"Partnership, customer discovery, integrations, or ecosystem access.",,,,https://www.bing.com/search?q=InsideTracker+official+company+sports,"Candidate identified - verify website, HQ, stage, and contacts before outreach",2026-08-06,Name/category curated for ecosystem mapping; blank fields intentionally require confirmation.
ST-0447,Kaia Health,Company / Brand / Platform,"Sports Medicine, Health & Longevity",Sports Medicine,Global / verify,"Sports medicine, preventive health, diagnostics, rehabilitation, or longevity business.",Potential Partner / Customer,50,Longlist,Potential,"Partnership, customer discovery, integrations, or ecosystem access.",,,,https://www.bing.com/search?q=Kaia+Health+official+company+sports,"Candidate identified - verify website, HQ, stage, and contacts before outreach",2026-08-06,Name/category curated for ecosystem mapping; blank fields intentionally require confirmation.
ST-0448,Kaizen Health,Company / Brand / Platform,"Sports Medicine, Health & Longevity",Sports Medicine,Global / verify,"Sports medicine, preventive health, diagnostics, rehabilitation, or longevity business.",Potential Partner / Customer,50,Longlist,Potential,"Partnership, customer discovery, integrations, or ecosystem access.",,,,https://www.bing.com/search?q=Kaizen+Health+official+company+sports,"Candidate identified - verify website, HQ, stage, and contacts before outreach",2026-08-06,Name/category curated for ecosystem mapping; blank fields intentionally require confirmation.
ST-0449,Kemtai,Company / Brand / Platform,"Sports Medicine, Health & Longevity",Sports Medicine,Global / verify,"Sports medicine, preventive health, diagnostics, rehabilitation, or longevity business.",Potential Partner / Customer,50,Longlist,Potential,"Partnership, customer discovery, integrations, or ecosystem access.",,,,https://www.bing.com/search?q=Kemtai+official+company+sports,"Candidate identified - verify website, HQ, stage, and contacts before outreach",2026-08-06,Name/category curated for ecosystem mapping; blank fields intentionally require confirmation.
ST-0450,Kinetisense,Company / Brand / Platform,"Sports Medicine, Health & Longevity",Sports Medicine,Global / verify,"Sports medicine, preventive health, diagnostics, rehabilitation, or longevity business.",Potential Partner / Customer,50,Longlist,Potential,"Partnership, customer discovery, integrations, or ecosystem access.",,,,https://www.bing.com/search?q=Kinetisense+official+company+sports,"Candidate identified - verify website, HQ, stage, and contacts before outreach",2026-08-06,Name/category curated for ecosystem mapping; blank fields intentionally require confirmation.
ST-0451,Kinvent,Company / Brand / Platform,"Sports Medicine, Health & Longevity",Sports Medicine,Global / verify,"Sports medicine, preventive health, diagnostics, rehabilitation, or longevity business.",Potential Partner / Customer,50,Longlist,Potential,"Partnership, customer discovery, integrations, or ecosystem access.",,,,https://www.bing.com/search?q=Kinvent+official+company+sports,"Candidate identified - verify website, HQ, stage, and contacts before outreach",2026-08-06,Name/category curated for ecosystem mapping; blank fields intentionally require confirmation.
ST-0452,LetsGetChecked,Company / Brand / Platform,"Sports Medicine, Health & Longevity",Sports Medicine,Global / verify,"Sports medicine, preventive health, diagnostics, rehabilitation, or longevity business.",Potential Partner / Customer,50,Longlist,Potential,"Partnership, customer discovery, integrations, or ecosystem access.",,,,https://www.bing.com/search?q=LetsGetChecked+official+company+sports,"Candidate identified - verify website, HQ, stage, and contacts before outreach",2026-08-06,Name/category curated for ecosystem mapping; blank fields intentionally require confirmation.
ST-0453,Levels Health,Company / Brand / Platform,"Sports Medicine, Health & Longevity",Sports Medicine,Global / verify,"Sports medicine, preventive health, diagnostics, rehabilitation, or longevity business.",Potential Partner / Customer,50,Longlist,Potential,"Partnership, customer discovery, integrations, or ecosystem access.",,,,https://www.bing.com/search?q=Levels+Health+official+company+sports,"Candidate identified - verify website, HQ, stage, and contacts before outreach",2026-08-06,Name/category curated for ecosystem mapping; blank fields intentionally require confirmation.
ST-0454,Lifeforce,Company / Brand / Platform,"Sports Medicine, Health & Longevity",Sports Medicine,Global / verify,"Sports medicine, preventive health, diagnostics, rehabilitation, or longevity business.",Potential Partner / Customer,50,Longlist,Potential,"Partnership, customer discovery, integrations, or ecosystem access.",,,,https://www.bing.com/search?q=Lifeforce+official+company+sports,"Candidate identified - verify website, HQ, stage, and contacts before outreach",2026-08-06,Name/category curated for ecosystem mapping; blank fields intentionally require confirmation.
ST-0455,Limber Health,Company / Brand / Platform,"Sports Medicine, Health & Longevity",Sports Medicine,Global / verify,"Sports medicine, preventive health, diagnostics, rehabilitation, or longevity business.",Potential Partner / Customer,50,Longlist,Potential,"Partnership, customer discovery, integrations, or ecosystem access.",,,,https://www.bing.com/search?q=Limber+Health+official+company+sports,"Candidate identified - verify website, HQ, stage, and contacts before outreach",2026-08-06,Name/category curated for ecosystem mapping; blank fields intentionally require confirmation.
ST-0456,Mach One Health,Company / Brand / Platform,"Sports Medicine, Health & Longevity",Sports Medicine,Global / verify,"Sports medicine, preventive health, diagnostics, rehabilitation, or longevity business.",Potential Partner / Customer,50,Longlist,Potential,"Partnership, customer discovery, integrations, or ecosystem access.",,,,https://www.bing.com/search?q=Mach+One+Health+official+company+sports,"Candidate identified - verify website, HQ, stage, and contacts before outreach",2026-08-06,Name/category curated for ecosystem mapping; blank fields intentionally require confirmation.
ST-0457,MapmyGenome,Company / Brand / Platform,"Sports Medicine, Health & Longevity",Sports Medicine,Global / verify,"Sports medicine, preventive health, diagnostics, rehabilitation, or longevity business.",Potential Partner / Customer,50,Longlist,Potential,"Partnership, customer discovery, integrations, or ecosystem access.",,,,https://www.bing.com/search?q=MapmyGenome+official+company+sports,"Candidate identified - verify website, HQ, stage, and contacts before outreach",2026-08-06,Name/category curated for ecosystem mapping; blank fields intentionally require confirmation.
ST-0458,MedBridge,Company / Brand / Platform,"Sports Medicine, Health & Longevity",Sports Medicine,Global / verify,"Sports medicine, preventive health, diagnostics, rehabilitation, or longevity business.",Potential Partner / Customer,50,Longlist,Potential,"Partnership, customer discovery, integrations, or ecosystem access.",,,,https://www.bing.com/search?q=MedBridge+official+company+sports,"Candidate identified - verify website, HQ, stage, and contacts before outreach",2026-08-06,Name/category curated for ecosystem mapping; blank fields intentionally require confirmation.
ST-0459,MedGenome,Company / Brand / Platform,"Sports Medicine, Health & Longevity",Sports Medicine,Global / verify,"Sports medicine, preventive health, diagnostics, rehabilitation, or longevity business.",Potential Partner / Customer,50,Longlist,Potential,"Partnership, customer discovery, integrations, or ecosystem access.",,,,https://www.bing.com/search?q=MedGenome+official+company+sports,"Candidate identified - verify website, HQ, stage, and contacts before outreach",2026-08-06,Name/category curated for ecosystem mapping; blank fields intentionally require confirmation.
ST-0460,MediBuddy,Company / Brand / Platform,"Sports Medicine, Health & Longevity",Sports Medicine,Global / verify,"Sports medicine, preventive health, diagnostics, rehabilitation, or longevity business.",Potential Partner / Customer,50,Longlist,Potential,"Partnership, customer discovery, integrations, or ecosystem access.",,,,https://www.bing.com/search?q=MediBuddy+official+company+sports,"Candidate identified - verify website, HQ, stage, and contacts before outreach",2026-08-06,Name/category curated for ecosystem mapping; blank fields intentionally require confirmation.
ST-0461,Medichecks,Company / Brand / Platform,"Sports Medicine, Health & Longevity",Sports Medicine,Global / verify,"Sports medicine, preventive health, diagnostics, rehabilitation, or longevity business.",Potential Partner / Customer,50,Longlist,Potential,"Partnership, customer discovery, integrations, or ecosystem access.",,,,https://www.bing.com/search?q=Medichecks+official+company+sports,"Candidate identified - verify website, HQ, stage, and contacts before outreach",2026-08-06,Name/category curated for ecosystem mapping; blank fields intentionally require confirmation.
ST-0462,Metropolis Healthcare,Company / Brand / Platform,"Sports Medicine, Health & Longevity",Sports Medicine,Global / verify,"Sports medicine, preventive health, diagnostics, rehabilitation, or longevity business.",Potential Partner / Customer,50,Longlist,Potential,"Partnership, customer discovery, integrations, or ecosystem access.",,,,https://www.bing.com/search?q=Metropolis+Healthcare+official+company+sports,"Candidate identified - verify website, HQ, stage, and contacts before outreach",2026-08-06,Name/category curated for ecosystem mapping; blank fields intentionally require confirmation.
ST-0463,Mfine,Company / Brand / Platform,"Sports Medicine, Health & Longevity",Sports Medicine,Global / verify,"Sports medicine, preventive health, diagnostics, rehabilitation, or longevity business.",Potential Partner / Customer,50,Longlist,Potential,"Partnership, customer discovery, integrations, or ecosystem access.",,,,https://www.bing.com/search?q=Mfine+official+company+sports,"Candidate identified - verify website, HQ, stage, and contacts before outreach",2026-08-06,Name/category curated for ecosystem mapping; blank fields intentionally require confirmation.
ST-0464,Moterum,Company / Brand / Platform,"Sports Medicine, Health & Longevity",Sports Medicine,Global / verify,"Sports medicine, preventive health, diagnostics, rehabilitation, or longevity business.",Potential Partner / Customer,50,Longlist,Potential,"Partnership, customer discovery, integrations, or ecosystem access.",,,,https://www.bing.com/search?q=Moterum+official+company+sports,"Candidate identified - verify website, HQ, stage, and contacts before outreach",2026-08-06,Name/category curated for ecosystem mapping; blank fields intentionally require confirmation.
ST-0465,Neko Health,Company / Brand / Platform,"Sports Medicine, Health & Longevity",Sports Medicine,Global / verify,"Sports medicine, preventive health, diagnostics, rehabilitation, or longevity business.",Potential Partner / Customer,50,Longlist,Potential,"Partnership, customer discovery, integrations, or ecosystem access.",,,,https://www.bing.com/search?q=Neko+Health+official+company+sports,"Candidate identified - verify website, HQ, stage, and contacts before outreach",2026-08-06,Name/category curated for ecosystem mapping; blank fields intentionally require confirmation.
ST-0466,Neuberg Diagnostics,Company / Brand / Platform,"Sports Medicine, Health & Longevity",Sports Medicine,Global / verify,"Sports medicine, preventive health, diagnostics, rehabilitation, or longevity business.",Potential Partner / Customer,50,Longlist,Potential,"Partnership, customer discovery, integrations, or ecosystem access.",,,,https://www.bing.com/search?q=Neuberg+Diagnostics+official+company+sports,"Candidate identified - verify website, HQ, stage, and contacts before outreach",2026-08-06,Name/category curated for ecosystem mapping; blank fields intentionally require confirmation.
ST-0467,NourishedRx,Company / Brand / Platform,"Sports Medicine, Health & Longevity",Sports Medicine,Global / verify,"Sports medicine, preventive health, diagnostics, rehabilitation, or longevity business.",Potential Partner / Customer,50,Longlist,Potential,"Partnership, customer discovery, integrations, or ecosystem access.",,,,https://www.bing.com/search?q=NourishedRx+official+company+sports,"Candidate identified - verify website, HQ, stage, and contacts before outreach",2026-08-06,Name/category curated for ecosystem mapping; blank fields intentionally require confirmation.
ST-0468,Omada Health,Company / Brand / Platform,"Sports Medicine, Health & Longevity",Sports Medicine,Global / verify,"Sports medicine, preventive health, diagnostics, rehabilitation, or longevity business.",Potential Partner / Customer,50,Longlist,Potential,"Partnership, customer discovery, integrations, or ecosystem access.",,,,https://www.bing.com/search?q=Omada+Health+official+company+sports,"Candidate identified - verify website, HQ, stage, and contacts before outreach",2026-08-06,Name/category curated for ecosystem mapping; blank fields intentionally require confirmation.
ST-0469,One Medical,Company / Brand / Platform,"Sports Medicine, Health & Longevity",Sports Medicine,Global / verify,"Sports medicine, preventive health, diagnostics, rehabilitation, or longevity business.",Potential Partner / Customer,50,Longlist,Potential,"Partnership, customer discovery, integrations, or ecosystem access.",,,,https://www.bing.com/search?q=One+Medical+official+company+sports,"Candidate identified - verify website, HQ, stage, and contacts before outreach",2026-08-06,Name/category curated for ecosystem mapping; blank fields intentionally require confirmation.
ST-0470,Orange Health Labs,Company / Brand / Platform,"Sports Medicine, Health & Longevity",Sports Medicine,Global / verify,"Sports medicine, preventive health, diagnostics, rehabilitation, or longevity business.",Potential Partner / Customer,50,Longlist,Potential,"Partnership, customer discovery, integrations, or ecosystem access.",,,,https://www.bing.com/search?q=Orange+Health+Labs+official+company+sports,"Candidate identified - verify website, HQ, stage, and contacts before outreach",2026-08-06,Name/category curated for ecosystem mapping; blank fields intentionally require confirmation.
ST-0471,Parsley Health,Company / Brand / Platform,"Sports Medicine, Health & Longevity",Sports Medicine,Global / verify,"Sports medicine, preventive health, diagnostics, rehabilitation, or longevity business.",Potential Partner / Customer,50,Longlist,Potential,"Partnership, customer discovery, integrations, or ecosystem access.",,,,https://www.bing.com/search?q=Parsley+Health+official+company+sports,"Candidate identified - verify website, HQ, stage, and contacts before outreach",2026-08-06,Name/category curated for ecosystem mapping; blank fields intentionally require confirmation.
ST-0472,PhysiApp,Company / Brand / Platform,"Sports Medicine, Health & Longevity",Sports Medicine,Global / verify,"Sports medicine, preventive health, diagnostics, rehabilitation, or longevity business.",Potential Partner / Customer,50,Longlist,Potential,"Partnership, customer discovery, integrations, or ecosystem access.",,,,https://www.bing.com/search?q=PhysiApp+official+company+sports,"Candidate identified - verify website, HQ, stage, and contacts before outreach",2026-08-06,Name/category curated for ecosystem mapping; blank fields intentionally require confirmation.
ST-0473,Physitrack,Company / Brand / Platform,"Sports Medicine, Health & Longevity",Sports Medicine,Global / verify,"Sports medicine, preventive health, diagnostics, rehabilitation, or longevity business.",Potential Partner / Customer,50,Longlist,Potential,"Partnership, customer discovery, integrations, or ecosystem access.",,,,https://www.bing.com/search?q=Physitrack+official+company+sports,"Candidate identified - verify website, HQ, stage, and contacts before outreach",2026-08-06,Name/category curated for ecosystem mapping; blank fields intentionally require confirmation.
ST-0474,Practo,Company / Brand / Platform,"Sports Medicine, Health & Longevity",Sports Medicine,Global / verify,"Sports medicine, preventive health, diagnostics, rehabilitation, or longevity business.",Potential Partner / Customer,50,Longlist,Potential,"Partnership, customer discovery, integrations, or ecosystem access.",,,,https://www.bing.com/search?q=Practo+official+company+sports,"Candidate identified - verify website, HQ, stage, and contacts before outreach",2026-08-06,Name/category curated for ecosystem mapping; blank fields intentionally require confirmation.
ST-0475,Prenuvo,Company / Brand / Platform,"Sports Medicine, Health & Longevity",Sports Medicine,Global / verify,"Sports medicine, preventive health, diagnostics, rehabilitation, or longevity business.",Potential Partner / Customer,50,Longlist,Potential,"Partnership, customer discovery, integrations, or ecosystem access.",,,,https://www.bing.com/search?q=Prenuvo+official+company+sports,"Candidate identified - verify website, HQ, stage, and contacts before outreach",2026-08-06,Name/category curated for ecosystem mapping; blank fields intentionally require confirmation.
ST-0476,PUSH,Company / Brand / Platform,"Sports Medicine, Health & Longevity",Sports Medicine,Global / verify,"Sports medicine, preventive health, diagnostics, rehabilitation, or longevity business.",Potential Partner / Customer,50,Longlist,Potential,"Partnership, customer discovery, integrations, or ecosystem access.",,,,https://www.bing.com/search?q=PUSH+official+company+sports,"Candidate identified - verify website, HQ, stage, and contacts before outreach",2026-08-06,Name/category curated for ecosystem mapping; blank fields intentionally require confirmation.
ST-0477,Q Bio,Company / Brand / Platform,"Sports Medicine, Health & Longevity",Sports Medicine,Global / verify,"Sports medicine, preventive health, diagnostics, rehabilitation, or longevity business.",Potential Partner / Customer,50,Longlist,Potential,"Partnership, customer discovery, integrations, or ecosystem access.",,,,https://www.bing.com/search?q=Q+Bio+official+company+sports,"Candidate identified - verify website, HQ, stage, and contacts before outreach",2026-08-06,Name/category curated for ecosystem mapping; blank fields intentionally require confirmation.
ST-0478,RecoveryOne,Company / Brand / Platform,"Sports Medicine, Health & Longevity",Sports Medicine,Global / verify,"Sports medicine, preventive health, diagnostics, rehabilitation, or longevity business.",Potential Partner / Customer,50,Longlist,Potential,"Partnership, customer discovery, integrations, or ecosystem access.",,,,https://www.bing.com/search?q=RecoveryOne+official+company+sports,"Candidate identified - verify website, HQ, stage, and contacts before outreach",2026-08-06,Name/category curated for ecosystem mapping; blank fields intentionally require confirmation.
ST-0479,Redcliffe Labs,Company / Brand / Platform,"Sports Medicine, Health & Longevity",Sports Medicine,Global / verify,"Sports medicine, preventive health, diagnostics, rehabilitation, or longevity business.",Potential Partner / Customer,50,Longlist,Potential,"Partnership, customer discovery, integrations, or ecosystem access.",,,,https://www.bing.com/search?q=Redcliffe+Labs+official+company+sports,"Candidate identified - verify website, HQ, stage, and contacts before outreach",2026-08-06,Name/category curated for ecosystem mapping; blank fields intentionally require confirmation.
ST-0480,Season Health,Company / Brand / Platform,"Sports Medicine, Health & Longevity",Sports Medicine,Global / verify,"Sports medicine, preventive health, diagnostics, rehabilitation, or longevity business.",Potential Partner / Customer,50,Longlist,Potential,"Partnership, customer discovery, integrations, or ecosystem access.",,,,https://www.bing.com/search?q=Season+Health+official+company+sports,"Candidate identified - verify website, HQ, stage, and contacts before outreach",2026-08-06,Name/category curated for ecosystem mapping; blank fields intentionally require confirmation.
ST-0481,Signos,Company / Brand / Platform,"Sports Medicine, Health & Longevity",Sports Medicine,Global / verify,"Sports medicine, preventive health, diagnostics, rehabilitation, or longevity business.",Potential Partner / Customer,50,Longlist,Potential,"Partnership, customer discovery, integrations, or ecosystem access.",,,,https://www.bing.com/search?q=Signos+official+company+sports,"Candidate identified - verify website, HQ, stage, and contacts before outreach",2026-08-06,Name/category curated for ecosystem mapping; blank fields intentionally require confirmation.
ST-0482,SleepScore Labs,Company / Brand / Platform,"Sports Medicine, Health & Longevity",Sports Medicine,Global / verify,"Sports medicine, preventive health, diagnostics, rehabilitation, or longevity business.",Potential Partner / Customer,50,Longlist,Potential,"Partnership, customer discovery, integrations, or ecosystem access.",,,,https://www.bing.com/search?q=SleepScore+Labs+official+company+sports,"Candidate identified - verify website, HQ, stage, and contacts before outreach",2026-08-06,Name/category curated for ecosystem mapping; blank fields intentionally require confirmation.
ST-0483,Somnee,Company / Brand / Platform,"Sports Medicine, Health & Longevity",Sports Medicine,Global / verify,"Sports medicine, preventive health, diagnostics, rehabilitation, or longevity business.",Potential Partner / Customer,50,Longlist,Potential,"Partnership, customer discovery, integrations, or ecosystem access.",,,,https://www.bing.com/search?q=Somnee+official+company+sports,"Candidate identified - verify website, HQ, stage, and contacts before outreach",2026-08-06,Name/category curated for ecosystem mapping; blank fields intentionally require confirmation.
ST-0484,Strand Life Sciences,Company / Brand / Platform,"Sports Medicine, Health & Longevity",Sports Medicine,Global / verify,"Sports medicine, preventive health, diagnostics, rehabilitation, or longevity business.",Potential Partner / Customer,50,Longlist,Potential,"Partnership, customer discovery, integrations, or ecosystem access.",,,,https://www.bing.com/search?q=Strand+Life+Sciences+official+company+sports,"Candidate identified - verify website, HQ, stage, and contacts before outreach",2026-08-06,Name/category curated for ecosystem mapping; blank fields intentionally require confirmation.
ST-0485,Sword Health,Company / Brand / Platform,"Sports Medicine, Health & Longevity",Sports Medicine,Global / verify,"Sports medicine, preventive health, diagnostics, rehabilitation, or longevity business.",Potential Partner / Customer,50,Longlist,Potential,"Partnership, customer discovery, integrations, or ecosystem access.",,,,https://www.bing.com/search?q=Sword+Health+official+company+sports,"Candidate identified - verify website, HQ, stage, and contacts before outreach",2026-08-06,Name/category curated for ecosystem mapping; blank fields intentionally require confirmation.
ST-0486,SWORD Phoenix,Company / Brand / Platform,"Sports Medicine, Health & Longevity",Sports Medicine,Global / verify,"Sports medicine, preventive health, diagnostics, rehabilitation, or longevity business.",Potential Partner / Customer,50,Longlist,Potential,"Partnership, customer discovery, integrations, or ecosystem access.",,,,https://www.bing.com/search?q=SWORD+Phoenix+official+company+sports,"Candidate identified - verify website, HQ, stage, and contacts before outreach",2026-08-06,Name/category curated for ecosystem mapping; blank fields intentionally require confirmation.
ST-0487,SWORD Predict,Company / Brand / Platform,"Sports Medicine, Health & Longevity",Sports Medicine,Global / verify,"Sports medicine, preventive health, diagnostics, rehabilitation, or longevity business.",Potential Partner / Customer,50,Longlist,Potential,"Partnership, customer discovery, integrations, or ecosystem access.",,,,https://www.bing.com/search?q=SWORD+Predict+official+company+sports,"Candidate identified - verify website, HQ, stage, and contacts before outreach",2026-08-06,Name/category curated for ecosystem mapping; blank fields intentionally require confirmation.
ST-0488,Tata 1mg Labs,Company / Brand / Platform,"Sports Medicine, Health & Longevity",Sports Medicine,Global / verify,"Sports medicine, preventive health, diagnostics, rehabilitation, or longevity business.",Potential Partner / Customer,50,Longlist,Potential,"Partnership, customer discovery, integrations, or ecosystem access.",,,,https://www.bing.com/search?q=Tata+1mg+Labs+official+company+sports,"Candidate identified - verify website, HQ, stage, and contacts before outreach",2026-08-06,Name/category curated for ecosystem mapping; blank fields intentionally require confirmation.
ST-0489,Thriva,Company / Brand / Platform,"Sports Medicine, Health & Longevity",Sports Medicine,Global / verify,"Sports medicine, preventive health, diagnostics, rehabilitation, or longevity business.",Potential Partner / Customer,50,Longlist,Potential,"Partnership, customer discovery, integrations, or ecosystem access.",,,,https://www.bing.com/search?q=Thriva+official+company+sports,"Candidate identified - verify website, HQ, stage, and contacts before outreach",2026-08-06,Name/category curated for ecosystem mapping; blank fields intentionally require confirmation.
ST-0490,Ultrahuman M1,Company / Brand / Platform,"Sports Medicine, Health & Longevity",Sports Medicine,Global / verify,"Sports medicine, preventive health, diagnostics, rehabilitation, or longevity business.",Potential Partner / Customer,50,Longlist,Potential,"Partnership, customer discovery, integrations, or ecosystem access.",,,,https://www.bing.com/search?q=Ultrahuman+M1+official+company+sports,"Candidate identified - verify website, HQ, stage, and contacts before outreach",2026-08-06,Name/category curated for ecosystem mapping; blank fields intentionally require confirmation.
ST-0491,Uplift Labs,Company / Brand / Platform,"Sports Medicine, Health & Longevity",Sports Medicine,Global / verify,"Sports medicine, preventive health, diagnostics, rehabilitation, or longevity business.",Potential Partner / Customer,50,Longlist,Potential,"Partnership, customer discovery, integrations, or ecosystem access.",,,,https://www.bing.com/search?q=Uplift+Labs+official+company+sports,"Candidate identified - verify website, HQ, stage, and contacts before outreach",2026-08-06,Name/category curated for ecosystem mapping; blank fields intentionally require confirmation.
ST-0492,VALD Health,Company / Brand / Platform,"Sports Medicine, Health & Longevity",Sports Medicine,Global / verify,"Sports medicine, preventive health, diagnostics, rehabilitation, or longevity business.",Potential Partner / Customer,50,Longlist,Potential,"Partnership, customer discovery, integrations, or ecosystem access.",,,,https://www.bing.com/search?q=VALD+Health+official+company+sports,"Candidate identified - verify website, HQ, stage, and contacts before outreach",2026-08-06,Name/category curated for ecosystem mapping; blank fields intentionally require confirmation.
ST-0493,Viome,Company / Brand / Platform,"Sports Medicine, Health & Longevity",Sports Medicine,Global / verify,"Sports medicine, preventive health, diagnostics, rehabilitation, or longevity business.",Potential Partner / Customer,50,Longlist,Potential,"Partnership, customer discovery, integrations, or ecosystem access.",,,,https://www.bing.com/search?q=Viome+official+company+sports,"Candidate identified - verify website, HQ, stage, and contacts before outreach",2026-08-06,Name/category curated for ecosystem mapping; blank fields intentionally require confirmation.
ST-0494,Virta Health,Company / Brand / Platform,"Sports Medicine, Health & Longevity",Sports Medicine,Global / verify,"Sports medicine, preventive health, diagnostics, rehabilitation, or longevity business.",Potential Partner / Customer,50,Longlist,Potential,"Partnership, customer discovery, integrations, or ecosystem access.",,,,https://www.bing.com/search?q=Virta+Health+official+company+sports,"Candidate identified - verify website, HQ, stage, and contacts before outreach",2026-08-06,Name/category curated for ecosystem mapping; blank fields intentionally require confirmation.
ST-0495,Vori Health,Company / Brand / Platform,"Sports Medicine, Health & Longevity",Sports Medicine,Global / verify,"Sports medicine, preventive health, diagnostics, rehabilitation, or longevity business.",Potential Partner / Customer,50,Longlist,Potential,"Partnership, customer discovery, integrations, or ecosystem access.",,,,https://www.bing.com/search?q=Vori+Health+official+company+sports,"Candidate identified - verify website, HQ, stage, and contacts before outreach",2026-08-06,Name/category curated for ecosystem mapping; blank fields intentionally require confirmation.
ST-0496,WHOOP Teams,Company / Brand / Platform,"Sports Medicine, Health & Longevity",Wearables,Global / verify,"Sports medicine, preventive health, diagnostics, rehabilitation, or longevity business.",Potential Partner / Customer,50,Longlist,Potential,"Partnership, customer discovery, integrations, or ecosystem access.",,,,https://www.bing.com/search?q=WHOOP+Teams+official+company+sports,"Candidate identified - verify website, HQ, stage, and contacts before outreach",2026-08-06,Name/category curated for ecosystem mapping; blank fields intentionally require confirmation.
ST-0497,Whoop Unite,Company / Brand / Platform,"Sports Medicine, Health & Longevity",Wearables,Global / verify,"Sports medicine, preventive health, diagnostics, rehabilitation, or longevity business.",Potential Partner / Customer,50,Longlist,Potential,"Partnership, customer discovery, integrations, or ecosystem access.",,,,https://www.bing.com/search?q=Whoop+Unite+official+company+sports,"Candidate identified - verify website, HQ, stage, and contacts before outreach",2026-08-06,Name/category curated for ecosystem mapping; blank fields intentionally require confirmation.
ST-0498,ZOE,Company / Brand / Platform,"Sports Medicine, Health & Longevity",Sports Medicine,Global / verify,"Sports medicine, preventive health, diagnostics, rehabilitation, or longevity business.",Potential Partner / Customer,50,Longlist,Potential,"Partnership, customer discovery, integrations, or ecosystem access.",,,,https://www.bing.com/search?q=ZOE+official+company+sports,"Candidate identified - verify website, HQ, stage, and contacts before outreach",2026-08-06,Name/category curated for ecosystem mapping; blank fields intentionally require confirmation.
ST-0499,2K Sports,Company / Brand / Platform,"Fan Engagement, Media, Streaming & Gaming",Fan Engagement,Global / verify,"Fan engagement, sports content, streaming, fantasy, gaming, or collectibles platform.",Fan Data / Media Partner,50,Longlist,Potential,"Fan engagement signals, content distribution, audience intelligence, and activation.",,,,https://www.bing.com/search?q=2K+Sports+official+company+sports,"Candidate identified - verify website, HQ, stage, and contacts before outreach",2026-08-06,Name/category curated for ecosystem mapping; blank fields intentionally require confirmation.
ST-0500,90min,Company / Brand / Platform,"Fan Engagement, Media, Streaming & Gaming",Fan Engagement,Global / verify,"Fan engagement, sports content, streaming, fantasy, gaming, or collectibles platform.",Fan Data / Media Partner,50,Longlist,Potential,"Fan engagement signals, content distribution, audience intelligence, and activation.",,,,https://www.bing.com/search?q=90min+official+company+sports,"Candidate identified - verify website, HQ, stage, and contacts before outreach",2026-08-06,Name/category curated for ecosystem mapping; blank fields intentionally require confirmation.
ST-0501,Activision Blizzard,Company / Brand / Platform,"Fan Engagement, Media, Streaming & Gaming",Fan Engagement,Global / verify,"Fan engagement, sports content, streaming, fantasy, gaming, or collectibles platform.",Fan Data / Media Partner,50,Longlist,Potential,"Fan engagement signals, content distribution, audience intelligence, and activation.",,,,https://www.bing.com/search?q=Activision+Blizzard+official+company+sports,"Candidate identified - verify website, HQ, stage, and contacts before outreach",2026-08-06,Name/category curated for ecosystem mapping; blank fields intentionally require confirmation.
ST-0502,Autograph,Company / Brand / Platform,"Fan Engagement, Media, Streaming & Gaming",Fan Engagement,Global / verify,"Fan engagement, sports content, streaming, fantasy, gaming, or collectibles platform.",Fan Data / Media Partner,50,Longlist,Potential,"Fan engagement signals, content distribution, audience intelligence, and activation.",,,,https://www.bing.com/search?q=Autograph+official+company+sports,"Candidate identified - verify website, HQ, stage, and contacts before outreach",2026-08-06,Name/category curated for ecosystem mapping; blank fields intentionally require confirmation.
ST-0503,AXS,Company / Brand / Platform,"Fan Engagement, Media, Streaming & Gaming",Fan Engagement,Global / verify,"Fan engagement, sports content, streaming, fantasy, gaming, or collectibles platform.",Fan Data / Media Partner,50,Longlist,Potential,"Fan engagement signals, content distribution, audience intelligence, and activation.",,,,https://www.bing.com/search?q=AXS+official+company+sports,"Candidate identified - verify website, HQ, stage, and contacts before outreach",2026-08-06,Name/category curated for ecosystem mapping; blank fields intentionally require confirmation.
ST-0504,Bally Sports+,Company / Brand / Platform,"Fan Engagement, Media, Streaming & Gaming",Fan Engagement,Global / verify,"Fan engagement, sports content, streaming, fantasy, gaming, or collectibles platform.",Fan Data / Media Partner,50,Longlist,Potential,"Fan engagement signals, content distribution, audience intelligence, and activation.",,,,https://www.bing.com/search?q=Bally+Sports%2B+official+company+sports,"Candidate identified - verify website, HQ, stage, and contacts before outreach",2026-08-06,Name/category curated for ecosystem mapping; blank fields intentionally require confirmation.
ST-0505,Betr,Company / Brand / Platform,"Fan Engagement, Media, Streaming & Gaming",Fan Engagement,Global / verify,"Fan engagement, sports content, streaming, fantasy, gaming, or collectibles platform.",Fan Data / Media Partner,50,Longlist,Potential,"Fan engagement signals, content distribution, audience intelligence, and activation.",,,,https://www.bing.com/search?q=Betr+official+company+sports,"Candidate identified - verify website, HQ, stage, and contacts before outreach",2026-08-06,Name/category curated for ecosystem mapping; blank fields intentionally require confirmation.
ST-0506,Bleacher Report,Company / Brand / Platform,"Fan Engagement, Media, Streaming & Gaming",Fan Engagement,Global / verify,"Fan engagement, sports content, streaming, fantasy, gaming, or collectibles platform.",Fan Data / Media Partner,50,Longlist,Potential,"Fan engagement signals, content distribution, audience intelligence, and activation.",,,,https://www.bing.com/search?q=Bleacher+Report+official+company+sports,"Candidate identified - verify website, HQ, stage, and contacts before outreach",2026-08-06,Name/category curated for ecosystem mapping; blank fields intentionally require confirmation.
ST-0507,BookMyShow,Company / Brand / Platform,"Fan Engagement, Media, Streaming & Gaming",Fan Engagement,India,"Fan engagement, sports content, streaming, fantasy, gaming, or collectibles platform.",Fan Data / Media Partner,65,Medium,Potential,"Fan engagement signals, content distribution, audience intelligence, and activation.",,,,https://www.bing.com/search?q=BookMyShow+official+company+sports,"Candidate identified - verify website, HQ, stage, and contacts before outreach",2026-08-06,Name/category curated for ecosystem mapping; blank fields intentionally require confirmation.
ST-0508,Boom Fantasy,Company / Brand / Platform,"Fan Engagement, Media, Streaming & Gaming",Fan Engagement,Global / verify,"Fan engagement, sports content, streaming, fantasy, gaming, or collectibles platform.",Fan Data / Media Partner,50,Longlist,Potential,"Fan engagement signals, content distribution, audience intelligence, and activation.",,,,https://www.bing.com/search?q=Boom+Fantasy+official+company+sports,"Candidate identified - verify website, HQ, stage, and contacts before outreach",2026-08-06,Name/category curated for ecosystem mapping; blank fields intentionally require confirmation.
ST-0509,Candy Digital,Company / Brand / Platform,"Fan Engagement, Media, Streaming & Gaming",Fan Engagement,Global / verify,"Fan engagement, sports content, streaming, fantasy, gaming, or collectibles platform.",Fan Data / Media Partner,50,Longlist,Potential,"Fan engagement signals, content distribution, audience intelligence, and activation.",,,,https://www.bing.com/search?q=Candy+Digital+official+company+sports,"Candidate identified - verify website, HQ, stage, and contacts before outreach",2026-08-06,Name/category curated for ecosystem mapping; blank fields intentionally require confirmation.
ST-0510,Chiliz,Company / Brand / Platform,"Fan Engagement, Media, Streaming & Gaming",Fan Engagement,Global / verify,"Fan engagement, sports content, streaming, fantasy, gaming, or collectibles platform.",Fan Data / Media Partner,50,Longlist,Potential,"Fan engagement signals, content distribution, audience intelligence, and activation.",,,,https://www.bing.com/search?q=Chiliz+official+company+sports,"Candidate identified - verify website, HQ, stage, and contacts before outreach",2026-08-06,Name/category curated for ecosystem mapping; blank fields intentionally require confirmation.
ST-0511,Cricbuzz,Company / Brand / Platform,"Fan Engagement, Media, Streaming & Gaming",Fan Engagement,India,"Fan engagement, sports content, streaming, fantasy, gaming, or collectibles platform.",Fan Data / Media Partner,65,Medium,Potential,"Fan engagement signals, content distribution, audience intelligence, and activation.",,,,https://www.bing.com/search?q=Cricbuzz+official+company+sports,"Candidate identified - verify website, HQ, stage, and contacts before outreach",2026-08-06,Name/category curated for ecosystem mapping; blank fields intentionally require confirmation.
ST-0512,Dapper Labs,Company / Brand / Platform,"Fan Engagement, Media, Streaming & Gaming",Fan Engagement,Global / verify,"Fan engagement, sports content, streaming, fantasy, gaming, or collectibles platform.",Fan Data / Media Partner,50,Longlist,Potential,"Fan engagement signals, content distribution, audience intelligence, and activation.",,,,https://www.bing.com/search?q=Dapper+Labs+official+company+sports,"Candidate identified - verify website, HQ, stage, and contacts before outreach",2026-08-06,Name/category curated for ecosystem mapping; blank fields intentionally require confirmation.
ST-0513,DAZN,Company / Brand / Platform,"Fan Engagement, Media, Streaming & Gaming",Fan Engagement,Global / verify,"Fan engagement, sports content, streaming, fantasy, gaming, or collectibles platform.",Fan Data / Media Partner,50,Longlist,Potential,"Fan engagement signals, content distribution, audience intelligence, and activation.",,,,https://www.bing.com/search?q=DAZN+official+company+sports,"Candidate identified - verify website, HQ, stage, and contacts before outreach",2026-08-06,Name/category curated for ecosystem mapping; blank fields intentionally require confirmation.
ST-0514,Deltatre OTT,Company / Brand / Platform,"Fan Engagement, Media, Streaming & Gaming",Fan Engagement,Global / verify,"Fan engagement, sports content, streaming, fantasy, gaming, or collectibles platform.",Fan Data / Media Partner,50,Longlist,Potential,"Fan engagement signals, content distribution, audience intelligence, and activation.",,,,https://www.bing.com/search?q=Deltatre+OTT+official+company+sports,"Candidate identified - verify website, HQ, stage, and contacts before outreach",2026-08-06,Name/category curated for ecosystem mapping; blank fields intentionally require confirmation.
ST-0515,DraftKings,Company / Brand / Platform,"Fan Engagement, Media, Streaming & Gaming",Fan Engagement,Global / verify,"Fan engagement, sports content, streaming, fantasy, gaming, or collectibles platform.",Fan Data / Media Partner,50,Longlist,Potential,"Fan engagement signals, content distribution, audience intelligence, and activation.",,,,https://www.bing.com/search?q=DraftKings+official+company+sports,"Candidate identified - verify website, HQ, stage, and contacts before outreach",2026-08-06,Name/category curated for ecosystem mapping; blank fields intentionally require confirmation.
ST-0516,Dream Sports,Company / Brand / Platform,"Fan Engagement, Media, Streaming & Gaming",Fan Engagement,Global / verify,"Fan engagement, sports content, streaming, fantasy, gaming, or collectibles platform.",Fan Data / Media Partner,50,Longlist,Potential,"Fan engagement signals, content distribution, audience intelligence, and activation.",,,,https://www.bing.com/search?q=Dream+Sports+official+company+sports,"Candidate identified - verify website, HQ, stage, and contacts before outreach",2026-08-06,Name/category curated for ecosystem mapping; blank fields intentionally require confirmation.
ST-0517,Dream11,Company / Brand / Platform,"Fan Engagement, Media, Streaming & Gaming",Fan Engagement,India,"Fan engagement, sports content, streaming, fantasy, gaming, or collectibles platform.",Fan Data / Media Partner,65,Medium,Potential,"Fan engagement signals, content distribution, audience intelligence, and activation.",,,,https://www.bing.com/search?q=Dream11+official+company+sports,"Candidate identified - verify website, HQ, stage, and contacts before outreach",2026-08-06,Name/category curated for ecosystem mapping; blank fields intentionally require confirmation.
ST-0518,EA Sports,Company / Brand / Platform,"Fan Engagement, Media, Streaming & Gaming",Fan Engagement,Global / verify,"Fan engagement, sports content, streaming, fantasy, gaming, or collectibles platform.",Fan Data / Media Partner,50,Longlist,Potential,"Fan engagement signals, content distribution, audience intelligence, and activation.",,,,https://www.bing.com/search?q=EA+Sports+official+company+sports,"Candidate identified - verify website, HQ, stage, and contacts before outreach",2026-08-06,Name/category curated for ecosystem mapping; blank fields intentionally require confirmation.
ST-0519,Endeavor Streaming,Company / Brand / Platform,"Fan Engagement, Media, Streaming & Gaming",Fan Engagement,Global / verify,"Fan engagement, sports content, streaming, fantasy, gaming, or collectibles platform.",Fan Data / Media Partner,50,Longlist,Potential,"Fan engagement signals, content distribution, audience intelligence, and activation.",,,,https://www.bing.com/search?q=Endeavor+Streaming+official+company+sports,"Candidate identified - verify website, HQ, stage, and contacts before outreach",2026-08-06,Name/category curated for ecosystem mapping; blank fields intentionally require confirmation.
ST-0520,Epic Games,Company / Brand / Platform,"Fan Engagement, Media, Streaming & Gaming",Fan Engagement,Global / verify,"Fan engagement, sports content, streaming, fantasy, gaming, or collectibles platform.",Fan Data / Media Partner,50,Longlist,Potential,"Fan engagement signals, content distribution, audience intelligence, and activation.",,,,https://www.bing.com/search?q=Epic+Games+official+company+sports,"Candidate identified - verify website, HQ, stage, and contacts before outreach",2026-08-06,Name/category curated for ecosystem mapping; blank fields intentionally require confirmation.
ST-0521,ESPN+,Company / Brand / Platform,"Fan Engagement, Media, Streaming & Gaming",Fan Engagement,Global / verify,"Fan engagement, sports content, streaming, fantasy, gaming, or collectibles platform.",Fan Data / Media Partner,50,Longlist,Potential,"Fan engagement signals, content distribution, audience intelligence, and activation.",,,,https://www.bing.com/search?q=ESPN%2B+official+company+sports,"Candidate identified - verify website, HQ, stage, and contacts before outreach",2026-08-06,Name/category curated for ecosystem mapping; blank fields intentionally require confirmation.
ST-0522,ESPNcricinfo,Company / Brand / Platform,"Fan Engagement, Media, Streaming & Gaming",Fan Engagement,India,"Fan engagement, sports content, streaming, fantasy, gaming, or collectibles platform.",Fan Data / Media Partner,65,Medium,Potential,"Fan engagement signals, content distribution, audience intelligence, and activation.",,,,https://www.bing.com/search?q=ESPNcricinfo+official+company+sports,"Candidate identified - verify website, HQ, stage, and contacts before outreach",2026-08-06,Name/category curated for ecosystem mapping; blank fields intentionally require confirmation.
ST-0523,Eventbrite,Company / Brand / Platform,"Fan Engagement, Media, Streaming & Gaming",Events & Venues,Global / verify,"Fan engagement, sports content, streaming, fantasy, gaming, or collectibles platform.",Fan Data / Media Partner,50,Longlist,Potential,"Fan engagement signals, content distribution, audience intelligence, and activation.",,,,https://www.bing.com/search?q=Eventbrite+official+company+sports,"Candidate identified - verify website, HQ, stage, and contacts before outreach",2026-08-06,Name/category curated for ecosystem mapping; blank fields intentionally require confirmation.
ST-0524,Fanatics,Company / Brand / Platform,"Fan Engagement, Media, Streaming & Gaming",Fan Engagement,Global / verify,"Fan engagement, sports content, streaming, fantasy, gaming, or collectibles platform.",Fan Data / Media Partner,50,Longlist,Potential,"Fan engagement signals, content distribution, audience intelligence, and activation.",,,,https://www.bing.com/search?q=Fanatics+official+company+sports,"Candidate identified - verify website, HQ, stage, and contacts before outreach",2026-08-06,Name/category curated for ecosystem mapping; blank fields intentionally require confirmation.
ST-0525,Fanatics Collectibles,Company / Brand / Platform,"Fan Engagement, Media, Streaming & Gaming",Fan Engagement,Global / verify,"Fan engagement, sports content, streaming, fantasy, gaming, or collectibles platform.",Fan Data / Media Partner,50,Longlist,Potential,"Fan engagement signals, content distribution, audience intelligence, and activation.",,,,https://www.bing.com/search?q=Fanatics+Collectibles+official+company+sports,"Candidate identified - verify website, HQ, stage, and contacts before outreach",2026-08-06,Name/category curated for ecosystem mapping; blank fields intentionally require confirmation.
ST-0526,FanCode,Company / Brand / Platform,"Fan Engagement, Media, Streaming & Gaming",Fan Engagement,India,"Fan engagement, sports content, streaming, fantasy, gaming, or collectibles platform.",Fan Data / Media Partner,65,Medium,Potential,"Fan engagement signals, content distribution, audience intelligence, and activation.",,,,https://www.bing.com/search?q=FanCode+official+company+sports,"Candidate identified - verify website, HQ, stage, and contacts before outreach",2026-08-06,Name/category curated for ecosystem mapping; blank fields intentionally require confirmation.
ST-0527,FanDuel,Company / Brand / Platform,"Fan Engagement, Media, Streaming & Gaming",Fan Engagement,Global / verify,"Fan engagement, sports content, streaming, fantasy, gaming, or collectibles platform.",Fan Data / Media Partner,50,Longlist,Potential,"Fan engagement signals, content distribution, audience intelligence, and activation.",,,,https://www.bing.com/search?q=FanDuel+official+company+sports,"Candidate identified - verify website, HQ, stage, and contacts before outreach",2026-08-06,Name/category curated for ecosystem mapping; blank fields intentionally require confirmation.
ST-0528,FanHub,Company / Brand / Platform,"Fan Engagement, Media, Streaming & Gaming",Fan Engagement,Global / verify,"Fan engagement, sports content, streaming, fantasy, gaming, or collectibles platform.",Fan Data / Media Partner,50,Longlist,Potential,"Fan engagement signals, content distribution, audience intelligence, and activation.",,,,https://www.bing.com/search?q=FanHub+official+company+sports,"Candidate identified - verify website, HQ, stage, and contacts before outreach",2026-08-06,Name/category curated for ecosystem mapping; blank fields intentionally require confirmation.
ST-0529,Fanprime,Company / Brand / Platform,"Fan Engagement, Media, Streaming & Gaming",Fan Engagement,Global / verify,"Fan engagement, sports content, streaming, fantasy, gaming, or collectibles platform.",Fan Data / Media Partner,50,Longlist,Potential,"Fan engagement signals, content distribution, audience intelligence, and activation.",,,,https://www.bing.com/search?q=Fanprime+official+company+sports,"Candidate identified - verify website, HQ, stage, and contacts before outreach",2026-08-06,Name/category curated for ecosystem mapping; blank fields intentionally require confirmation.
ST-0530,Fanzone,Company / Brand / Platform,"Fan Engagement, Media, Streaming & Gaming",Fan Engagement,Global / verify,"Fan engagement, sports content, streaming, fantasy, gaming, or collectibles platform.",Fan Data / Media Partner,50,Longlist,Potential,"Fan engagement signals, content distribution, audience intelligence, and activation.",,,,https://www.bing.com/search?q=Fanzone+official+company+sports,"Candidate identified - verify website, HQ, stage, and contacts before outreach",2026-08-06,Name/category curated for ecosystem mapping; blank fields intentionally require confirmation.
ST-0531,FEVO,Company / Brand / Platform,"Fan Engagement, Media, Streaming & Gaming",Fan Engagement,Global / verify,"Fan engagement, sports content, streaming, fantasy, gaming, or collectibles platform.",Fan Data / Media Partner,50,Longlist,Potential,"Fan engagement signals, content distribution, audience intelligence, and activation.",,,,https://www.bing.com/search?q=FEVO+official+company+sports,"Candidate identified - verify website, HQ, stage, and contacts before outreach",2026-08-06,Name/category curated for ecosystem mapping; blank fields intentionally require confirmation.
ST-0532,FloSports,Company / Brand / Platform,"Fan Engagement, Media, Streaming & Gaming",Fan Engagement,Global / verify,"Fan engagement, sports content, streaming, fantasy, gaming, or collectibles platform.",Fan Data / Media Partner,50,Longlist,Potential,"Fan engagement signals, content distribution, audience intelligence, and activation.",,,,https://www.bing.com/search?q=FloSports+official+company+sports,"Candidate identified - verify website, HQ, stage, and contacts before outreach",2026-08-06,Name/category curated for ecosystem mapping; blank fields intentionally require confirmation.
ST-0533,Fubo,Company / Brand / Platform,"Fan Engagement, Media, Streaming & Gaming",Fan Engagement,Global / verify,"Fan engagement, sports content, streaming, fantasy, gaming, or collectibles platform.",Fan Data / Media Partner,50,Longlist,Potential,"Fan engagement signals, content distribution, audience intelligence, and activation.",,,,https://www.bing.com/search?q=Fubo+official+company+sports,"Candidate identified - verify website, HQ, stage, and contacts before outreach",2026-08-06,Name/category curated for ecosystem mapping; blank fields intentionally require confirmation.
ST-0534,Game.tv,Company / Brand / Platform,"Fan Engagement, Media, Streaming & Gaming",Fan Engagement,Global / verify,"Fan engagement, sports content, streaming, fantasy, gaming, or collectibles platform.",Fan Data / Media Partner,50,Longlist,Potential,"Fan engagement signals, content distribution, audience intelligence, and activation.",,,,https://www.bing.com/search?q=Game.tv+official+company+sports,"Candidate identified - verify website, HQ, stage, and contacts before outreach",2026-08-06,Name/category curated for ecosystem mapping; blank fields intentionally require confirmation.
ST-0535,GiveMeSport,Company / Brand / Platform,"Fan Engagement, Media, Streaming & Gaming",Fan Engagement,Global / verify,"Fan engagement, sports content, streaming, fantasy, gaming, or collectibles platform.",Fan Data / Media Partner,50,Longlist,Potential,"Fan engagement signals, content distribution, audience intelligence, and activation.",,,,https://www.bing.com/search?q=GiveMeSport+official+company+sports,"Candidate identified - verify website, HQ, stage, and contacts before outreach",2026-08-06,Name/category curated for ecosystem mapping; blank fields intentionally require confirmation.
ST-0536,Hawk Live,Company / Brand / Platform,"Fan Engagement, Media, Streaming & Gaming",Fan Engagement,Global / verify,"Fan engagement, sports content, streaming, fantasy, gaming, or collectibles platform.",Fan Data / Media Partner,50,Longlist,Potential,"Fan engagement signals, content distribution, audience intelligence, and activation.",,,,https://www.bing.com/search?q=Hawk+Live+official+company+sports,"Candidate identified - verify website, HQ, stage, and contacts before outreach",2026-08-06,Name/category curated for ecosystem mapping; blank fields intentionally require confirmation.
ST-0537,Heja,Company / Brand / Platform,"Fan Engagement, Media, Streaming & Gaming",Fan Engagement,Global / verify,"Fan engagement, sports content, streaming, fantasy, gaming, or collectibles platform.",Fan Data / Media Partner,50,Longlist,Potential,"Fan engagement signals, content distribution, audience intelligence, and activation.",,,,https://www.bing.com/search?q=Heja+official+company+sports,"Candidate identified - verify website, HQ, stage, and contacts before outreach",2026-08-06,Name/category curated for ecosystem mapping; blank fields intentionally require confirmation.
ST-0538,House of Highlights,Company / Brand / Platform,"Fan Engagement, Media, Streaming & Gaming",Fan Engagement,Global / verify,"Fan engagement, sports content, streaming, fantasy, gaming, or collectibles platform.",Fan Data / Media Partner,50,Longlist,Potential,"Fan engagement signals, content distribution, audience intelligence, and activation.",,,,https://www.bing.com/search?q=House+of+Highlights+official+company+sports,"Candidate identified - verify website, HQ, stage, and contacts before outreach",2026-08-06,Name/category curated for ecosystem mapping; blank fields intentionally require confirmation.
ST-0539,Howzat,Company / Brand / Platform,"Fan Engagement, Media, Streaming & Gaming",Fan Engagement,Global / verify,"Fan engagement, sports content, streaming, fantasy, gaming, or collectibles platform.",Fan Data / Media Partner,50,Longlist,Potential,"Fan engagement signals, content distribution, audience intelligence, and activation.",,,,https://www.bing.com/search?q=Howzat+official+company+sports,"Candidate identified - verify website, HQ, stage, and contacts before outreach",2026-08-06,Name/category curated for ecosystem mapping; blank fields intentionally require confirmation.
ST-0540,InCrowd Sports,Company / Brand / Platform,"Fan Engagement, Media, Streaming & Gaming",Fan Engagement,Global / verify,"Fan engagement, sports content, streaming, fantasy, gaming, or collectibles platform.",Fan Data / Media Partner,50,Longlist,Potential,"Fan engagement signals, content distribution, audience intelligence, and activation.",,,,https://www.bing.com/search?q=InCrowd+Sports+official+company+sports,"Candidate identified - verify website, HQ, stage, and contacts before outreach",2026-08-06,Name/category curated for ecosystem mapping; blank fields intentionally require confirmation.
ST-0541,JetSynthesys,Company / Brand / Platform,"Fan Engagement, Media, Streaming & Gaming",Fan Engagement,Global / verify,"Fan engagement, sports content, streaming, fantasy, gaming, or collectibles platform.",Fan Data / Media Partner,50,Longlist,Potential,"Fan engagement signals, content distribution, audience intelligence, and activation.",,,,https://www.bing.com/search?q=JetSynthesys+official+company+sports,"Candidate identified - verify website, HQ, stage, and contacts before outreach",2026-08-06,Name/category curated for ecosystem mapping; blank fields intentionally require confirmation.
ST-0542,Jomboy Media,Company / Brand / Platform,"Fan Engagement, Media, Streaming & Gaming",Fan Engagement,Global / verify,"Fan engagement, sports content, streaming, fantasy, gaming, or collectibles platform.",Fan Data / Media Partner,50,Longlist,Potential,"Fan engagement signals, content distribution, audience intelligence, and activation.",,,,https://www.bing.com/search?q=Jomboy+Media+official+company+sports,"Candidate identified - verify website, HQ, stage, and contacts before outreach",2026-08-06,Name/category curated for ecosystem mapping; blank fields intentionally require confirmation.
ST-0543,Kick,Company / Brand / Platform,"Fan Engagement, Media, Streaming & Gaming",Fan Engagement,Global / verify,"Fan engagement, sports content, streaming, fantasy, gaming, or collectibles platform.",Fan Data / Media Partner,50,Longlist,Potential,"Fan engagement signals, content distribution, audience intelligence, and activation.",,,,https://www.bing.com/search?q=Kick+official+company+sports,"Candidate identified - verify website, HQ, stage, and contacts before outreach",2026-08-06,Name/category curated for ecosystem mapping; blank fields intentionally require confirmation.
ST-0544,Konami eFootball,Company / Brand / Platform,"Fan Engagement, Media, Streaming & Gaming",Fan Engagement,Global / verify,"Fan engagement, sports content, streaming, fantasy, gaming, or collectibles platform.",Fan Data / Media Partner,50,Longlist,Potential,"Fan engagement signals, content distribution, audience intelligence, and activation.",,,,https://www.bing.com/search?q=Konami+eFootball+official+company+sports,"Candidate identified - verify website, HQ, stage, and contacts before outreach",2026-08-06,Name/category curated for ecosystem mapping; blank fields intentionally require confirmation.
ST-0545,Krafton,Company / Brand / Platform,"Fan Engagement, Media, Streaming & Gaming",Fan Engagement,Global / verify,"Fan engagement, sports content, streaming, fantasy, gaming, or collectibles platform.",Fan Data / Media Partner,50,Longlist,Potential,"Fan engagement signals, content distribution, audience intelligence, and activation.",,,,https://www.bing.com/search?q=Krafton+official+company+sports,"Candidate identified - verify website, HQ, stage, and contacts before outreach",2026-08-06,Name/category curated for ecosystem mapping; blank fields intentionally require confirmation.
ST-0546,Livelike,Company / Brand / Platform,"Fan Engagement, Media, Streaming & Gaming",Fan Engagement,Global / verify,"Fan engagement, sports content, streaming, fantasy, gaming, or collectibles platform.",Fan Data / Media Partner,50,Longlist,Potential,"Fan engagement signals, content distribution, audience intelligence, and activation.",,,,https://www.bing.com/search?q=Livelike+official+company+sports,"Candidate identified - verify website, HQ, stage, and contacts before outreach",2026-08-06,Name/category curated for ecosystem mapping; blank fields intentionally require confirmation.
ST-0547,Loco,Company / Brand / Platform,"Fan Engagement, Media, Streaming & Gaming",Fan Engagement,India,"Fan engagement, sports content, streaming, fantasy, gaming, or collectibles platform.",Fan Data / Media Partner,65,Medium,Potential,"Fan engagement signals, content distribution, audience intelligence, and activation.",,,,https://www.bing.com/search?q=Loco+official+company+sports,"Candidate identified - verify website, HQ, stage, and contacts before outreach",2026-08-06,Name/category curated for ecosystem mapping; blank fields intentionally require confirmation.
ST-0548,Magnifi,Company / Brand / Platform,"Fan Engagement, Media, Streaming & Gaming",Fan Engagement,Global / verify,"Fan engagement, sports content, streaming, fantasy, gaming, or collectibles platform.",Fan Data / Media Partner,50,Longlist,Potential,"Fan engagement signals, content distribution, audience intelligence, and activation.",,,,https://www.bing.com/search?q=Magnifi+official+company+sports,"Candidate identified - verify website, HQ, stage, and contacts before outreach",2026-08-06,Name/category curated for ecosystem mapping; blank fields intentionally require confirmation.
ST-0549,Minute Media,Company / Brand / Platform,"Fan Engagement, Media, Streaming & Gaming",Fan Engagement,Global / verify,"Fan engagement, sports content, streaming, fantasy, gaming, or collectibles platform.",Fan Data / Media Partner,50,Longlist,Potential,"Fan engagement signals, content distribution, audience intelligence, and activation.",,,,https://www.bing.com/search?q=Minute+Media+official+company+sports,"Candidate identified - verify website, HQ, stage, and contacts before outreach",2026-08-06,Name/category curated for ecosystem mapping; blank fields intentionally require confirmation.
ST-0550,Mobile Premier League,Company / Brand / Platform,"Fan Engagement, Media, Streaming & Gaming",Fan Engagement,India,"Fan engagement, sports content, streaming, fantasy, gaming, or collectibles platform.",Fan Data / Media Partner,65,Medium,Potential,"Fan engagement signals, content distribution, audience intelligence, and activation.",,,,https://www.bing.com/search?q=Mobile+Premier+League+official+company+sports,"Candidate identified - verify website, HQ, stage, and contacts before outreach",2026-08-06,Name/category curated for ecosystem mapping; blank fields intentionally require confirmation.
ST-0551,Monkey Knife Fight,Company / Brand / Platform,"Fan Engagement, Media, Streaming & Gaming",Fan Engagement,Global / verify,"Fan engagement, sports content, streaming, fantasy, gaming, or collectibles platform.",Fan Data / Media Partner,50,Longlist,Potential,"Fan engagement signals, content distribution, audience intelligence, and activation.",,,,https://www.bing.com/search?q=Monkey+Knife+Fight+official+company+sports,"Candidate identified - verify website, HQ, stage, and contacts before outreach",2026-08-06,Name/category curated for ecosystem mapping; blank fields intentionally require confirmation.
ST-0552,MPL,Company / Brand / Platform,"Fan Engagement, Media, Streaming & Gaming",Fan Engagement,India,"Fan engagement, sports content, streaming, fantasy, gaming, or collectibles platform.",Fan Data / Media Partner,65,Medium,Potential,"Fan engagement signals, content distribution, audience intelligence, and activation.",,,,https://www.bing.com/search?q=MPL+official+company+sports,"Candidate identified - verify website, HQ, stage, and contacts before outreach",2026-08-06,Name/category curated for ecosystem mapping; blank fields intentionally require confirmation.
ST-0553,My11Circle,Company / Brand / Platform,"Fan Engagement, Media, Streaming & Gaming",Fan Engagement,Global / verify,"Fan engagement, sports content, streaming, fantasy, gaming, or collectibles platform.",Fan Data / Media Partner,50,Longlist,Potential,"Fan engagement signals, content distribution, audience intelligence, and activation.",,,,https://www.bing.com/search?q=My11Circle+official+company+sports,"Candidate identified - verify website, HQ, stage, and contacts before outreach",2026-08-06,Name/category curated for ecosystem mapping; blank fields intentionally require confirmation.
ST-0554,Nazara Technologies,Company / Brand / Platform,"Fan Engagement, Media, Streaming & Gaming",Fan Engagement,Global / verify,"Fan engagement, sports content, streaming, fantasy, gaming, or collectibles platform.",Fan Data / Media Partner,50,Longlist,Potential,"Fan engagement signals, content distribution, audience intelligence, and activation.",,,,https://www.bing.com/search?q=Nazara+Technologies+official+company+sports,"Candidate identified - verify website, HQ, stage, and contacts before outreach",2026-08-06,Name/category curated for ecosystem mapping; blank fields intentionally require confirmation.
ST-0555,NBA Top Shot,Company / Brand / Platform,"Fan Engagement, Media, Streaming & Gaming",Fan Engagement,Global / verify,"Fan engagement, sports content, streaming, fantasy, gaming, or collectibles platform.",Fan Data / Media Partner,50,Longlist,Potential,"Fan engagement signals, content distribution, audience intelligence, and activation.",,,,https://www.bing.com/search?q=NBA+Top+Shot+official+company+sports,"Candidate identified - verify website, HQ, stage, and contacts before outreach",2026-08-06,Name/category curated for ecosystem mapping; blank fields intentionally require confirmation.
ST-0556,NODWIN Gaming,Company / Brand / Platform,"Fan Engagement, Media, Streaming & Gaming",Fan Engagement,India,"Fan engagement, sports content, streaming, fantasy, gaming, or collectibles platform.",Fan Data / Media Partner,65,Medium,Potential,"Fan engagement signals, content distribution, audience intelligence, and activation.",,,,https://www.bing.com/search?q=NODWIN+Gaming+official+company+sports,"Candidate identified - verify website, HQ, stage, and contacts before outreach",2026-08-06,Name/category curated for ecosystem mapping; blank fields intentionally require confirmation.
ST-0557,OneFootball,Company / Brand / Platform,"Fan Engagement, Media, Streaming & Gaming",Fan Engagement,Global / verify,"Fan engagement, sports content, streaming, fantasy, gaming, or collectibles platform.",Fan Data / Media Partner,50,Longlist,Potential,"Fan engagement signals, content distribution, audience intelligence, and activation.",,,,https://www.bing.com/search?q=OneFootball+official+company+sports,"Candidate identified - verify website, HQ, stage, and contacts before outreach",2026-08-06,Name/category curated for ecosystem mapping; blank fields intentionally require confirmation.
ST-0558,Overtime,Company / Brand / Platform,"Fan Engagement, Media, Streaming & Gaming",Fan Engagement,Global / verify,"Fan engagement, sports content, streaming, fantasy, gaming, or collectibles platform.",Fan Data / Media Partner,50,Longlist,Potential,"Fan engagement signals, content distribution, audience intelligence, and activation.",,,,https://www.bing.com/search?q=Overtime+official+company+sports,"Candidate identified - verify website, HQ, stage, and contacts before outreach",2026-08-06,Name/category curated for ecosystem mapping; blank fields intentionally require confirmation.
ST-0559,OwnersBox,Company / Brand / Platform,"Fan Engagement, Media, Streaming & Gaming",Fan Engagement,Global / verify,"Fan engagement, sports content, streaming, fantasy, gaming, or collectibles platform.",Fan Data / Media Partner,50,Longlist,Potential,"Fan engagement signals, content distribution, audience intelligence, and activation.",,,,https://www.bing.com/search?q=OwnersBox+official+company+sports,"Candidate identified - verify website, HQ, stage, and contacts before outreach",2026-08-06,Name/category curated for ecosystem mapping; blank fields intentionally require confirmation.
ST-0560,Panini,Company / Brand / Platform,"Fan Engagement, Media, Streaming & Gaming",Fan Engagement,Global / verify,"Fan engagement, sports content, streaming, fantasy, gaming, or collectibles platform.",Fan Data / Media Partner,50,Longlist,Potential,"Fan engagement signals, content distribution, audience intelligence, and activation.",,,,https://www.bing.com/search?q=Panini+official+company+sports,"Candidate identified - verify website, HQ, stage, and contacts before outreach",2026-08-06,Name/category curated for ecosystem mapping; blank fields intentionally require confirmation.
ST-0561,Paytm Insider,Company / Brand / Platform,"Fan Engagement, Media, Streaming & Gaming",Fan Engagement,India,"Fan engagement, sports content, streaming, fantasy, gaming, or collectibles platform.",Fan Data / Media Partner,65,Medium,Potential,"Fan engagement signals, content distribution, audience intelligence, and activation.",,,,https://www.bing.com/search?q=Paytm+Insider+official+company+sports,"Candidate identified - verify website, HQ, stage, and contacts before outreach",2026-08-06,Name/category curated for ecosystem mapping; blank fields intentionally require confirmation.
ST-0562,Platinumlist,Company / Brand / Platform,"Fan Engagement, Media, Streaming & Gaming",Fan Engagement,United Arab Emirates / MENA,"Fan engagement, sports content, streaming, fantasy, gaming, or collectibles platform.",Fan Data / Media Partner,65,Medium,Potential,"Fan engagement signals, content distribution, audience intelligence, and activation.",,,,https://www.bing.com/search?q=Platinumlist+official+company+sports,"Candidate identified - verify website, HQ, stage, and contacts before outreach",2026-08-06,Name/category curated for ecosystem mapping; blank fields intentionally require confirmation.
ST-0563,Pocket Aces,Company / Brand / Platform,"Fan Engagement, Media, Streaming & Gaming",Fan Engagement,Global / verify,"Fan engagement, sports content, streaming, fantasy, gaming, or collectibles platform.",Fan Data / Media Partner,50,Longlist,Potential,"Fan engagement signals, content distribution, audience intelligence, and activation.",,,,https://www.bing.com/search?q=Pocket+Aces+official+company+sports,"Candidate identified - verify website, HQ, stage, and contacts before outreach",2026-08-06,Name/category curated for ecosystem mapping; blank fields intentionally require confirmation.
ST-0564,PrizePicks,Company / Brand / Platform,"Fan Engagement, Media, Streaming & Gaming",Fan Engagement,Global / verify,"Fan engagement, sports content, streaming, fantasy, gaming, or collectibles platform.",Fan Data / Media Partner,50,Longlist,Potential,"Fan engagement signals, content distribution, audience intelligence, and activation.",,,,https://www.bing.com/search?q=PrizePicks+official+company+sports,"Candidate identified - verify website, HQ, stage, and contacts before outreach",2026-08-06,Name/category curated for ecosystem mapping; blank fields intentionally require confirmation.
ST-0565,PumpJack Dataworks,Company / Brand / Platform,"Fan Engagement, Media, Streaming & Gaming",Analytics & Intelligence,Global / verify,"Fan engagement, sports content, streaming, fantasy, gaming, or collectibles platform.",Fan Data / Media Partner,50,Longlist,Potential,"Fan engagement signals, content distribution, audience intelligence, and activation.",,,,https://www.bing.com/search?q=PumpJack+Dataworks+official+company+sports,"Candidate identified - verify website, HQ, stage, and contacts before outreach",2026-08-06,Name/category curated for ecosystem mapping; blank fields intentionally require confirmation.
ST-0566,Quidich Innovation Labs,Company / Brand / Platform,"Fan Engagement, Media, Streaming & Gaming",Fan Engagement,India,"Fan engagement, sports content, streaming, fantasy, gaming, or collectibles platform.",Fan Data / Media Partner,65,Medium,Potential,"Fan engagement signals, content distribution, audience intelligence, and activation.",,,,https://www.bing.com/search?q=Quidich+Innovation+Labs+official+company+sports,"Candidate identified - verify website, HQ, stage, and contacts before outreach",2026-08-06,Name/category curated for ecosystem mapping; blank fields intentionally require confirmation.
ST-0567,Relevent Sports,Company / Brand / Platform,"Fan Engagement, Media, Streaming & Gaming",Events & Venues,Global / verify,"Fan engagement, sports content, streaming, fantasy, gaming, or collectibles platform.",Fan Data / Media Partner,50,Longlist,Potential,"Fan engagement signals, content distribution, audience intelligence, and activation.",,,,https://www.bing.com/search?q=Relevent+Sports+official+company+sports,"Candidate identified - verify website, HQ, stage, and contacts before outreach",2026-08-06,Name/category curated for ecosystem mapping; blank fields intentionally require confirmation.
ST-0568,Riot Games,Company / Brand / Platform,"Fan Engagement, Media, Streaming & Gaming",Fan Engagement,Global / verify,"Fan engagement, sports content, streaming, fantasy, gaming, or collectibles platform.",Fan Data / Media Partner,50,Longlist,Potential,"Fan engagement signals, content distribution, audience intelligence, and activation.",,,,https://www.bing.com/search?q=Riot+Games+official+company+sports,"Candidate identified - verify website, HQ, stage, and contacts before outreach",2026-08-06,Name/category curated for ecosystem mapping; blank fields intentionally require confirmation.
ST-0569,Rooter,Company / Brand / Platform,"Fan Engagement, Media, Streaming & Gaming",Fan Engagement,India,"Fan engagement, sports content, streaming, fantasy, gaming, or collectibles platform.",Fan Data / Media Partner,65,Medium,Potential,"Fan engagement signals, content distribution, audience intelligence, and activation.",,,,https://www.bing.com/search?q=Rooter+official+company+sports,"Candidate identified - verify website, HQ, stage, and contacts before outreach",2026-08-06,Name/category curated for ecosystem mapping; blank fields intentionally require confirmation.
ST-0570,SeatGeek,Company / Brand / Platform,"Fan Engagement, Media, Streaming & Gaming",Events & Venues,Global / verify,"Fan engagement, sports content, streaming, fantasy, gaming, or collectibles platform.",Fan Data / Media Partner,50,Longlist,Potential,"Fan engagement signals, content distribution, audience intelligence, and activation.",,,,https://www.bing.com/search?q=SeatGeek+official+company+sports,"Candidate identified - verify website, HQ, stage, and contacts before outreach",2026-08-06,Name/category curated for ecosystem mapping; blank fields intentionally require confirmation.
ST-0571,Sega Sports Interactive,Company / Brand / Platform,"Fan Engagement, Media, Streaming & Gaming",Fan Engagement,Global / verify,"Fan engagement, sports content, streaming, fantasy, gaming, or collectibles platform.",Fan Data / Media Partner,50,Longlist,Potential,"Fan engagement signals, content distribution, audience intelligence, and activation.",,,,https://www.bing.com/search?q=Sega+Sports+Interactive+official+company+sports,"Candidate identified - verify website, HQ, stage, and contacts before outreach",2026-08-06,Name/category curated for ecosystem mapping; blank fields intentionally require confirmation.
ST-0572,Sleeper,Company / Brand / Platform,"Fan Engagement, Media, Streaming & Gaming",Fan Engagement,Global / verify,"Fan engagement, sports content, streaming, fantasy, gaming, or collectibles platform.",Fan Data / Media Partner,50,Longlist,Potential,"Fan engagement signals, content distribution, audience intelligence, and activation.",,,,https://www.bing.com/search?q=Sleeper+official+company+sports,"Candidate identified - verify website, HQ, stage, and contacts before outreach",2026-08-06,Name/category curated for ecosystem mapping; blank fields intentionally require confirmation.
ST-0573,Sling TV,Company / Brand / Platform,"Fan Engagement, Media, Streaming & Gaming",Fan Engagement,Global / verify,"Fan engagement, sports content, streaming, fantasy, gaming, or collectibles platform.",Fan Data / Media Partner,50,Longlist,Potential,"Fan engagement signals, content distribution, audience intelligence, and activation.",,,,https://www.bing.com/search?q=Sling+TV+official+company+sports,"Candidate identified - verify website, HQ, stage, and contacts before outreach",2026-08-06,Name/category curated for ecosystem mapping; blank fields intentionally require confirmation.
ST-0574,Socios.com,Company / Brand / Platform,"Fan Engagement, Media, Streaming & Gaming",Fan Engagement,Global / verify,"Fan engagement, sports content, streaming, fantasy, gaming, or collectibles platform.",Fan Data / Media Partner,50,Longlist,Potential,"Fan engagement signals, content distribution, audience intelligence, and activation.",,,,https://www.bing.com/search?q=Socios.com+official+company+sports,"Candidate identified - verify website, HQ, stage, and contacts before outreach",2026-08-06,Name/category curated for ecosystem mapping; blank fields intentionally require confirmation.
ST-0575,Sorare,Company / Brand / Platform,"Fan Engagement, Media, Streaming & Gaming",Fan Engagement,Global / verify,"Fan engagement, sports content, streaming, fantasy, gaming, or collectibles platform.",Fan Data / Media Partner,50,Longlist,Potential,"Fan engagement signals, content distribution, audience intelligence, and activation.",,,,https://www.bing.com/search?q=Sorare+official+company+sports,"Candidate identified - verify website, HQ, stage, and contacts before outreach",2026-08-06,Name/category curated for ecosystem mapping; blank fields intentionally require confirmation.
ST-0576,Sports Interactive,Company / Brand / Platform,"Fan Engagement, Media, Streaming & Gaming",Fan Engagement,Global / verify,"Fan engagement, sports content, streaming, fantasy, gaming, or collectibles platform.",Fan Data / Media Partner,50,Longlist,Potential,"Fan engagement signals, content distribution, audience intelligence, and activation.",,,,https://www.bing.com/search?q=Sports+Interactive+official+company+sports,"Candidate identified - verify website, HQ, stage, and contacts before outreach",2026-08-06,Name/category curated for ecosystem mapping; blank fields intentionally require confirmation.
ST-0577,Sportskeeda,Company / Brand / Platform,"Fan Engagement, Media, Streaming & Gaming",Fan Engagement,India,"Fan engagement, sports content, streaming, fantasy, gaming, or collectibles platform.",Fan Data / Media Partner,65,Medium,Potential,"Fan engagement signals, content distribution, audience intelligence, and activation.",,,,https://www.bing.com/search?q=Sportskeeda+official+company+sports,"Candidate identified - verify website, HQ, stage, and contacts before outreach",2026-08-06,Name/category curated for ecosystem mapping; blank fields intentionally require confirmation.
ST-0578,Sportzworkz,Company / Brand / Platform,"Fan Engagement, Media, Streaming & Gaming",Fan Engagement,Global / verify,"Fan engagement, sports content, streaming, fantasy, gaming, or collectibles platform.",Fan Data / Media Partner,50,Longlist,Potential,"Fan engagement signals, content distribution, audience intelligence, and activation.",,,,https://www.bing.com/search?q=Sportzworkz+official+company+sports,"Candidate identified - verify website, HQ, stage, and contacts before outreach",2026-08-06,Name/category curated for ecosystem mapping; blank fields intentionally require confirmation.
ST-0579,StubHub,Company / Brand / Platform,"Fan Engagement, Media, Streaming & Gaming",Fan Engagement,Global / verify,"Fan engagement, sports content, streaming, fantasy, gaming, or collectibles platform.",Fan Data / Media Partner,50,Longlist,Potential,"Fan engagement signals, content distribution, audience intelligence, and activation.",,,,https://www.bing.com/search?q=StubHub+official+company+sports,"Candidate identified - verify website, HQ, stage, and contacts before outreach",2026-08-06,Name/category curated for ecosystem mapping; blank fields intentionally require confirmation.
ST-0580,SuperDraft,Company / Brand / Platform,"Fan Engagement, Media, Streaming & Gaming",Fan Engagement,Global / verify,"Fan engagement, sports content, streaming, fantasy, gaming, or collectibles platform.",Fan Data / Media Partner,50,Longlist,Potential,"Fan engagement signals, content distribution, audience intelligence, and activation.",,,,https://www.bing.com/search?q=SuperDraft+official+company+sports,"Candidate identified - verify website, HQ, stage, and contacts before outreach",2026-08-06,Name/category curated for ecosystem mapping; blank fields intentionally require confirmation.
ST-0581,Tencent Games,Company / Brand / Platform,"Fan Engagement, Media, Streaming & Gaming",Fan Engagement,Global / verify,"Fan engagement, sports content, streaming, fantasy, gaming, or collectibles platform.",Fan Data / Media Partner,50,Longlist,Potential,"Fan engagement signals, content distribution, audience intelligence, and activation.",,,,https://www.bing.com/search?q=Tencent+Games+official+company+sports,"Candidate identified - verify website, HQ, stage, and contacts before outreach",2026-08-06,Name/category curated for ecosystem mapping; blank fields intentionally require confirmation.
ST-0582,The Athletic,Company / Brand / Platform,"Fan Engagement, Media, Streaming & Gaming",Fan Engagement,Global / verify,"Fan engagement, sports content, streaming, fantasy, gaming, or collectibles platform.",Fan Data / Media Partner,50,Longlist,Potential,"Fan engagement signals, content distribution, audience intelligence, and activation.",,,,https://www.bing.com/search?q=The+Athletic+official+company+sports,"Candidate identified - verify website, HQ, stage, and contacts before outreach",2026-08-06,Name/category curated for ecosystem mapping; blank fields intentionally require confirmation.
ST-0583,The Players' Tribune,Company / Brand / Platform,"Fan Engagement, Media, Streaming & Gaming",Fan Engagement,Global / verify,"Fan engagement, sports content, streaming, fantasy, gaming, or collectibles platform.",Fan Data / Media Partner,50,Longlist,Potential,"Fan engagement signals, content distribution, audience intelligence, and activation.",,,,https://www.bing.com/search?q=The+Players%27+Tribune+official+company+sports,"Candidate identified - verify website, HQ, stage, and contacts before outreach",2026-08-06,Name/category curated for ecosystem mapping; blank fields intentionally require confirmation.
ST-0584,Ticketmaster,Company / Brand / Platform,"Fan Engagement, Media, Streaming & Gaming",Events & Venues,Global / verify,"Fan engagement, sports content, streaming, fantasy, gaming, or collectibles platform.",Fan Data / Media Partner,50,Longlist,Potential,"Fan engagement signals, content distribution, audience intelligence, and activation.",,,,https://www.bing.com/search?q=Ticketmaster+official+company+sports,"Candidate identified - verify website, HQ, stage, and contacts before outreach",2026-08-06,Name/category curated for ecosystem mapping; blank fields intentionally require confirmation.
ST-0585,TIL Content,Company / Brand / Platform,"Fan Engagement, Media, Streaming & Gaming",Fan Engagement,Global / verify,"Fan engagement, sports content, streaming, fantasy, gaming, or collectibles platform.",Fan Data / Media Partner,50,Longlist,Potential,"Fan engagement signals, content distribution, audience intelligence, and activation.",,,,https://www.bing.com/search?q=TIL+Content+official+company+sports,"Candidate identified - verify website, HQ, stage, and contacts before outreach",2026-08-06,Name/category curated for ecosystem mapping; blank fields intentionally require confirmation.
ST-0586,Tokabot,Company / Brand / Platform,"Fan Engagement, Media, Streaming & Gaming",Fan Engagement,Global / verify,"Fan engagement, sports content, streaming, fantasy, gaming, or collectibles platform.",Fan Data / Media Partner,50,Longlist,Potential,"Fan engagement signals, content distribution, audience intelligence, and activation.",,,,https://www.bing.com/search?q=Tokabot+official+company+sports,"Candidate identified - verify website, HQ, stage, and contacts before outreach",2026-08-06,Name/category curated for ecosystem mapping; blank fields intentionally require confirmation.
ST-0587,Topps,Company / Brand / Platform,"Fan Engagement, Media, Streaming & Gaming",Fan Engagement,Global / verify,"Fan engagement, sports content, streaming, fantasy, gaming, or collectibles platform.",Fan Data / Media Partner,50,Longlist,Potential,"Fan engagement signals, content distribution, audience intelligence, and activation.",,,,https://www.bing.com/search?q=Topps+official+company+sports,"Candidate identified - verify website, HQ, stage, and contacts before outreach",2026-08-06,Name/category curated for ecosystem mapping; blank fields intentionally require confirmation.
ST-0588,Turnip,Company / Brand / Platform,"Fan Engagement, Media, Streaming & Gaming",Fan Engagement,Global / verify,"Fan engagement, sports content, streaming, fantasy, gaming, or collectibles platform.",Fan Data / Media Partner,50,Longlist,Potential,"Fan engagement signals, content distribution, audience intelligence, and activation.",,,,https://www.bing.com/search?q=Turnip+official+company+sports,"Candidate identified - verify website, HQ, stage, and contacts before outreach",2026-08-06,Name/category curated for ecosystem mapping; blank fields intentionally require confirmation.
ST-0589,Twitch,Company / Brand / Platform,"Fan Engagement, Media, Streaming & Gaming",Fan Engagement,Global / verify,"Fan engagement, sports content, streaming, fantasy, gaming, or collectibles platform.",Fan Data / Media Partner,50,Longlist,Potential,"Fan engagement signals, content distribution, audience intelligence, and activation.",,,,https://www.bing.com/search?q=Twitch+official+company+sports,"Candidate identified - verify website, HQ, stage, and contacts before outreach",2026-08-06,Name/category curated for ecosystem mapping; blank fields intentionally require confirmation.
ST-0590,Underdog Fantasy,Company / Brand / Platform,"Fan Engagement, Media, Streaming & Gaming",Fan Engagement,Global / verify,"Fan engagement, sports content, streaming, fantasy, gaming, or collectibles platform.",Fan Data / Media Partner,50,Longlist,Potential,"Fan engagement signals, content distribution, audience intelligence, and activation.",,,,https://www.bing.com/search?q=Underdog+Fantasy+official+company+sports,"Candidate identified - verify website, HQ, stage, and contacts before outreach",2026-08-06,Name/category curated for ecosystem mapping; blank fields intentionally require confirmation.
ST-0591,ViewLift,Company / Brand / Platform,"Fan Engagement, Media, Streaming & Gaming",Fan Engagement,Global / verify,"Fan engagement, sports content, streaming, fantasy, gaming, or collectibles platform.",Fan Data / Media Partner,50,Longlist,Potential,"Fan engagement signals, content distribution, audience intelligence, and activation.",,,,https://www.bing.com/search?q=ViewLift+official+company+sports,"Candidate identified - verify website, HQ, stage, and contacts before outreach",2026-08-06,Name/category curated for ecosystem mapping; blank fields intentionally require confirmation.
ST-0592,Vision11,Company / Brand / Platform,"Fan Engagement, Media, Streaming & Gaming",Fan Engagement,Global / verify,"Fan engagement, sports content, streaming, fantasy, gaming, or collectibles platform.",Fan Data / Media Partner,50,Longlist,Potential,"Fan engagement signals, content distribution, audience intelligence, and activation.",,,,https://www.bing.com/search?q=Vision11+official+company+sports,"Candidate identified - verify website, HQ, stage, and contacts before outreach",2026-08-06,Name/category curated for ecosystem mapping; blank fields intentionally require confirmation.
ST-0593,Vivid Seats,Company / Brand / Platform,"Fan Engagement, Media, Streaming & Gaming",Events & Venues,Global / verify,"Fan engagement, sports content, streaming, fantasy, gaming, or collectibles platform.",Fan Data / Media Partner,50,Longlist,Potential,"Fan engagement signals, content distribution, audience intelligence, and activation.",,,,https://www.bing.com/search?q=Vivid+Seats+official+company+sports,"Candidate identified - verify website, HQ, stage, and contacts before outreach",2026-08-06,Name/category curated for ecosystem mapping; blank fields intentionally require confirmation.
ST-0594,Wave Sports + Entertainment,Company / Brand / Platform,"Fan Engagement, Media, Streaming & Gaming",Fan Engagement,Global / verify,"Fan engagement, sports content, streaming, fantasy, gaming, or collectibles platform.",Fan Data / Media Partner,50,Longlist,Potential,"Fan engagement signals, content distribution, audience intelligence, and activation.",,,,https://www.bing.com/search?q=Wave+Sports+%2B+Entertainment+official+company+sports,"Candidate identified - verify website, HQ, stage, and contacts before outreach",2026-08-06,Name/category curated for ecosystem mapping; blank fields intentionally require confirmation.
ST-0595,Whistle,Company / Brand / Platform,"Fan Engagement, Media, Streaming & Gaming",Fan Engagement,Global / verify,"Fan engagement, sports content, streaming, fantasy, gaming, or collectibles platform.",Fan Data / Media Partner,50,Longlist,Potential,"Fan engagement signals, content distribution, audience intelligence, and activation.",,,,https://www.bing.com/search?q=Whistle+official+company+sports,"Candidate identified - verify website, HQ, stage, and contacts before outreach",2026-08-06,Name/category curated for ecosystem mapping; blank fields intentionally require confirmation.
ST-0596,WinZO,Company / Brand / Platform,"Fan Engagement, Media, Streaming & Gaming",Fan Engagement,India,"Fan engagement, sports content, streaming, fantasy, gaming, or collectibles platform.",Fan Data / Media Partner,65,Medium,Potential,"Fan engagement signals, content distribution, audience intelligence, and activation.",,,,https://www.bing.com/search?q=WinZO+official+company+sports,"Candidate identified - verify website, HQ, stage, and contacts before outreach",2026-08-06,Name/category curated for ecosystem mapping; blank fields intentionally require confirmation.
ST-0597,YouTube TV,Company / Brand / Platform,"Fan Engagement, Media, Streaming & Gaming",Fan Engagement,Global / verify,"Fan engagement, sports content, streaming, fantasy, gaming, or collectibles platform.",Fan Data / Media Partner,50,Longlist,Potential,"Fan engagement signals, content distribution, audience intelligence, and activation.",,,,https://www.bing.com/search?q=YouTube+TV+official+company+sports,"Candidate identified - verify website, HQ, stage, and contacts before outreach",2026-08-06,Name/category curated for ecosystem mapping; blank fields intentionally require confirmation.
ST-0598,ABC Fitness,Company / Brand / Platform,"Venues, Events, Leagues & Operations",Coaching & Fitness,Global / verify,"Venue, league, academy, event, ticketing, or sports-operations solution.",Distribution / Athlete Acquisition Partner,50,Longlist,Potential,"Athlete onboarding, events, academies, federations, and regional distribution.",,,,https://www.bing.com/search?q=ABC+Fitness+official+company+sports,"Candidate identified - verify website, HQ, stage, and contacts before outreach",2026-08-06,Name/category curated for ecosystem mapping; blank fields intentionally require confirmation.
ST-0599,Accesso,Company / Brand / Platform,"Venues, Events, Leagues & Operations",Venues,Global / verify,"Venue, league, academy, event, ticketing, or sports-operations solution.",Distribution / Athlete Acquisition Partner,50,Longlist,Potential,"Athlete onboarding, events, academies, federations, and regional distribution.",,,,https://www.bing.com/search?q=Accesso+official+company+sports,"Candidate identified - verify website, HQ, stage, and contacts before outreach",2026-08-06,Name/category curated for ecosystem mapping; blank fields intentionally require confirmation.
ST-0600,Adani Sportsline,Company / Brand / Platform,"Venues, Events, Leagues & Operations",Venues,Global / verify,"Venue, league, academy, event, ticketing, or sports-operations solution.",Distribution / Athlete Acquisition Partner,50,Longlist,Potential,"Athlete onboarding, events, academies, federations, and regional distribution.",,,,https://www.bing.com/search?q=Adani+Sportsline+official+company+sports,"Candidate identified - verify website, HQ, stage, and contacts before outreach",2026-08-06,Name/category curated for ecosystem mapping; blank fields intentionally require confirmation.
ST-0601,Baseline Ventures,Company / Brand / Platform,"Venues, Events, Leagues & Operations",Venues,Global / verify,"Venue, league, academy, event, ticketing, or sports-operations solution.",Distribution / Athlete Acquisition Partner,50,Longlist,Potential,"Athlete onboarding, events, academies, federations, and regional distribution.",,,,https://www.bing.com/search?q=Baseline+Ventures+official+company+sports,"Candidate identified - verify website, HQ, stage, and contacts before outreach",2026-08-06,Name/category curated for ecosystem mapping; blank fields intentionally require confirmation.
ST-0602,Bhaichung Bhutia Football Schools,Company / Brand / Platform,"Venues, Events, Leagues & Operations",Venues,Global / verify,"Venue, league, academy, event, ticketing, or sports-operations solution.",Distribution / Athlete Acquisition Partner,50,Longlist,Potential,"Athlete onboarding, events, academies, federations, and regional distribution.",,,,https://www.bing.com/search?q=Bhaichung+Bhutia+Football+Schools+official+company+sports,"Candidate identified - verify website, HQ, stage, and contacts before outreach",2026-08-06,Name/category curated for ecosystem mapping; blank fields intentionally require confirmation.
ST-0603,BookMyTurf,Company / Brand / Platform,"Venues, Events, Leagues & Operations",Venues,Global / verify,"Venue, league, academy, event, ticketing, or sports-operations solution.",Distribution / Athlete Acquisition Partner,50,Longlist,Potential,"Athlete onboarding, events, academies, federations, and regional distribution.",,,,https://www.bing.com/search?q=BookMyTurf+official+company+sports,"Candidate identified - verify website, HQ, stage, and contacts before outreach",2026-08-06,Name/category curated for ecosystem mapping; blank fields intentionally require confirmation.
ST-0604,CAA Sports,Company / Brand / Platform,"Venues, Events, Leagues & Operations",Venues,Global / verify,"Venue, league, academy, event, ticketing, or sports-operations solution.",Distribution / Athlete Acquisition Partner,50,Longlist,Potential,"Athlete onboarding, events, academies, federations, and regional distribution.",,,,https://www.bing.com/search?q=CAA+Sports+official+company+sports,"Candidate identified - verify website, HQ, stage, and contacts before outreach",2026-08-06,Name/category curated for ecosystem mapping; blank fields intentionally require confirmation.
ST-0605,Capri Sports,Company / Brand / Platform,"Venues, Events, Leagues & Operations",Venues,Global / verify,"Venue, league, academy, event, ticketing, or sports-operations solution.",Distribution / Athlete Acquisition Partner,50,Longlist,Potential,"Athlete onboarding, events, academies, federations, and regional distribution.",,,,https://www.bing.com/search?q=Capri+Sports+official+company+sports,"Candidate identified - verify website, HQ, stage, and contacts before outreach",2026-08-06,Name/category curated for ecosystem mapping; blank fields intentionally require confirmation.
ST-0606,Club Automation,Company / Brand / Platform,"Venues, Events, Leagues & Operations",Venues,Global / verify,"Venue, league, academy, event, ticketing, or sports-operations solution.",Distribution / Athlete Acquisition Partner,50,Longlist,Potential,"Athlete onboarding, events, academies, federations, and regional distribution.",,,,https://www.bing.com/search?q=Club+Automation+official+company+sports,"Candidate identified - verify website, HQ, stage, and contacts before outreach",2026-08-06,Name/category curated for ecosystem mapping; blank fields intentionally require confirmation.
ST-0607,Clubessential,Company / Brand / Platform,"Venues, Events, Leagues & Operations",Venues,Global / verify,"Venue, league, academy, event, ticketing, or sports-operations solution.",Distribution / Athlete Acquisition Partner,50,Longlist,Potential,"Athlete onboarding, events, academies, federations, and regional distribution.",,,,https://www.bing.com/search?q=Clubessential+official+company+sports,"Candidate identified - verify website, HQ, stage, and contacts before outreach",2026-08-06,Name/category curated for ecosystem mapping; blank fields intentionally require confirmation.
ST-0608,ClubSpark,Company / Brand / Platform,"Venues, Events, Leagues & Operations",Venues,Global / verify,"Venue, league, academy, event, ticketing, or sports-operations solution.",Distribution / Athlete Acquisition Partner,50,Longlist,Potential,"Athlete onboarding, events, academies, federations, and regional distribution.",,,,https://www.bing.com/search?q=ClubSpark+official+company+sports,"Candidate identified - verify website, HQ, stage, and contacts before outreach",2026-08-06,Name/category curated for ecosystem mapping; blank fields intentionally require confirmation.
ST-0609,Cornerstone Sport,Company / Brand / Platform,"Venues, Events, Leagues & Operations",Venues,Global / verify,"Venue, league, academy, event, ticketing, or sports-operations solution.",Distribution / Athlete Acquisition Partner,50,Longlist,Potential,"Athlete onboarding, events, academies, federations, and regional distribution.",,,,https://www.bing.com/search?q=Cornerstone+Sport+official+company+sports,"Candidate identified - verify website, HQ, stage, and contacts before outreach",2026-08-06,Name/category curated for ecosystem mapping; blank fields intentionally require confirmation.
ST-0610,CourtReserve,Company / Brand / Platform,"Venues, Events, Leagues & Operations",Venues,Global / verify,"Venue, league, academy, event, ticketing, or sports-operations solution.",Distribution / Athlete Acquisition Partner,50,Longlist,Potential,"Athlete onboarding, events, academies, federations, and regional distribution.",,,,https://www.bing.com/search?q=CourtReserve+official+company+sports,"Candidate identified - verify website, HQ, stage, and contacts before outreach",2026-08-06,Name/category curated for ecosystem mapping; blank fields intentionally require confirmation.
ST-0611,CricKingdom,Company / Brand / Platform,"Venues, Events, Leagues & Operations",Venues,India,"Venue, league, academy, event, ticketing, or sports-operations solution.",Distribution / Athlete Acquisition Partner,65,Medium,Potential,"Athlete onboarding, events, academies, federations, and regional distribution.",,,,https://www.bing.com/search?q=CricKingdom+official+company+sports,"Candidate identified - verify website, HQ, stage, and contacts before outreach",2026-08-06,Name/category curated for ecosystem mapping; blank fields intentionally require confirmation.
ST-0612,CSM Sport & Entertainment,Company / Brand / Platform,"Venues, Events, Leagues & Operations",Venues,Global / verify,"Venue, league, academy, event, ticketing, or sports-operations solution.",Distribution / Athlete Acquisition Partner,50,Longlist,Potential,"Athlete onboarding, events, academies, federations, and regional distribution.",,,,https://www.bing.com/search?q=CSM+Sport+%26+Entertainment+official+company+sports,"Candidate identified - verify website, HQ, stage, and contacts before outreach",2026-08-06,Name/category curated for ecosystem mapping; blank fields intentionally require confirmation.
ST-0613,Daxko,Company / Brand / Platform,"Venues, Events, Leagues & Operations",Venues,Global / verify,"Venue, league, academy, event, ticketing, or sports-operations solution.",Distribution / Athlete Acquisition Partner,50,Longlist,Potential,"Athlete onboarding, events, academies, federations, and regional distribution.",,,,https://www.bing.com/search?q=Daxko+official+company+sports,"Candidate identified - verify website, HQ, stage, and contacts before outreach",2026-08-06,Name/category curated for ecosystem mapping; blank fields intentionally require confirmation.
ST-0614,Endeavor,Company / Brand / Platform,"Venues, Events, Leagues & Operations",Venues,Global / verify,"Venue, league, academy, event, ticketing, or sports-operations solution.",Distribution / Athlete Acquisition Partner,50,Longlist,Potential,"Athlete onboarding, events, academies, federations, and regional distribution.",,,,https://www.bing.com/search?q=Endeavor+official+company+sports,"Candidate identified - verify website, HQ, stage, and contacts before outreach",2026-08-06,Name/category curated for ecosystem mapping; blank fields intentionally require confirmation.
ST-0615,Etix,Company / Brand / Platform,"Venues, Events, Leagues & Operations",Venues,Global / verify,"Venue, league, academy, event, ticketing, or sports-operations solution.",Distribution / Athlete Acquisition Partner,50,Longlist,Potential,"Athlete onboarding, events, academies, federations, and regional distribution.",,,,https://www.bing.com/search?q=Etix+official+company+sports,"Candidate identified - verify website, HQ, stage, and contacts before outreach",2026-08-06,Name/category curated for ecosystem mapping; blank fields intentionally require confirmation.
ST-0616,Excel Sports Management,Company / Brand / Platform,"Venues, Events, Leagues & Operations",Venues,Global / verify,"Venue, league, academy, event, ticketing, or sports-operations solution.",Distribution / Athlete Acquisition Partner,50,Longlist,Potential,"Athlete onboarding, events, academies, federations, and regional distribution.",,,,https://www.bing.com/search?q=Excel+Sports+Management+official+company+sports,"Candidate identified - verify website, HQ, stage, and contacts before outreach",2026-08-06,Name/category curated for ecosystem mapping; blank fields intentionally require confirmation.
ST-0617,EZFacility,Company / Brand / Platform,"Venues, Events, Leagues & Operations",Venues,Global / verify,"Venue, league, academy, event, ticketing, or sports-operations solution.",Distribution / Athlete Acquisition Partner,50,Longlist,Potential,"Athlete onboarding, events, academies, federations, and regional distribution.",,,,https://www.bing.com/search?q=EZFacility+official+company+sports,"Candidate identified - verify website, HQ, stage, and contacts before outreach",2026-08-06,Name/category curated for ecosystem mapping; blank fields intentionally require confirmation.
ST-0618,Fuse,Company / Brand / Platform,"Venues, Events, Leagues & Operations",Venues,Global / verify,"Venue, league, academy, event, ticketing, or sports-operations solution.",Distribution / Athlete Acquisition Partner,50,Longlist,Potential,"Athlete onboarding, events, academies, federations, and regional distribution.",,,,https://www.bing.com/search?q=Fuse+official+company+sports,"Candidate identified - verify website, HQ, stage, and contacts before outreach",2026-08-06,Name/category curated for ecosystem mapping; blank fields intentionally require confirmation.
ST-0619,Glofox,Company / Brand / Platform,"Venues, Events, Leagues & Operations",Venues,Global / verify,"Venue, league, academy, event, ticketing, or sports-operations solution.",Distribution / Athlete Acquisition Partner,50,Longlist,Potential,"Athlete onboarding, events, academies, federations, and regional distribution.",,,,https://www.bing.com/search?q=Glofox+official+company+sports,"Candidate identified - verify website, HQ, stage, and contacts before outreach",2026-08-06,Name/category curated for ecosystem mapping; blank fields intentionally require confirmation.
ST-0620,GMR Sports,Company / Brand / Platform,"Venues, Events, Leagues & Operations",Venues,Global / verify,"Venue, league, academy, event, ticketing, or sports-operations solution.",Distribution / Athlete Acquisition Partner,50,Longlist,Potential,"Athlete onboarding, events, academies, federations, and regional distribution.",,,,https://www.bing.com/search?q=GMR+Sports+official+company+sports,"Candidate identified - verify website, HQ, stage, and contacts before outreach",2026-08-06,Name/category curated for ecosystem mapping; blank fields intentionally require confirmation.
ST-0621,Groundwala,Company / Brand / Platform,"Venues, Events, Leagues & Operations",Venues,Global / verify,"Venue, league, academy, event, ticketing, or sports-operations solution.",Distribution / Athlete Acquisition Partner,50,Longlist,Potential,"Athlete onboarding, events, academies, federations, and regional distribution.",,,,https://www.bing.com/search?q=Groundwala+official+company+sports,"Candidate identified - verify website, HQ, stage, and contacts before outreach",2026-08-06,Name/category curated for ecosystem mapping; blank fields intentionally require confirmation.
ST-0622,GW Sports App,Company / Brand / Platform,"Venues, Events, Leagues & Operations",Venues,Global / verify,"Venue, league, academy, event, ticketing, or sports-operations solution.",Distribution / Athlete Acquisition Partner,50,Longlist,Potential,"Athlete onboarding, events, academies, federations, and regional distribution.",,,,https://www.bing.com/search?q=GW+Sports+App+official+company+sports,"Candidate identified - verify website, HQ, stage, and contacts before outreach",2026-08-06,Name/category curated for ecosystem mapping; blank fields intentionally require confirmation.
ST-0623,Hyrox,Company / Brand / Platform,"Venues, Events, Leagues & Operations",Venues,Global / verify,"Venue, league, academy, event, ticketing, or sports-operations solution.",Distribution / Athlete Acquisition Partner,50,Longlist,Potential,"Athlete onboarding, events, academies, federations, and regional distribution.",,,,https://www.bing.com/search?q=Hyrox+official+company+sports,"Candidate identified - verify website, HQ, stage, and contacts before outreach",2026-08-06,Name/category curated for ecosystem mapping; blank fields intentionally require confirmation.
ST-0624,IMG,Company / Brand / Platform,"Venues, Events, Leagues & Operations",Venues,Global / verify,"Venue, league, academy, event, ticketing, or sports-operations solution.",Distribution / Athlete Acquisition Partner,50,Longlist,Potential,"Athlete onboarding, events, academies, federations, and regional distribution.",,,,https://www.bing.com/search?q=IMG+official+company+sports,"Candidate identified - verify website, HQ, stage, and contacts before outreach",2026-08-06,Name/category curated for ecosystem mapping; blank fields intentionally require confirmation.
ST-0625,Infront Sports & Media,Company / Brand / Platform,"Venues, Events, Leagues & Operations",Venues,Global / verify,"Venue, league, academy, event, ticketing, or sports-operations solution.",Distribution / Athlete Acquisition Partner,50,Longlist,Potential,"Athlete onboarding, events, academies, federations, and regional distribution.",,,,https://www.bing.com/search?q=Infront+Sports+%26+Media+official+company+sports,"Candidate identified - verify website, HQ, stage, and contacts before outreach",2026-08-06,Name/category curated for ecosystem mapping; blank fields intentionally require confirmation.
ST-0626,IOS Sports & Entertainment,Company / Brand / Platform,"Venues, Events, Leagues & Operations",Venues,Global / verify,"Venue, league, academy, event, ticketing, or sports-operations solution.",Distribution / Athlete Acquisition Partner,50,Longlist,Potential,"Athlete onboarding, events, academies, federations, and regional distribution.",,,,https://www.bing.com/search?q=IOS+Sports+%26+Entertainment+official+company+sports,"Candidate identified - verify website, HQ, stage, and contacts before outreach",2026-08-06,Name/category curated for ecosystem mapping; blank fields intentionally require confirmation.
ST-0627,Ironman Group,Company / Brand / Platform,"Venues, Events, Leagues & Operations",Venues,Global / verify,"Venue, league, academy, event, ticketing, or sports-operations solution.",Distribution / Athlete Acquisition Partner,50,Longlist,Potential,"Athlete onboarding, events, academies, federations, and regional distribution.",,,,https://www.bing.com/search?q=Ironman+Group+official+company+sports,"Candidate identified - verify website, HQ, stage, and contacts before outreach",2026-08-06,Name/category curated for ecosystem mapping; blank fields intentionally require confirmation.
ST-0628,KheloMore,Company / Brand / Platform,"Venues, Events, Leagues & Operations",Venues,Global / verify,"Venue, league, academy, event, ticketing, or sports-operations solution.",Direct / Adjacent Competitor,75,Medium,Potential,"Benchmark product, positioning, pricing, datasets, and GTM.",,,,https://www.bing.com/search?q=KheloMore+official+company+sports,"Candidate identified - verify website, HQ, stage, and contacts before outreach",2026-08-06,Name/category curated for ecosystem mapping; blank fields intentionally require confirmation.
ST-0629,Klutch Sports Group,Company / Brand / Platform,"Venues, Events, Leagues & Operations",Venues,Global / verify,"Venue, league, academy, event, ticketing, or sports-operations solution.",Distribution / Athlete Acquisition Partner,50,Longlist,Potential,"Athlete onboarding, events, academies, federations, and regional distribution.",,,,https://www.bing.com/search?q=Klutch+Sports+Group+official+company+sports,"Candidate identified - verify website, HQ, stage, and contacts before outreach",2026-08-06,Name/category curated for ecosystem mapping; blank fields intentionally require confirmation.
ST-0630,Lagardere Sports,Company / Brand / Platform,"Venues, Events, Leagues & Operations",Venues,Global / verify,"Venue, league, academy, event, ticketing, or sports-operations solution.",Distribution / Athlete Acquisition Partner,50,Longlist,Potential,"Athlete onboarding, events, academies, federations, and regional distribution.",,,,https://www.bing.com/search?q=Lagardere+Sports+official+company+sports,"Candidate identified - verify website, HQ, stage, and contacts before outreach",2026-08-06,Name/category curated for ecosystem mapping; blank fields intentionally require confirmation.
ST-0631,Legend Club Management,Company / Brand / Platform,"Venues, Events, Leagues & Operations",Venues,Global / verify,"Venue, league, academy, event, ticketing, or sports-operations solution.",Distribution / Athlete Acquisition Partner,50,Longlist,Potential,"Athlete onboarding, events, academies, federations, and regional distribution.",,,,https://www.bing.com/search?q=Legend+Club+Management+official+company+sports,"Candidate identified - verify website, HQ, stage, and contacts before outreach",2026-08-06,Name/category curated for ecosystem mapping; blank fields intentionally require confirmation.
ST-0632,MATCHi,Company / Brand / Platform,"Venues, Events, Leagues & Operations",Venues,Global / verify,"Venue, league, academy, event, ticketing, or sports-operations solution.",Distribution / Athlete Acquisition Partner,50,Longlist,Potential,"Athlete onboarding, events, academies, federations, and regional distribution.",,,,https://www.bing.com/search?q=MATCHi+official+company+sports,"Candidate identified - verify website, HQ, stage, and contacts before outreach",2026-08-06,Name/category curated for ecosystem mapping; blank fields intentionally require confirmation.
ST-0633,Meraki Sport & Entertainment,Company / Brand / Platform,"Venues, Events, Leagues & Operations",Venues,Global / verify,"Venue, league, academy, event, ticketing, or sports-operations solution.",Distribution / Athlete Acquisition Partner,50,Longlist,Potential,"Athlete onboarding, events, academies, federations, and regional distribution.",,,,https://www.bing.com/search?q=Meraki+Sport+%26+Entertainment+official+company+sports,"Candidate identified - verify website, HQ, stage, and contacts before outreach",2026-08-06,Name/category curated for ecosystem mapping; blank fields intentionally require confirmation.
ST-0634,MKTG Sports + Entertainment,Company / Brand / Platform,"Venues, Events, Leagues & Operations",Venues,Global / verify,"Venue, league, academy, event, ticketing, or sports-operations solution.",Distribution / Athlete Acquisition Partner,50,Longlist,Potential,"Athlete onboarding, events, academies, federations, and regional distribution.",,,,https://www.bing.com/search?q=MKTG+Sports+%2B+Entertainment+official+company+sports,"Candidate identified - verify website, HQ, stage, and contacts before outreach",2026-08-06,Name/category curated for ecosystem mapping; blank fields intentionally require confirmation.
ST-0635,Octagon,Company / Brand / Platform,"Venues, Events, Leagues & Operations",Venues,Global / verify,"Venue, league, academy, event, ticketing, or sports-operations solution.",Distribution / Athlete Acquisition Partner,50,Longlist,Potential,"Athlete onboarding, events, academies, federations, and regional distribution.",,,,https://www.bing.com/search?q=Octagon+official+company+sports,"Candidate identified - verify website, HQ, stage, and contacts before outreach",2026-08-06,Name/category curated for ecosystem mapping; blank fields intentionally require confirmation.
ST-0636,OpenPlay,Company / Brand / Platform,"Venues, Events, Leagues & Operations",Venues,Global / verify,"Venue, league, academy, event, ticketing, or sports-operations solution.",Distribution / Athlete Acquisition Partner,50,Longlist,Potential,"Athlete onboarding, events, academies, federations, and regional distribution.",,,,https://www.bing.com/search?q=OpenPlay+official+company+sports,"Candidate identified - verify website, HQ, stage, and contacts before outreach",2026-08-06,Name/category curated for ecosystem mapping; blank fields intentionally require confirmation.
ST-0637,Paciolan,Company / Brand / Platform,"Venues, Events, Leagues & Operations",Venues,Global / verify,"Venue, league, academy, event, ticketing, or sports-operations solution.",Distribution / Athlete Acquisition Partner,50,Longlist,Potential,"Athlete onboarding, events, academies, federations, and regional distribution.",,,,https://www.bing.com/search?q=Paciolan+official+company+sports,"Candidate identified - verify website, HQ, stage, and contacts before outreach",2026-08-06,Name/category curated for ecosystem mapping; blank fields intentionally require confirmation.
ST-0638,PerfectMind,Company / Brand / Platform,"Venues, Events, Leagues & Operations",Venues,Global / verify,"Venue, league, academy, event, ticketing, or sports-operations solution.",Distribution / Athlete Acquisition Partner,50,Longlist,Potential,"Athlete onboarding, events, academies, federations, and regional distribution.",,,,https://www.bing.com/search?q=PerfectMind+official+company+sports,"Candidate identified - verify website, HQ, stage, and contacts before outreach",2026-08-06,Name/category curated for ecosystem mapping; blank fields intentionally require confirmation.
ST-0639,Playtomic,Company / Brand / Platform,"Venues, Events, Leagues & Operations",Venues,Global / verify,"Venue, league, academy, event, ticketing, or sports-operations solution.",Distribution / Athlete Acquisition Partner,50,Longlist,Potential,"Athlete onboarding, events, academies, federations, and regional distribution.",,,,https://www.bing.com/search?q=Playtomic+official+company+sports,"Candidate identified - verify website, HQ, stage, and contacts before outreach",2026-08-06,Name/category curated for ecosystem mapping; blank fields intentionally require confirmation.
ST-0640,Procam International,Company / Brand / Platform,"Venues, Events, Leagues & Operations",Venues,India,"Venue, league, academy, event, ticketing, or sports-operations solution.",Distribution / Athlete Acquisition Partner,65,Medium,Potential,"Athlete onboarding, events, academies, federations, and regional distribution.",,,,https://www.bing.com/search?q=Procam+International+official+company+sports,"Candidate identified - verify website, HQ, stage, and contacts before outreach",2026-08-06,Name/category curated for ecosystem mapping; blank fields intentionally require confirmation.
ST-0641,Professional Triathletes Organisation,Company / Brand / Platform,"Venues, Events, Leagues & Operations",Venues,Global / verify,"Venue, league, academy, event, ticketing, or sports-operations solution.",Distribution / Athlete Acquisition Partner,50,Longlist,Potential,"Athlete onboarding, events, academies, federations, and regional distribution.",,,,https://www.bing.com/search?q=Professional+Triathletes+Organisation+official+company+sports,"Candidate identified - verify website, HQ, stage, and contacts before outreach",2026-08-06,Name/category curated for ecosystem mapping; blank fields intentionally require confirmation.
ST-0642,Punit Balan Group Sports,Company / Brand / Platform,"Venues, Events, Leagues & Operations",Venues,Global / verify,"Venue, league, academy, event, ticketing, or sports-operations solution.",Distribution / Athlete Acquisition Partner,50,Longlist,Potential,"Athlete onboarding, events, academies, federations, and regional distribution.",,,,https://www.bing.com/search?q=Punit+Balan+Group+Sports+official+company+sports,"Candidate identified - verify website, HQ, stage, and contacts before outreach",2026-08-06,Name/category curated for ecosystem mapping; blank fields intentionally require confirmation.
ST-0643,Reliance Sports,Company / Brand / Platform,"Venues, Events, Leagues & Operations",Venues,Global / verify,"Venue, league, academy, event, ticketing, or sports-operations solution.",Distribution / Athlete Acquisition Partner,50,Longlist,Potential,"Athlete onboarding, events, academies, federations, and regional distribution.",,,,https://www.bing.com/search?q=Reliance+Sports+official+company+sports,"Candidate identified - verify website, HQ, stage, and contacts before outreach",2026-08-06,Name/category curated for ecosystem mapping; blank fields intentionally require confirmation.
ST-0644,Right Formula,Company / Brand / Platform,"Venues, Events, Leagues & Operations",Venues,Global / verify,"Venue, league, academy, event, ticketing, or sports-operations solution.",Distribution / Athlete Acquisition Partner,50,Longlist,Potential,"Athlete onboarding, events, academies, federations, and regional distribution.",,,,https://www.bing.com/search?q=Right+Formula+official+company+sports,"Candidate identified - verify website, HQ, stage, and contacts before outreach",2026-08-06,Name/category curated for ecosystem mapping; blank fields intentionally require confirmation.
ST-0645,RISE Worldwide,Company / Brand / Platform,"Venues, Events, Leagues & Operations",Venues,India,"Venue, league, academy, event, ticketing, or sports-operations solution.",Distribution / Athlete Acquisition Partner,65,Medium,Potential,"Athlete onboarding, events, academies, federations, and regional distribution.",,,,https://www.bing.com/search?q=RISE+Worldwide+official+company+sports,"Candidate identified - verify website, HQ, stage, and contacts before outreach",2026-08-06,Name/category curated for ecosystem mapping; blank fields intentionally require confirmation.
ST-0646,Roc Nation Sports,Company / Brand / Platform,"Venues, Events, Leagues & Operations",Venues,Global / verify,"Venue, league, academy, event, ticketing, or sports-operations solution.",Distribution / Athlete Acquisition Partner,50,Longlist,Potential,"Athlete onboarding, events, academies, federations, and regional distribution.",,,,https://www.bing.com/search?q=Roc+Nation+Sports+official+company+sports,"Candidate identified - verify website, HQ, stage, and contacts before outreach",2026-08-06,Name/category curated for ecosystem mapping; blank fields intentionally require confirmation.
ST-0647,Rock 'n' Roll Running Series,Company / Brand / Platform,"Venues, Events, Leagues & Operations",Venues,Global / verify,"Venue, league, academy, event, ticketing, or sports-operations solution.",Distribution / Athlete Acquisition Partner,50,Longlist,Potential,"Athlete onboarding, events, academies, federations, and regional distribution.",,,,https://www.bing.com/search?q=Rock+%27n%27+Roll+Running+Series+official+company+sports,"Candidate identified - verify website, HQ, stage, and contacts before outreach",2026-08-06,Name/category curated for ecosystem mapping; blank fields intentionally require confirmation.
ST-0648,RoundGlass Sports,Company / Brand / Platform,"Venues, Events, Leagues & Operations",Venues,Global / verify,"Venue, league, academy, event, ticketing, or sports-operations solution.",Distribution / Athlete Acquisition Partner,50,Longlist,Potential,"Athlete onboarding, events, academies, federations, and regional distribution.",,,,https://www.bing.com/search?q=RoundGlass+Sports+official+company+sports,"Candidate identified - verify website, HQ, stage, and contacts before outreach",2026-08-06,Name/category curated for ecosystem mapping; blank fields intentionally require confirmation.
ST-0649,RP-Sanjiv Goenka Sports,Company / Brand / Platform,"Venues, Events, Leagues & Operations",Venues,Global / verify,"Venue, league, academy, event, ticketing, or sports-operations solution.",Distribution / Athlete Acquisition Partner,50,Longlist,Potential,"Athlete onboarding, events, academies, federations, and regional distribution.",,,,https://www.bing.com/search?q=RP-Sanjiv+Goenka+Sports+official+company+sports,"Candidate identified - verify website, HQ, stage, and contacts before outreach",2026-08-06,Name/category curated for ecosystem mapping; blank fields intentionally require confirmation.
ST-0650,SeatGeek Enterprise,Company / Brand / Platform,"Venues, Events, Leagues & Operations",Events & Venues,Global / verify,"Venue, league, academy, event, ticketing, or sports-operations solution.",Distribution / Athlete Acquisition Partner,50,Longlist,Potential,"Athlete onboarding, events, academies, federations, and regional distribution.",,,,https://www.bing.com/search?q=SeatGeek+Enterprise+official+company+sports,"Candidate identified - verify website, HQ, stage, and contacts before outreach",2026-08-06,Name/category curated for ecosystem mapping; blank fields intentionally require confirmation.
ST-0651,Secutix,Company / Brand / Platform,"Venues, Events, Leagues & Operations",Venues,Global / verify,"Venue, league, academy, event, ticketing, or sports-operations solution.",Distribution / Athlete Acquisition Partner,50,Longlist,Potential,"Athlete onboarding, events, academies, federations, and regional distribution.",,,,https://www.bing.com/search?q=Secutix+official+company+sports,"Candidate identified - verify website, HQ, stage, and contacts before outreach",2026-08-06,Name/category curated for ecosystem mapping; blank fields intentionally require confirmation.
ST-0652,Shrachi Sports,Company / Brand / Platform,"Venues, Events, Leagues & Operations",Venues,Global / verify,"Venue, league, academy, event, ticketing, or sports-operations solution.",Distribution / Athlete Acquisition Partner,50,Longlist,Potential,"Athlete onboarding, events, academies, federations, and regional distribution.",,,,https://www.bing.com/search?q=Shrachi+Sports+official+company+sports,"Candidate identified - verify website, HQ, stage, and contacts before outreach",2026-08-06,Name/category curated for ecosystem mapping; blank fields intentionally require confirmation.
ST-0653,Spartan Race,Company / Brand / Platform,"Venues, Events, Leagues & Operations",Venues,Global / verify,"Venue, league, academy, event, ticketing, or sports-operations solution.",Distribution / Athlete Acquisition Partner,50,Longlist,Potential,"Athlete onboarding, events, academies, federations, and regional distribution.",,,,https://www.bing.com/search?q=Spartan+Race+official+company+sports,"Candidate identified - verify website, HQ, stage, and contacts before outreach",2026-08-06,Name/category curated for ecosystem mapping; blank fields intentionally require confirmation.
ST-0654,Sportfive,Company / Brand / Platform,"Venues, Events, Leagues & Operations",Venues,Global / verify,"Venue, league, academy, event, ticketing, or sports-operations solution.",Distribution / Athlete Acquisition Partner,50,Longlist,Potential,"Athlete onboarding, events, academies, federations, and regional distribution.",,,,https://www.bing.com/search?q=Sportfive+official+company+sports,"Candidate identified - verify website, HQ, stage, and contacts before outreach",2026-08-06,Name/category curated for ecosystem mapping; blank fields intentionally require confirmation.
ST-0655,SPORTFIVE Asia,Company / Brand / Platform,"Venues, Events, Leagues & Operations",Venues,Global / verify,"Venue, league, academy, event, ticketing, or sports-operations solution.",Distribution / Athlete Acquisition Partner,50,Longlist,Potential,"Athlete onboarding, events, academies, federations, and regional distribution.",,,,https://www.bing.com/search?q=SPORTFIVE+Asia+official+company+sports,"Candidate identified - verify website, HQ, stage, and contacts before outreach",2026-08-06,Name/category curated for ecosystem mapping; blank fields intentionally require confirmation.
ST-0656,Sportseed,Company / Brand / Platform,"Venues, Events, Leagues & Operations",Venues,Global / verify,"Venue, league, academy, event, ticketing, or sports-operations solution.",Distribution / Athlete Acquisition Partner,50,Longlist,Potential,"Athlete onboarding, events, academies, federations, and regional distribution.",,,,https://www.bing.com/search?q=Sportseed+official+company+sports,"Candidate identified - verify website, HQ, stage, and contacts before outreach",2026-08-06,Name/category curated for ecosystem mapping; blank fields intentionally require confirmation.
ST-0657,Sportz Consult,Company / Brand / Platform,"Venues, Events, Leagues & Operations",Venues,India,"Venue, league, academy, event, ticketing, or sports-operations solution.",Distribution / Athlete Acquisition Partner,65,Medium,Potential,"Athlete onboarding, events, academies, federations, and regional distribution.",,,,https://www.bing.com/search?q=Sportz+Consult+official+company+sports,"Candidate identified - verify website, HQ, stage, and contacts before outreach",2026-08-06,Name/category curated for ecosystem mapping; blank fields intentionally require confirmation.
ST-0658,Super League Triathlon,Company / Brand / Platform,"Venues, Events, Leagues & Operations",Venues,Global / verify,"Venue, league, academy, event, ticketing, or sports-operations solution.",Distribution / Athlete Acquisition Partner,50,Longlist,Potential,"Athlete onboarding, events, academies, federations, and regional distribution.",,,,https://www.bing.com/search?q=Super+League+Triathlon+official+company+sports,"Candidate identified - verify website, HQ, stage, and contacts before outreach",2026-08-06,Name/category curated for ecosystem mapping; blank fields intentionally require confirmation.
ST-0659,TeamUp,Company / Brand / Platform,"Venues, Events, Leagues & Operations",Venues,Global / verify,"Venue, league, academy, event, ticketing, or sports-operations solution.",Distribution / Athlete Acquisition Partner,50,Longlist,Potential,"Athlete onboarding, events, academies, federations, and regional distribution.",,,,https://www.bing.com/search?q=TeamUp+official+company+sports,"Candidate identified - verify website, HQ, stage, and contacts before outreach",2026-08-06,Name/category curated for ecosystem mapping; blank fields intentionally require confirmation.
ST-0660,Tenvic Sports,Company / Brand / Platform,"Venues, Events, Leagues & Operations",Venues,Global / verify,"Venue, league, academy, event, ticketing, or sports-operations solution.",Distribution / Athlete Acquisition Partner,50,Longlist,Potential,"Athlete onboarding, events, academies, federations, and regional distribution.",,,,https://www.bing.com/search?q=Tenvic+Sports+official+company+sports,"Candidate identified - verify website, HQ, stage, and contacts before outreach",2026-08-06,Name/category curated for ecosystem mapping; blank fields intentionally require confirmation.
ST-0661,ThinkSport,Company / Brand / Platform,"Venues, Events, Leagues & Operations",Venues,Global / verify,"Venue, league, academy, event, ticketing, or sports-operations solution.",Distribution / Athlete Acquisition Partner,50,Longlist,Potential,"Athlete onboarding, events, academies, federations, and regional distribution.",,,,https://www.bing.com/search?q=ThinkSport+official+company+sports,"Candidate identified - verify website, HQ, stage, and contacts before outreach",2026-08-06,Name/category curated for ecosystem mapping; blank fields intentionally require confirmation.
ST-0662,Ticketmaster Sport,Company / Brand / Platform,"Venues, Events, Leagues & Operations",Events & Venues,Global / verify,"Venue, league, academy, event, ticketing, or sports-operations solution.",Distribution / Athlete Acquisition Partner,50,Longlist,Potential,"Athlete onboarding, events, academies, federations, and regional distribution.",,,,https://www.bing.com/search?q=Ticketmaster+Sport+official+company+sports,"Candidate identified - verify website, HQ, stage, and contacts before outreach",2026-08-06,Name/category curated for ecosystem mapping; blank fields intentionally require confirmation.
ST-0663,Tickets.com,Company / Brand / Platform,"Venues, Events, Leagues & Operations",Events & Venues,Global / verify,"Venue, league, academy, event, ticketing, or sports-operations solution.",Distribution / Athlete Acquisition Partner,50,Longlist,Potential,"Athlete onboarding, events, academies, federations, and regional distribution.",,,,https://www.bing.com/search?q=Tickets.com+official+company+sports,"Candidate identified - verify website, HQ, stage, and contacts before outreach",2026-08-06,Name/category curated for ecosystem mapping; blank fields intentionally require confirmation.
ST-0664,Tixr,Company / Brand / Platform,"Venues, Events, Leagues & Operations",Venues,Global / verify,"Venue, league, academy, event, ticketing, or sports-operations solution.",Distribution / Athlete Acquisition Partner,50,Longlist,Potential,"Athlete onboarding, events, academies, federations, and regional distribution.",,,,https://www.bing.com/search?q=Tixr+official+company+sports,"Candidate identified - verify website, HQ, stage, and contacts before outreach",2026-08-06,Name/category curated for ecosystem mapping; blank fields intentionally require confirmation.
ST-0665,Tough Mudder,Company / Brand / Platform,"Venues, Events, Leagues & Operations",Venues,Global / verify,"Venue, league, academy, event, ticketing, or sports-operations solution.",Distribution / Athlete Acquisition Partner,50,Longlist,Potential,"Athlete onboarding, events, academies, federations, and regional distribution.",,,,https://www.bing.com/search?q=Tough+Mudder+official+company+sports,"Candidate identified - verify website, HQ, stage, and contacts before outreach",2026-08-06,Name/category curated for ecosystem mapping; blank fields intentionally require confirmation.
ST-0666,Turf Town,Company / Brand / Platform,"Venues, Events, Leagues & Operations",Venues,Global / verify,"Venue, league, academy, event, ticketing, or sports-operations solution.",Distribution / Athlete Acquisition Partner,50,Longlist,Potential,"Athlete onboarding, events, academies, federations, and regional distribution.",,,,https://www.bing.com/search?q=Turf+Town+official+company+sports,"Candidate identified - verify website, HQ, stage, and contacts before outreach",2026-08-06,Name/category curated for ecosystem mapping; blank fields intentionally require confirmation.
ST-0667,Two Circles,Company / Brand / Platform,"Venues, Events, Leagues & Operations",Venues,Global / verify,"Venue, league, academy, event, ticketing, or sports-operations solution.",Distribution / Athlete Acquisition Partner,50,Longlist,Potential,"Athlete onboarding, events, academies, federations, and regional distribution.",,,,https://www.bing.com/search?q=Two+Circles+official+company+sports,"Candidate identified - verify website, HQ, stage, and contacts before outreach",2026-08-06,Name/category curated for ecosystem mapping; blank fields intentionally require confirmation.
ST-0668,Universe,Company / Brand / Platform,"Venues, Events, Leagues & Operations",Venues,Global / verify,"Venue, league, academy, event, ticketing, or sports-operations solution.",Distribution / Athlete Acquisition Partner,50,Longlist,Potential,"Athlete onboarding, events, academies, federations, and regional distribution.",,,,https://www.bing.com/search?q=Universe+official+company+sports,"Candidate identified - verify website, HQ, stage, and contacts before outreach",2026-08-06,Name/category curated for ecosystem mapping; blank fields intentionally require confirmation.
ST-0669,UTMB Group,Company / Brand / Platform,"Venues, Events, Leagues & Operations",Venues,Global / verify,"Venue, league, academy, event, ticketing, or sports-operations solution.",Distribution / Athlete Acquisition Partner,50,Longlist,Potential,"Athlete onboarding, events, academies, federations, and regional distribution.",,,,https://www.bing.com/search?q=UTMB+Group+official+company+sports,"Candidate identified - verify website, HQ, stage, and contacts before outreach",2026-08-06,Name/category curated for ecosystem mapping; blank fields intentionally require confirmation.
ST-0670,Virtuagym,Company / Brand / Platform,"Venues, Events, Leagues & Operations",Coaching & Fitness,Global / verify,"Venue, league, academy, event, ticketing, or sports-operations solution.",Distribution / Athlete Acquisition Partner,50,Longlist,Potential,"Athlete onboarding, events, academies, federations, and regional distribution.",,,,https://www.bing.com/search?q=Virtuagym+official+company+sports,"Candidate identified - verify website, HQ, stage, and contacts before outreach",2026-08-06,Name/category curated for ecosystem mapping; blank fields intentionally require confirmation.
ST-0671,Vivaticket,Company / Brand / Platform,"Venues, Events, Leagues & Operations",Events & Venues,Global / verify,"Venue, league, academy, event, ticketing, or sports-operations solution.",Distribution / Athlete Acquisition Partner,50,Longlist,Potential,"Athlete onboarding, events, academies, federations, and regional distribution.",,,,https://www.bing.com/search?q=Vivaticket+official+company+sports,"Candidate identified - verify website, HQ, stage, and contacts before outreach",2026-08-06,Name/category curated for ecosystem mapping; blank fields intentionally require confirmation.
ST-0672,Wasserman,Company / Brand / Platform,"Venues, Events, Leagues & Operations",Venues,Global / verify,"Venue, league, academy, event, ticketing, or sports-operations solution.",Distribution / Athlete Acquisition Partner,50,Longlist,Potential,"Athlete onboarding, events, academies, federations, and regional distribution.",,,,https://www.bing.com/search?q=Wasserman+official+company+sports,"Candidate identified - verify website, HQ, stage, and contacts before outreach",2026-08-06,Name/category curated for ecosystem mapping; blank fields intentionally require confirmation.
ST-0673,WeAreFearless,Company / Brand / Platform,"Venues, Events, Leagues & Operations",Wearables,Global / verify,"Venue, league, academy, event, ticketing, or sports-operations solution.",Distribution / Athlete Acquisition Partner,50,Longlist,Potential,"Athlete onboarding, events, academies, federations, and regional distribution.",,,,https://www.bing.com/search?q=WeAreFearless+official+company+sports,"Candidate identified - verify website, HQ, stage, and contacts before outreach",2026-08-06,Name/category curated for ecosystem mapping; blank fields intentionally require confirmation.
ST-0674,Wings for Life World Run,Company / Brand / Platform,"Venues, Events, Leagues & Operations",Venues,Global / verify,"Venue, league, academy, event, ticketing, or sports-operations solution.",Distribution / Athlete Acquisition Partner,50,Longlist,Potential,"Athlete onboarding, events, academies, federations, and regional distribution.",,,,https://www.bing.com/search?q=Wings+for+Life+World+Run+official+company+sports,"Candidate identified - verify website, HQ, stage, and contacts before outreach",2026-08-06,Name/category curated for ecosystem mapping; blank fields intentionally require confirmation.
ST-0675,World Triathlon Corporation,Company / Brand / Platform,"Venues, Events, Leagues & Operations",Venues,Global / verify,"Venue, league, academy, event, ticketing, or sports-operations solution.",Distribution / Athlete Acquisition Partner,50,Longlist,Potential,"Athlete onboarding, events, academies, federations, and regional distribution.",,,,https://www.bing.com/search?q=World+Triathlon+Corporation+official+company+sports,"Candidate identified - verify website, HQ, stage, and contacts before outreach",2026-08-06,Name/category curated for ecosystem mapping; blank fields intentionally require confirmation.
ST-0676,Xplor Recreation,Company / Brand / Platform,"Venues, Events, Leagues & Operations",Venues,Global / verify,"Venue, league, academy, event, ticketing, or sports-operations solution.",Distribution / Athlete Acquisition Partner,50,Longlist,Potential,"Athlete onboarding, events, academies, federations, and regional distribution.",,,,https://www.bing.com/search?q=Xplor+Recreation+official+company+sports,"Candidate identified - verify website, HQ, stage, and contacts before outreach",2026-08-06,Name/category curated for ecosystem mapping; blank fields intentionally require confirmation.
ST-0677,Zen Planner,Company / Brand / Platform,"Venues, Events, Leagues & Operations",Venues,Global / verify,"Venue, league, academy, event, ticketing, or sports-operations solution.",Distribution / Athlete Acquisition Partner,50,Longlist,Potential,"Athlete onboarding, events, academies, federations, and regional distribution.",,,,https://www.bing.com/search?q=Zen+Planner+official+company+sports,"Candidate identified - verify website, HQ, stage, and contacts before outreach",2026-08-06,Name/category curated for ecosystem mapping; blank fields intentionally require confirmation.
ST-0678,Aaptiv,Company / Brand / Platform,"Fitness Apps, Coaching & Wellness",Fitness Apps,Global / verify,"Digital fitness, coaching, wellness, training, or behavior-change platform.",Potential Partner / Customer,50,Longlist,Potential,"Partnership, customer discovery, integrations, or ecosystem access.",,,,https://www.bing.com/search?q=Aaptiv+official+company+sports,"Candidate identified - verify website, HQ, stage, and contacts before outreach",2026-08-06,Name/category curated for ecosystem mapping; blank fields intentionally require confirmation.
ST-0679,adidas Running,Company / Brand / Platform,"Fitness Apps, Coaching & Wellness",Fitness Apps,Global / verify,"Digital fitness, coaching, wellness, training, or behavior-change platform.",Potential Partner / Customer,50,Longlist,Potential,"Partnership, customer discovery, integrations, or ecosystem access.",,,,https://www.bing.com/search?q=adidas+Running+official+company+sports,"Candidate identified - verify website, HQ, stage, and contacts before outreach",2026-08-06,Name/category curated for ecosystem mapping; blank fields intentionally require confirmation.
ST-0680,Apple Fitness+,Company / Brand / Platform,"Fitness Apps, Coaching & Wellness",Coaching & Fitness,Global / verify,"Digital fitness, coaching, wellness, training, or behavior-change platform.",Potential Partner / Customer,50,Longlist,Potential,"Partnership, customer discovery, integrations, or ecosystem access.",,,,https://www.bing.com/search?q=Apple+Fitness%2B+official+company+sports,"Candidate identified - verify website, HQ, stage, and contacts before outreach",2026-08-06,Name/category curated for ecosystem mapping; blank fields intentionally require confirmation.
ST-0681,Beachbody BODi,Company / Brand / Platform,"Fitness Apps, Coaching & Wellness",Fitness Apps,Global / verify,"Digital fitness, coaching, wellness, training, or behavior-change platform.",Potential Partner / Customer,50,Longlist,Potential,"Partnership, customer discovery, integrations, or ecosystem access.",,,,https://www.bing.com/search?q=Beachbody+BODi+official+company+sports,"Candidate identified - verify website, HQ, stage, and contacts before outreach",2026-08-06,Name/category curated for ecosystem mapping; blank fields intentionally require confirmation.
ST-0682,BetterMe,Company / Brand / Platform,"Fitness Apps, Coaching & Wellness",Fitness Apps,Global / verify,"Digital fitness, coaching, wellness, training, or behavior-change platform.",Potential Partner / Customer,50,Longlist,Potential,"Partnership, customer discovery, integrations, or ecosystem access.",,,,https://www.bing.com/search?q=BetterMe+official+company+sports,"Candidate identified - verify website, HQ, stage, and contacts before outreach",2026-08-06,Name/category curated for ecosystem mapping; blank fields intentionally require confirmation.
ST-0683,BetterUp,Company / Brand / Platform,"Fitness Apps, Coaching & Wellness",Fitness Apps,Global / verify,"Digital fitness, coaching, wellness, training, or behavior-change platform.",Potential Partner / Customer,50,Longlist,Potential,"Partnership, customer discovery, integrations, or ecosystem access.",,,,https://www.bing.com/search?q=BetterUp+official+company+sports,"Candidate identified - verify website, HQ, stage, and contacts before outreach",2026-08-06,Name/category curated for ecosystem mapping; blank fields intentionally require confirmation.
ST-0684,Bkool,Company / Brand / Platform,"Fitness Apps, Coaching & Wellness",Fitness Apps,Global / verify,"Digital fitness, coaching, wellness, training, or behavior-change platform.",Potential Partner / Customer,50,Longlist,Potential,"Partnership, customer discovery, integrations, or ecosystem access.",,,,https://www.bing.com/search?q=Bkool+official+company+sports,"Candidate identified - verify website, HQ, stage, and contacts before outreach",2026-08-06,Name/category curated for ecosystem mapping; blank fields intentionally require confirmation.
ST-0685,BookYourGame,Company / Brand / Platform,"Fitness Apps, Coaching & Wellness",Fitness Apps,Global / verify,"Digital fitness, coaching, wellness, training, or behavior-change platform.",Potential Partner / Customer,50,Longlist,Potential,"Partnership, customer discovery, integrations, or ecosystem access.",,,,https://www.bing.com/search?q=BookYourGame+official+company+sports,"Candidate identified - verify website, HQ, stage, and contacts before outreach",2026-08-06,Name/category curated for ecosystem mapping; blank fields intentionally require confirmation.
ST-0686,Caliber,Company / Brand / Platform,"Fitness Apps, Coaching & Wellness",Fitness Apps,Global / verify,"Digital fitness, coaching, wellness, training, or behavior-change platform.",Potential Partner / Customer,50,Longlist,Potential,"Partnership, customer discovery, integrations, or ecosystem access.",,,,https://www.bing.com/search?q=Caliber+official+company+sports,"Candidate identified - verify website, HQ, stage, and contacts before outreach",2026-08-06,Name/category curated for ecosystem mapping; blank fields intentionally require confirmation.
ST-0687,Calm,Company / Brand / Platform,"Fitness Apps, Coaching & Wellness",Fitness Apps,Global / verify,"Digital fitness, coaching, wellness, training, or behavior-change platform.",Potential Partner / Customer,50,Longlist,Potential,"Partnership, customer discovery, integrations, or ecosystem access.",,,,https://www.bing.com/search?q=Calm+official+company+sports,"Candidate identified - verify website, HQ, stage, and contacts before outreach",2026-08-06,Name/category curated for ecosystem mapping; blank fields intentionally require confirmation.
ST-0688,Centr,Company / Brand / Platform,"Fitness Apps, Coaching & Wellness",Fitness Apps,Global / verify,"Digital fitness, coaching, wellness, training, or behavior-change platform.",Potential Partner / Customer,50,Longlist,Potential,"Partnership, customer discovery, integrations, or ecosystem access.",,,,https://www.bing.com/search?q=Centr+official+company+sports,"Candidate identified - verify website, HQ, stage, and contacts before outreach",2026-08-06,Name/category curated for ecosystem mapping; blank fields intentionally require confirmation.
ST-0689,Charity Miles,Company / Brand / Platform,"Fitness Apps, Coaching & Wellness",Fitness Apps,Global / verify,"Digital fitness, coaching, wellness, training, or behavior-change platform.",Potential Partner / Customer,50,Longlist,Potential,"Partnership, customer discovery, integrations, or ecosystem access.",,,,https://www.bing.com/search?q=Charity+Miles+official+company+sports,"Candidate identified - verify website, HQ, stage, and contacts before outreach",2026-08-06,Name/category curated for ecosystem mapping; blank fields intentionally require confirmation.
ST-0690,ClassPass,Company / Brand / Platform,"Fitness Apps, Coaching & Wellness",Fitness Apps,Global / verify,"Digital fitness, coaching, wellness, training, or behavior-change platform.",Potential Partner / Customer,50,Longlist,Potential,"Partnership, customer discovery, integrations, or ecosystem access.",,,,https://www.bing.com/search?q=ClassPass+official+company+sports,"Candidate identified - verify website, HQ, stage, and contacts before outreach",2026-08-06,Name/category curated for ecosystem mapping; blank fields intentionally require confirmation.
ST-0691,Coopah,Company / Brand / Platform,"Fitness Apps, Coaching & Wellness",Fitness Apps,Global / verify,"Digital fitness, coaching, wellness, training, or behavior-change platform.",Potential Partner / Customer,50,Longlist,Potential,"Partnership, customer discovery, integrations, or ecosystem access.",,,,https://www.bing.com/search?q=Coopah+official+company+sports,"Candidate identified - verify website, HQ, stage, and contacts before outreach",2026-08-06,Name/category curated for ecosystem mapping; blank fields intentionally require confirmation.
ST-0692,COROS Training Hub,Company / Brand / Platform,"Fitness Apps, Coaching & Wellness",Wearables,Global / verify,"Digital fitness, coaching, wellness, training, or behavior-change platform.",Potential Partner / Customer,50,Longlist,Potential,"Partnership, customer discovery, integrations, or ecosystem access.",,,,https://www.bing.com/search?q=COROS+Training+Hub+official+company+sports,"Candidate identified - verify website, HQ, stage, and contacts before outreach",2026-08-06,Name/category curated for ecosystem mapping; blank fields intentionally require confirmation.
ST-0693,Cronometer,Company / Brand / Platform,"Fitness Apps, Coaching & Wellness",Fitness Apps,Global / verify,"Digital fitness, coaching, wellness, training, or behavior-change platform.",Potential Partner / Customer,50,Longlist,Potential,"Partnership, customer discovery, integrations, or ecosystem access.",,,,https://www.bing.com/search?q=Cronometer+official+company+sports,"Candidate identified - verify website, HQ, stage, and contacts before outreach",2026-08-06,Name/category curated for ecosystem mapping; blank fields intentionally require confirmation.
ST-0694,Cult.fit,Company / Brand / Platform,"Fitness Apps, Coaching & Wellness",Fitness Apps,India,"Digital fitness, coaching, wellness, training, or behavior-change platform.",Potential Partner / Customer,65,Medium,Potential,"Partnership, customer discovery, integrations, or ecosystem access.",,,,https://www.bing.com/search?q=Cult.fit+official+company+sports,"Candidate identified - verify website, HQ, stage, and contacts before outreach",2026-08-06,Name/category curated for ecosystem mapping; blank fields intentionally require confirmation.
ST-0695,Cure.fit Business,Company / Brand / Platform,"Fitness Apps, Coaching & Wellness",Fitness Apps,Global / verify,"Digital fitness, coaching, wellness, training, or behavior-change platform.",Potential Partner / Customer,50,Longlist,Potential,"Partnership, customer discovery, integrations, or ecosystem access.",,,,https://www.bing.com/search?q=Cure.fit+Business+official+company+sports,"Candidate identified - verify website, HQ, stage, and contacts before outreach",2026-08-06,Name/category curated for ecosystem mapping; blank fields intentionally require confirmation.
ST-0696,Daily Burn,Company / Brand / Platform,"Fitness Apps, Coaching & Wellness",Fitness Apps,Global / verify,"Digital fitness, coaching, wellness, training, or behavior-change platform.",Potential Partner / Customer,50,Longlist,Potential,"Partnership, customer discovery, integrations, or ecosystem access.",,,,https://www.bing.com/search?q=Daily+Burn+official+company+sports,"Candidate identified - verify website, HQ, stage, and contacts before outreach",2026-08-06,Name/category curated for ecosystem mapping; blank fields intentionally require confirmation.
ST-0697,Evidation,Company / Brand / Platform,"Fitness Apps, Coaching & Wellness",Fitness Apps,Global / verify,"Digital fitness, coaching, wellness, training, or behavior-change platform.",Potential Partner / Customer,50,Longlist,Potential,"Partnership, customer discovery, integrations, or ecosystem access.",,,,https://www.bing.com/search?q=Evidation+official+company+sports,"Candidate identified - verify website, HQ, stage, and contacts before outreach",2026-08-06,Name/category curated for ecosystem mapping; blank fields intentionally require confirmation.
ST-0698,Fiit,Company / Brand / Platform,"Fitness Apps, Coaching & Wellness",Fitness Apps,Global / verify,"Digital fitness, coaching, wellness, training, or behavior-change platform.",Potential Partner / Customer,50,Longlist,Potential,"Partnership, customer discovery, integrations, or ecosystem access.",,,,https://www.bing.com/search?q=Fiit+official+company+sports,"Candidate identified - verify website, HQ, stage, and contacts before outreach",2026-08-06,Name/category curated for ecosystem mapping; blank fields intentionally require confirmation.
ST-0699,Final Surge,Company / Brand / Platform,"Fitness Apps, Coaching & Wellness",Fitness Apps,Global / verify,"Digital fitness, coaching, wellness, training, or behavior-change platform.",Potential Partner / Customer,50,Longlist,Potential,"Partnership, customer discovery, integrations, or ecosystem access.",,,,https://www.bing.com/search?q=Final+Surge+official+company+sports,"Candidate identified - verify website, HQ, stage, and contacts before outreach",2026-08-06,Name/category curated for ecosystem mapping; blank fields intentionally require confirmation.
ST-0700,Fitbit Premium,Company / Brand / Platform,"Fitness Apps, Coaching & Wellness",Fitness Apps,Global / verify,"Digital fitness, coaching, wellness, training, or behavior-change platform.",Potential Partner / Customer,50,Longlist,Potential,"Partnership, customer discovery, integrations, or ecosystem access.",,,,https://www.bing.com/search?q=Fitbit+Premium+official+company+sports,"Candidate identified - verify website, HQ, stage, and contacts before outreach",2026-08-06,Name/category curated for ecosystem mapping; blank fields intentionally require confirmation.
ST-0701,Fitbod,Company / Brand / Platform,"Fitness Apps, Coaching & Wellness",Fitness Apps,Global / verify,"Digital fitness, coaching, wellness, training, or behavior-change platform.",Potential Partner / Customer,50,Longlist,Potential,"Partnership, customer discovery, integrations, or ecosystem access.",,,,https://www.bing.com/search?q=Fitbod+official+company+sports,"Candidate identified - verify website, HQ, stage, and contacts before outreach",2026-08-06,Name/category curated for ecosystem mapping; blank fields intentionally require confirmation.
ST-0702,Fitelo,Company / Brand / Platform,"Fitness Apps, Coaching & Wellness",Fitness Apps,Global / verify,"Digital fitness, coaching, wellness, training, or behavior-change platform.",Potential Partner / Customer,50,Longlist,Potential,"Partnership, customer discovery, integrations, or ecosystem access.",,,,https://www.bing.com/search?q=Fitelo+official+company+sports,"Candidate identified - verify website, HQ, stage, and contacts before outreach",2026-08-06,Name/category curated for ecosystem mapping; blank fields intentionally require confirmation.
ST-0703,FitOn,Company / Brand / Platform,"Fitness Apps, Coaching & Wellness",Fitness Apps,Global / verify,"Digital fitness, coaching, wellness, training, or behavior-change platform.",Potential Partner / Customer,50,Longlist,Potential,"Partnership, customer discovery, integrations, or ecosystem access.",,,,https://www.bing.com/search?q=FitOn+official+company+sports,"Candidate identified - verify website, HQ, stage, and contacts before outreach",2026-08-06,Name/category curated for ecosystem mapping; blank fields intentionally require confirmation.
ST-0704,Fitpass,Company / Brand / Platform,"Fitness Apps, Coaching & Wellness",Fitness Apps,Global / verify,"Digital fitness, coaching, wellness, training, or behavior-change platform.",Potential Partner / Customer,50,Longlist,Potential,"Partnership, customer discovery, integrations, or ecosystem access.",,,,https://www.bing.com/search?q=Fitpass+official+company+sports,"Candidate identified - verify website, HQ, stage, and contacts before outreach",2026-08-06,Name/category curated for ecosystem mapping; blank fields intentionally require confirmation.
ST-0705,Fitternity,Company / Brand / Platform,"Fitness Apps, Coaching & Wellness",Fitness Apps,Global / verify,"Digital fitness, coaching, wellness, training, or behavior-change platform.",Potential Partner / Customer,50,Longlist,Potential,"Partnership, customer discovery, integrations, or ecosystem access.",,,,https://www.bing.com/search?q=Fitternity+official+company+sports,"Candidate identified - verify website, HQ, stage, and contacts before outreach",2026-08-06,Name/category curated for ecosystem mapping; blank fields intentionally require confirmation.
ST-0706,Fittr,Company / Brand / Platform,"Fitness Apps, Coaching & Wellness",Fitness Apps,India,"Digital fitness, coaching, wellness, training, or behavior-change platform.",Potential Partner / Customer,65,Medium,Potential,"Partnership, customer discovery, integrations, or ecosystem access.",,,,https://www.bing.com/search?q=Fittr+official+company+sports,"Candidate identified - verify website, HQ, stage, and contacts before outreach",2026-08-06,Name/category curated for ecosystem mapping; blank fields intentionally require confirmation.
ST-0707,Freeletics,Company / Brand / Platform,"Fitness Apps, Coaching & Wellness",Fitness Apps,Global / verify,"Digital fitness, coaching, wellness, training, or behavior-change platform.",Potential Partner / Customer,50,Longlist,Potential,"Partnership, customer discovery, integrations, or ecosystem access.",,,,https://www.bing.com/search?q=Freeletics+official+company+sports,"Candidate identified - verify website, HQ, stage, and contacts before outreach",2026-08-06,Name/category curated for ecosystem mapping; blank fields intentionally require confirmation.
ST-0708,FulGaz,Company / Brand / Platform,"Fitness Apps, Coaching & Wellness",Fitness Apps,Global / verify,"Digital fitness, coaching, wellness, training, or behavior-change platform.",Potential Partner / Customer,50,Longlist,Potential,"Partnership, customer discovery, integrations, or ecosystem access.",,,,https://www.bing.com/search?q=FulGaz+official+company+sports,"Candidate identified - verify website, HQ, stage, and contacts before outreach",2026-08-06,Name/category curated for ecosystem mapping; blank fields intentionally require confirmation.
ST-0709,Future,Company / Brand / Platform,"Fitness Apps, Coaching & Wellness",Fitness Apps,Global / verify,"Digital fitness, coaching, wellness, training, or behavior-change platform.",Potential Partner / Customer,50,Longlist,Potential,"Partnership, customer discovery, integrations, or ecosystem access.",,,,https://www.bing.com/search?q=Future+official+company+sports,"Candidate identified - verify website, HQ, stage, and contacts before outreach",2026-08-06,Name/category curated for ecosystem mapping; blank fields intentionally require confirmation.
ST-0710,Garmin Connect,Company / Brand / Platform,"Fitness Apps, Coaching & Wellness",Wearables,Global / verify,"Digital fitness, coaching, wellness, training, or behavior-change platform.",Potential Partner / Customer,50,Longlist,Potential,"Partnership, customer discovery, integrations, or ecosystem access.",,,,https://www.bing.com/search?q=Garmin+Connect+official+company+sports,"Candidate identified - verify website, HQ, stage, and contacts before outreach",2026-08-06,Name/category curated for ecosystem mapping; blank fields intentionally require confirmation.
ST-0711,GoJoe,Company / Brand / Platform,"Fitness Apps, Coaching & Wellness",Fitness Apps,Global / verify,"Digital fitness, coaching, wellness, training, or behavior-change platform.",Potential Partner / Customer,50,Longlist,Potential,"Partnership, customer discovery, integrations, or ecosystem access.",,,,https://www.bing.com/search?q=GoJoe+official+company+sports,"Candidate identified - verify website, HQ, stage, and contacts before outreach",2026-08-06,Name/category curated for ecosystem mapping; blank fields intentionally require confirmation.
ST-0712,Google Fit,Company / Brand / Platform,"Fitness Apps, Coaching & Wellness",Fitness Apps,Global / verify,"Digital fitness, coaching, wellness, training, or behavior-change platform.",Potential Partner / Customer,50,Longlist,Potential,"Partnership, customer discovery, integrations, or ecosystem access.",,,,https://www.bing.com/search?q=Google+Fit+official+company+sports,"Candidate identified - verify website, HQ, stage, and contacts before outreach",2026-08-06,Name/category curated for ecosystem mapping; blank fields intentionally require confirmation.
ST-0713,Gympik,Company / Brand / Platform,"Fitness Apps, Coaching & Wellness",Coaching & Fitness,Global / verify,"Digital fitness, coaching, wellness, training, or behavior-change platform.",Potential Partner / Customer,50,Longlist,Potential,"Partnership, customer discovery, integrations, or ecosystem access.",,,,https://www.bing.com/search?q=Gympik+official+company+sports,"Candidate identified - verify website, HQ, stage, and contacts before outreach",2026-08-06,Name/category curated for ecosystem mapping; blank fields intentionally require confirmation.
ST-0714,Happify,Company / Brand / Platform,"Fitness Apps, Coaching & Wellness",Fitness Apps,Global / verify,"Digital fitness, coaching, wellness, training, or behavior-change platform.",Potential Partner / Customer,50,Longlist,Potential,"Partnership, customer discovery, integrations, or ecosystem access.",,,,https://www.bing.com/search?q=Happify+official+company+sports,"Candidate identified - verify website, HQ, stage, and contacts before outreach",2026-08-06,Name/category curated for ecosystem mapping; blank fields intentionally require confirmation.
ST-0715,Headspace,Company / Brand / Platform,"Fitness Apps, Coaching & Wellness",Fitness Apps,Global / verify,"Digital fitness, coaching, wellness, training, or behavior-change platform.",Potential Partner / Customer,50,Longlist,Potential,"Partnership, customer discovery, integrations, or ecosystem access.",,,,https://www.bing.com/search?q=Headspace+official+company+sports,"Candidate identified - verify website, HQ, stage, and contacts before outreach",2026-08-06,Name/category curated for ecosystem mapping; blank fields intentionally require confirmation.
ST-0716,HealthifyMe,Company / Brand / Platform,"Fitness Apps, Coaching & Wellness",Fitness Apps,India,"Digital fitness, coaching, wellness, training, or behavior-change platform.",Potential Partner / Customer,65,Medium,Potential,"Partnership, customer discovery, integrations, or ecosystem access.",,,,https://www.bing.com/search?q=HealthifyMe+official+company+sports,"Candidate identified - verify website, HQ, stage, and contacts before outreach",2026-08-06,Name/category curated for ecosystem mapping; blank fields intentionally require confirmation.
ST-0717,Hevy,Company / Brand / Platform,"Fitness Apps, Coaching & Wellness",Fitness Apps,Global / verify,"Digital fitness, coaching, wellness, training, or behavior-change platform.",Potential Partner / Customer,50,Longlist,Potential,"Partnership, customer discovery, integrations, or ecosystem access.",,,,https://www.bing.com/search?q=Hevy+official+company+sports,"Candidate identified - verify website, HQ, stage, and contacts before outreach",2026-08-06,Name/category curated for ecosystem mapping; blank fields intentionally require confirmation.
ST-0718,Huawei Health,Company / Brand / Platform,"Fitness Apps, Coaching & Wellness",Fitness Apps,Global / verify,"Digital fitness, coaching, wellness, training, or behavior-change platform.",Potential Partner / Customer,50,Longlist,Potential,"Partnership, customer discovery, integrations, or ecosystem access.",,,,https://www.bing.com/search?q=Huawei+Health+official+company+sports,"Candidate identified - verify website, HQ, stage, and contacts before outreach",2026-08-06,Name/category curated for ecosystem mapping; blank fields intentionally require confirmation.
ST-0719,Hydrow,Company / Brand / Platform,"Fitness Apps, Coaching & Wellness",Fitness Apps,Global / verify,"Digital fitness, coaching, wellness, training, or behavior-change platform.",Potential Partner / Customer,50,Longlist,Potential,"Partnership, customer discovery, integrations, or ecosystem access.",,,,https://www.bing.com/search?q=Hydrow+official+company+sports,"Candidate identified - verify website, HQ, stage, and contacts before outreach",2026-08-06,Name/category curated for ecosystem mapping; blank fields intentionally require confirmation.
ST-0720,Insight Timer,Company / Brand / Platform,"Fitness Apps, Coaching & Wellness",Fitness Apps,Global / verify,"Digital fitness, coaching, wellness, training, or behavior-change platform.",Potential Partner / Customer,50,Longlist,Potential,"Partnership, customer discovery, integrations, or ecosystem access.",,,,https://www.bing.com/search?q=Insight+Timer+official+company+sports,"Candidate identified - verify website, HQ, stage, and contacts before outreach",2026-08-06,Name/category curated for ecosystem mapping; blank fields intentionally require confirmation.
ST-0721,Intervals.icu,Company / Brand / Platform,"Fitness Apps, Coaching & Wellness",Fitness Apps,Global / verify,"Digital fitness, coaching, wellness, training, or behavior-change platform.",Potential Partner / Customer,50,Longlist,Potential,"Partnership, customer discovery, integrations, or ecosystem access.",,,,https://www.bing.com/search?q=Intervals.icu+official+company+sports,"Candidate identified - verify website, HQ, stage, and contacts before outreach",2026-08-06,Name/category curated for ecosystem mapping; blank fields intentionally require confirmation.
ST-0722,JEFIT,Company / Brand / Platform,"Fitness Apps, Coaching & Wellness",Fitness Apps,Global / verify,"Digital fitness, coaching, wellness, training, or behavior-change platform.",Potential Partner / Customer,50,Longlist,Potential,"Partnership, customer discovery, integrations, or ecosystem access.",,,,https://www.bing.com/search?q=JEFIT+official+company+sports,"Candidate identified - verify website, HQ, stage, and contacts before outreach",2026-08-06,Name/category curated for ecosystem mapping; blank fields intentionally require confirmation.
ST-0723,Joggo,Company / Brand / Platform,"Fitness Apps, Coaching & Wellness",Fitness Apps,Global / verify,"Digital fitness, coaching, wellness, training, or behavior-change platform.",Potential Partner / Customer,50,Longlist,Potential,"Partnership, customer discovery, integrations, or ecosystem access.",,,,https://www.bing.com/search?q=Joggo+official+company+sports,"Candidate identified - verify website, HQ, stage, and contacts before outreach",2026-08-06,Name/category curated for ecosystem mapping; blank fields intentionally require confirmation.
ST-0724,Keep,Company / Brand / Platform,"Fitness Apps, Coaching & Wellness",Fitness Apps,Global / verify,"Digital fitness, coaching, wellness, training, or behavior-change platform.",Potential Partner / Customer,50,Longlist,Potential,"Partnership, customer discovery, integrations, or ecosystem access.",,,,https://www.bing.com/search?q=Keep+official+company+sports,"Candidate identified - verify website, HQ, stage, and contacts before outreach",2026-08-06,Name/category curated for ecosystem mapping; blank fields intentionally require confirmation.
ST-0725,Kinomap,Company / Brand / Platform,"Fitness Apps, Coaching & Wellness",Fitness Apps,Global / verify,"Digital fitness, coaching, wellness, training, or behavior-change platform.",Potential Partner / Customer,50,Longlist,Potential,"Partnership, customer discovery, integrations, or ecosystem access.",,,,https://www.bing.com/search?q=Kinomap+official+company+sports,"Candidate identified - verify website, HQ, stage, and contacts before outreach",2026-08-06,Name/category curated for ecosystem mapping; blank fields intentionally require confirmation.
ST-0726,Ladder,Company / Brand / Platform,"Fitness Apps, Coaching & Wellness",Fitness Apps,Global / verify,"Digital fitness, coaching, wellness, training, or behavior-change platform.",Potential Partner / Customer,50,Longlist,Potential,"Partnership, customer discovery, integrations, or ecosystem access.",,,,https://www.bing.com/search?q=Ladder+official+company+sports,"Candidate identified - verify website, HQ, stage, and contacts before outreach",2026-08-06,Name/category curated for ecosystem mapping; blank fields intentionally require confirmation.
ST-0727,Les Mills+,Company / Brand / Platform,"Fitness Apps, Coaching & Wellness",Fitness Apps,Global / verify,"Digital fitness, coaching, wellness, training, or behavior-change platform.",Potential Partner / Customer,50,Longlist,Potential,"Partnership, customer discovery, integrations, or ecosystem access.",,,,https://www.bing.com/search?q=Les+Mills%2B+official+company+sports,"Candidate identified - verify website, HQ, stage, and contacts before outreach",2026-08-06,Name/category curated for ecosystem mapping; blank fields intentionally require confirmation.
ST-0728,Lifesum,Company / Brand / Platform,"Fitness Apps, Coaching & Wellness",Fitness Apps,Global / verify,"Digital fitness, coaching, wellness, training, or behavior-change platform.",Potential Partner / Customer,50,Longlist,Potential,"Partnership, customer discovery, integrations, or ecosystem access.",,,,https://www.bing.com/search?q=Lifesum+official+company+sports,"Candidate identified - verify website, HQ, stage, and contacts before outreach",2026-08-06,Name/category curated for ecosystem mapping; blank fields intentionally require confirmation.
ST-0729,Lose It!,Company / Brand / Platform,"Fitness Apps, Coaching & Wellness",Fitness Apps,Global / verify,"Digital fitness, coaching, wellness, training, or behavior-change platform.",Potential Partner / Customer,50,Longlist,Potential,"Partnership, customer discovery, integrations, or ecosystem access.",,,,https://www.bing.com/search?q=Lose+It%21+official+company+sports,"Candidate identified - verify website, HQ, stage, and contacts before outreach",2026-08-06,Name/category curated for ecosystem mapping; blank fields intentionally require confirmation.
ST-0730,MapMyRun,Company / Brand / Platform,"Fitness Apps, Coaching & Wellness",Fitness Apps,Global / verify,"Digital fitness, coaching, wellness, training, or behavior-change platform.",Potential Partner / Customer,50,Longlist,Potential,"Partnership, customer discovery, integrations, or ecosystem access.",,,,https://www.bing.com/search?q=MapMyRun+official+company+sports,"Candidate identified - verify website, HQ, stage, and contacts before outreach",2026-08-06,Name/category curated for ecosystem mapping; blank fields intentionally require confirmation.
ST-0731,Mindbody,Company / Brand / Platform,"Fitness Apps, Coaching & Wellness",Fitness Apps,Global / verify,"Digital fitness, coaching, wellness, training, or behavior-change platform.",Potential Partner / Customer,50,Longlist,Potential,"Partnership, customer discovery, integrations, or ecosystem access.",,,,https://www.bing.com/search?q=Mindbody+official+company+sports,"Candidate identified - verify website, HQ, stage, and contacts before outreach",2026-08-06,Name/category curated for ecosystem mapping; blank fields intentionally require confirmation.
ST-0732,Mindvalley,Company / Brand / Platform,"Fitness Apps, Coaching & Wellness",Fitness Apps,Global / verify,"Digital fitness, coaching, wellness, training, or behavior-change platform.",Potential Partner / Customer,50,Longlist,Potential,"Partnership, customer discovery, integrations, or ecosystem access.",,,,https://www.bing.com/search?q=Mindvalley+official+company+sports,"Candidate identified - verify website, HQ, stage, and contacts before outreach",2026-08-06,Name/category curated for ecosystem mapping; blank fields intentionally require confirmation.
ST-0733,Modern Health,Company / Brand / Platform,"Fitness Apps, Coaching & Wellness",Fitness Apps,Global / verify,"Digital fitness, coaching, wellness, training, or behavior-change platform.",Potential Partner / Customer,50,Longlist,Potential,"Partnership, customer discovery, integrations, or ecosystem access.",,,,https://www.bing.com/search?q=Modern+Health+official+company+sports,"Candidate identified - verify website, HQ, stage, and contacts before outreach",2026-08-06,Name/category curated for ecosystem mapping; blank fields intentionally require confirmation.
ST-0734,MoveSpring,Company / Brand / Platform,"Fitness Apps, Coaching & Wellness",Wearables,Global / verify,"Digital fitness, coaching, wellness, training, or behavior-change platform.",Potential Partner / Customer,50,Longlist,Potential,"Partnership, customer discovery, integrations, or ecosystem access.",,,,https://www.bing.com/search?q=MoveSpring+official+company+sports,"Candidate identified - verify website, HQ, stage, and contacts before outreach",2026-08-06,Name/category curated for ecosystem mapping; blank fields intentionally require confirmation.
ST-0735,MyFitnessPal,Company / Brand / Platform,"Fitness Apps, Coaching & Wellness",Coaching & Fitness,Global / verify,"Digital fitness, coaching, wellness, training, or behavior-change platform.",Potential Partner / Customer,50,Longlist,Potential,"Partnership, customer discovery, integrations, or ecosystem access.",,,,https://www.bing.com/search?q=MyFitnessPal+official+company+sports,"Candidate identified - verify website, HQ, stage, and contacts before outreach",2026-08-06,Name/category curated for ecosystem mapping; blank fields intentionally require confirmation.
ST-0736,MyWhoosh,Company / Brand / Platform,"Fitness Apps, Coaching & Wellness",Fitness Apps,Global / verify,"Digital fitness, coaching, wellness, training, or behavior-change platform.",Potential Partner / Customer,50,Longlist,Potential,"Partnership, customer discovery, integrations, or ecosystem access.",,,,https://www.bing.com/search?q=MyWhoosh+official+company+sports,"Candidate identified - verify website, HQ, stage, and contacts before outreach",2026-08-06,Name/category curated for ecosystem mapping; blank fields intentionally require confirmation.
ST-0737,Nike Run Club,Company / Brand / Platform,"Fitness Apps, Coaching & Wellness",Fitness Apps,Global / verify,"Digital fitness, coaching, wellness, training, or behavior-change platform.",Potential Partner / Customer,50,Longlist,Potential,"Partnership, customer discovery, integrations, or ecosystem access.",,,,https://www.bing.com/search?q=Nike+Run+Club+official+company+sports,"Candidate identified - verify website, HQ, stage, and contacts before outreach",2026-08-06,Name/category curated for ecosystem mapping; blank fields intentionally require confirmation.
ST-0738,Noom,Company / Brand / Platform,"Fitness Apps, Coaching & Wellness",Fitness Apps,Global / verify,"Digital fitness, coaching, wellness, training, or behavior-change platform.",Potential Partner / Customer,50,Longlist,Potential,"Partnership, customer discovery, integrations, or ecosystem access.",,,,https://www.bing.com/search?q=Noom+official+company+sports,"Candidate identified - verify website, HQ, stage, and contacts before outreach",2026-08-06,Name/category curated for ecosystem mapping; blank fields intentionally require confirmation.
ST-0739,Obe Fitness,Company / Brand / Platform,"Fitness Apps, Coaching & Wellness",Coaching & Fitness,Global / verify,"Digital fitness, coaching, wellness, training, or behavior-change platform.",Potential Partner / Customer,50,Longlist,Potential,"Partnership, customer discovery, integrations, or ecosystem access.",,,,https://www.bing.com/search?q=Obe+Fitness+official+company+sports,"Candidate identified - verify website, HQ, stage, and contacts before outreach",2026-08-06,Name/category curated for ecosystem mapping; blank fields intentionally require confirmation.
ST-0740,Pacer,Company / Brand / Platform,"Fitness Apps, Coaching & Wellness",Fitness Apps,Global / verify,"Digital fitness, coaching, wellness, training, or behavior-change platform.",Potential Partner / Customer,50,Longlist,Potential,"Partnership, customer discovery, integrations, or ecosystem access.",,,,https://www.bing.com/search?q=Pacer+official+company+sports,"Candidate identified - verify website, HQ, stage, and contacts before outreach",2026-08-06,Name/category curated for ecosystem mapping; blank fields intentionally require confirmation.
ST-0741,Peloton,Company / Brand / Platform,"Fitness Apps, Coaching & Wellness",Fitness Apps,Global / verify,"Digital fitness, coaching, wellness, training, or behavior-change platform.",Potential Partner / Customer,50,Longlist,Potential,"Partnership, customer discovery, integrations, or ecosystem access.",,,,https://www.bing.com/search?q=Peloton+official+company+sports,"Candidate identified - verify website, HQ, stage, and contacts before outreach",2026-08-06,Name/category curated for ecosystem mapping; blank fields intentionally require confirmation.
ST-0742,Personify Health,Company / Brand / Platform,"Fitness Apps, Coaching & Wellness",Fitness Apps,Global / verify,"Digital fitness, coaching, wellness, training, or behavior-change platform.",Potential Partner / Customer,50,Longlist,Potential,"Partnership, customer discovery, integrations, or ecosystem access.",,,,https://www.bing.com/search?q=Personify+Health+official+company+sports,"Candidate identified - verify website, HQ, stage, and contacts before outreach",2026-08-06,Name/category curated for ecosystem mapping; blank fields intentionally require confirmation.
ST-0743,PlayAblo,Company / Brand / Platform,"Fitness Apps, Coaching & Wellness",Fitness Apps,Global / verify,"Digital fitness, coaching, wellness, training, or behavior-change platform.",Potential Partner / Customer,50,Longlist,Potential,"Partnership, customer discovery, integrations, or ecosystem access.",,,,https://www.bing.com/search?q=PlayAblo+official+company+sports,"Candidate identified - verify website, HQ, stage, and contacts before outreach",2026-08-06,Name/category curated for ecosystem mapping; blank fields intentionally require confirmation.
ST-0744,PlaySpots,Company / Brand / Platform,"Fitness Apps, Coaching & Wellness",Fitness Apps,Global / verify,"Digital fitness, coaching, wellness, training, or behavior-change platform.",Potential Partner / Customer,50,Longlist,Potential,"Partnership, customer discovery, integrations, or ecosystem access.",,,,https://www.bing.com/search?q=PlaySpots+official+company+sports,"Candidate identified - verify website, HQ, stage, and contacts before outreach",2026-08-06,Name/category curated for ecosystem mapping; blank fields intentionally require confirmation.
ST-0745,Polar Flow,Company / Brand / Platform,"Fitness Apps, Coaching & Wellness",Wearables,Global / verify,"Digital fitness, coaching, wellness, training, or behavior-change platform.",Potential Partner / Customer,50,Longlist,Potential,"Partnership, customer discovery, integrations, or ecosystem access.",,,,https://www.bing.com/search?q=Polar+Flow+official+company+sports,"Candidate identified - verify website, HQ, stage, and contacts before outreach",2026-08-06,Name/category curated for ecosystem mapping; blank fields intentionally require confirmation.
ST-0746,Possible,Company / Brand / Platform,"Fitness Apps, Coaching & Wellness",Fitness Apps,Global / verify,"Digital fitness, coaching, wellness, training, or behavior-change platform.",Potential Partner / Customer,50,Longlist,Potential,"Partnership, customer discovery, integrations, or ecosystem access.",,,,https://www.bing.com/search?q=Possible+official+company+sports,"Candidate identified - verify website, HQ, stage, and contacts before outreach",2026-08-06,Name/category curated for ecosystem mapping; blank fields intentionally require confirmation.
ST-0747,Rouvy,Company / Brand / Platform,"Fitness Apps, Coaching & Wellness",Fitness Apps,Global / verify,"Digital fitness, coaching, wellness, training, or behavior-change platform.",Potential Partner / Customer,50,Longlist,Potential,"Partnership, customer discovery, integrations, or ecosystem access.",,,,https://www.bing.com/search?q=Rouvy+official+company+sports,"Candidate identified - verify website, HQ, stage, and contacts before outreach",2026-08-06,Name/category curated for ecosystem mapping; blank fields intentionally require confirmation.
ST-0748,Runkeeper,Company / Brand / Platform,"Fitness Apps, Coaching & Wellness",Fitness Apps,Global / verify,"Digital fitness, coaching, wellness, training, or behavior-change platform.",Potential Partner / Customer,50,Longlist,Potential,"Partnership, customer discovery, integrations, or ecosystem access.",,,,https://www.bing.com/search?q=Runkeeper+official+company+sports,"Candidate identified - verify website, HQ, stage, and contacts before outreach",2026-08-06,Name/category curated for ecosystem mapping; blank fields intentionally require confirmation.
ST-0749,Runna,Company / Brand / Platform,"Fitness Apps, Coaching & Wellness",Fitness Apps,Global / verify,"Digital fitness, coaching, wellness, training, or behavior-change platform.",Potential Partner / Customer,50,Longlist,Potential,"Partnership, customer discovery, integrations, or ecosystem access.",,,,https://www.bing.com/search?q=Runna+official+company+sports,"Candidate identified - verify website, HQ, stage, and contacts before outreach",2026-08-06,Name/category curated for ecosystem mapping; blank fields intentionally require confirmation.
ST-0750,Samsung Health,Company / Brand / Platform,"Fitness Apps, Coaching & Wellness",Fitness Apps,Global / verify,"Digital fitness, coaching, wellness, training, or behavior-change platform.",Potential Partner / Customer,50,Longlist,Potential,"Partnership, customer discovery, integrations, or ecosystem access.",,,,https://www.bing.com/search?q=Samsung+Health+official+company+sports,"Candidate identified - verify website, HQ, stage, and contacts before outreach",2026-08-06,Name/category curated for ecosystem mapping; blank fields intentionally require confirmation.
ST-0751,Sportido,Company / Brand / Platform,"Fitness Apps, Coaching & Wellness",Fitness Apps,Global / verify,"Digital fitness, coaching, wellness, training, or behavior-change platform.",Potential Partner / Customer,50,Longlist,Potential,"Partnership, customer discovery, integrations, or ecosystem access.",,,,https://www.bing.com/search?q=Sportido+official+company+sports,"Candidate identified - verify website, HQ, stage, and contacts before outreach",2026-08-06,Name/category curated for ecosystem mapping; blank fields intentionally require confirmation.
ST-0752,SportyHQ,Company / Brand / Platform,"Fitness Apps, Coaching & Wellness",Fitness Apps,Global / verify,"Digital fitness, coaching, wellness, training, or behavior-change platform.",Potential Partner / Customer,50,Longlist,Potential,"Partnership, customer discovery, integrations, or ecosystem access.",,,,https://www.bing.com/search?q=SportyHQ+official+company+sports,"Candidate identified - verify website, HQ, stage, and contacts before outreach",2026-08-06,Name/category curated for ecosystem mapping; blank fields intentionally require confirmation.
ST-0753,Spring Health,Company / Brand / Platform,"Fitness Apps, Coaching & Wellness",Wearables,Global / verify,"Digital fitness, coaching, wellness, training, or behavior-change platform.",Potential Partner / Customer,50,Longlist,Potential,"Partnership, customer discovery, integrations, or ecosystem access.",,,,https://www.bing.com/search?q=Spring+Health+official+company+sports,"Candidate identified - verify website, HQ, stage, and contacts before outreach",2026-08-06,Name/category curated for ecosystem mapping; blank fields intentionally require confirmation.
ST-0754,StepSetGo,Company / Brand / Platform,"Fitness Apps, Coaching & Wellness",Fitness Apps,Global / verify,"Digital fitness, coaching, wellness, training, or behavior-change platform.",Potential Partner / Customer,50,Longlist,Potential,"Partnership, customer discovery, integrations, or ecosystem access.",,,,https://www.bing.com/search?q=StepSetGo+official+company+sports,"Candidate identified - verify website, HQ, stage, and contacts before outreach",2026-08-06,Name/category curated for ecosystem mapping; blank fields intentionally require confirmation.
ST-0755,Strava,Company / Brand / Platform,"Fitness Apps, Coaching & Wellness",Fitness Apps,Global / verify,"Digital fitness, coaching, wellness, training, or behavior-change platform.",Potential Partner / Customer,50,Longlist,Potential,"Partnership, customer discovery, integrations, or ecosystem access.",,,,https://www.bing.com/search?q=Strava+official+company+sports,"Candidate identified - verify website, HQ, stage, and contacts before outreach",2026-08-06,Name/category curated for ecosystem mapping; blank fields intentionally require confirmation.
ST-0756,Strong,Company / Brand / Platform,"Fitness Apps, Coaching & Wellness",Fitness Apps,Global / verify,"Digital fitness, coaching, wellness, training, or behavior-change platform.",Potential Partner / Customer,50,Longlist,Potential,"Partnership, customer discovery, integrations, or ecosystem access.",,,,https://www.bing.com/search?q=Strong+official+company+sports,"Candidate identified - verify website, HQ, stage, and contacts before outreach",2026-08-06,Name/category curated for ecosystem mapping; blank fields intentionally require confirmation.
ST-0757,Supernatural,Company / Brand / Platform,"Fitness Apps, Coaching & Wellness",Fitness Apps,Global / verify,"Digital fitness, coaching, wellness, training, or behavior-change platform.",Potential Partner / Customer,50,Longlist,Potential,"Partnership, customer discovery, integrations, or ecosystem access.",,,,https://www.bing.com/search?q=Supernatural+official+company+sports,"Candidate identified - verify website, HQ, stage, and contacts before outreach",2026-08-06,Name/category curated for ecosystem mapping; blank fields intentionally require confirmation.
ST-0758,Suunto App,Company / Brand / Platform,"Fitness Apps, Coaching & Wellness",Fitness Apps,Global / verify,"Digital fitness, coaching, wellness, training, or behavior-change platform.",Potential Partner / Customer,50,Longlist,Potential,"Partnership, customer discovery, integrations, or ecosystem access.",,,,https://www.bing.com/search?q=Suunto+App+official+company+sports,"Candidate identified - verify website, HQ, stage, and contacts before outreach",2026-08-06,Name/category curated for ecosystem mapping; blank fields intentionally require confirmation.
ST-0759,Sweat,Company / Brand / Platform,"Fitness Apps, Coaching & Wellness",Fitness Apps,Global / verify,"Digital fitness, coaching, wellness, training, or behavior-change platform.",Potential Partner / Customer,50,Longlist,Potential,"Partnership, customer discovery, integrations, or ecosystem access.",,,,https://www.bing.com/search?q=Sweat+official+company+sports,"Candidate identified - verify website, HQ, stage, and contacts before outreach",2026-08-06,Name/category curated for ecosystem mapping; blank fields intentionally require confirmation.
ST-0760,Sweatcoin,Company / Brand / Platform,"Fitness Apps, Coaching & Wellness",Fitness Apps,Global / verify,"Digital fitness, coaching, wellness, training, or behavior-change platform.",Potential Partner / Customer,50,Longlist,Potential,"Partnership, customer discovery, integrations, or ecosystem access.",,,,https://www.bing.com/search?q=Sweatcoin+official+company+sports,"Candidate identified - verify website, HQ, stage, and contacts before outreach",2026-08-06,Name/category curated for ecosystem mapping; blank fields intentionally require confirmation.
ST-0761,SYSTM,Company / Brand / Platform,"Fitness Apps, Coaching & Wellness",Fitness Apps,Global / verify,"Digital fitness, coaching, wellness, training, or behavior-change platform.",Potential Partner / Customer,50,Longlist,Potential,"Partnership, customer discovery, integrations, or ecosystem access.",,,,https://www.bing.com/search?q=SYSTM+official+company+sports,"Candidate identified - verify website, HQ, stage, and contacts before outreach",2026-08-06,Name/category curated for ecosystem mapping; blank fields intentionally require confirmation.
ST-0762,Tempo,Company / Brand / Platform,"Fitness Apps, Coaching & Wellness",Fitness Apps,Global / verify,"Digital fitness, coaching, wellness, training, or behavior-change platform.",Potential Partner / Customer,50,Longlist,Potential,"Partnership, customer discovery, integrations, or ecosystem access.",,,,https://www.bing.com/search?q=Tempo+official+company+sports,"Candidate identified - verify website, HQ, stage, and contacts before outreach",2026-08-06,Name/category curated for ecosystem mapping; blank fields intentionally require confirmation.
ST-0763,Thrive Global,Company / Brand / Platform,"Fitness Apps, Coaching & Wellness",Fitness Apps,Global / verify,"Digital fitness, coaching, wellness, training, or behavior-change platform.",Potential Partner / Customer,50,Longlist,Potential,"Partnership, customer discovery, integrations, or ecosystem access.",,,,https://www.bing.com/search?q=Thrive+Global+official+company+sports,"Candidate identified - verify website, HQ, stage, and contacts before outreach",2026-08-06,Name/category curated for ecosystem mapping; blank fields intentionally require confirmation.
ST-0764,Today's Plan,Company / Brand / Platform,"Fitness Apps, Coaching & Wellness",Fitness Apps,Global / verify,"Digital fitness, coaching, wellness, training, or behavior-change platform.",Potential Partner / Customer,50,Longlist,Potential,"Partnership, customer discovery, integrations, or ecosystem access.",,,,https://www.bing.com/search?q=Today%27s+Plan+official+company+sports,"Candidate identified - verify website, HQ, stage, and contacts before outreach",2026-08-06,Name/category curated for ecosystem mapping; blank fields intentionally require confirmation.
ST-0765,Tonal,Company / Brand / Platform,"Fitness Apps, Coaching & Wellness",Fitness Apps,Global / verify,"Digital fitness, coaching, wellness, training, or behavior-change platform.",Potential Partner / Customer,50,Longlist,Potential,"Partnership, customer discovery, integrations, or ecosystem access.",,,,https://www.bing.com/search?q=Tonal+official+company+sports,"Candidate identified - verify website, HQ, stage, and contacts before outreach",2026-08-06,Name/category curated for ecosystem mapping; blank fields intentionally require confirmation.
ST-0766,TrainerRoad,Company / Brand / Platform,"Fitness Apps, Coaching & Wellness",Fitness Apps,Global / verify,"Digital fitness, coaching, wellness, training, or behavior-change platform.",Potential Partner / Customer,50,Longlist,Potential,"Partnership, customer discovery, integrations, or ecosystem access.",,,,https://www.bing.com/search?q=TrainerRoad+official+company+sports,"Candidate identified - verify website, HQ, stage, and contacts before outreach",2026-08-06,Name/category curated for ecosystem mapping; blank fields intentionally require confirmation.
ST-0767,Trainiac,Company / Brand / Platform,"Fitness Apps, Coaching & Wellness",Fitness Apps,Global / verify,"Digital fitness, coaching, wellness, training, or behavior-change platform.",Potential Partner / Customer,50,Longlist,Potential,"Partnership, customer discovery, integrations, or ecosystem access.",,,,https://www.bing.com/search?q=Trainiac+official+company+sports,"Candidate identified - verify website, HQ, stage, and contacts before outreach",2026-08-06,Name/category curated for ecosystem mapping; blank fields intentionally require confirmation.
ST-0768,TrainingPeaks,Company / Brand / Platform,"Fitness Apps, Coaching & Wellness",Coaching & Fitness,Global / verify,"Digital fitness, coaching, wellness, training, or behavior-change platform.",Potential Partner / Customer,50,Longlist,Potential,"Partnership, customer discovery, integrations, or ecosystem access.",,,,https://www.bing.com/search?q=TrainingPeaks+official+company+sports,"Candidate identified - verify website, HQ, stage, and contacts before outreach",2026-08-06,Name/category curated for ecosystem mapping; blank fields intentionally require confirmation.
ST-0769,Urban Sports Club,Company / Brand / Platform,"Fitness Apps, Coaching & Wellness",Fitness Apps,Global / verify,"Digital fitness, coaching, wellness, training, or behavior-change platform.",Potential Partner / Customer,50,Longlist,Potential,"Partnership, customer discovery, integrations, or ecosystem access.",,,,https://www.bing.com/search?q=Urban+Sports+Club+official+company+sports,"Candidate identified - verify website, HQ, stage, and contacts before outreach",2026-08-06,Name/category curated for ecosystem mapping; blank fields intentionally require confirmation.
ST-0770,Vingo,Company / Brand / Platform,"Fitness Apps, Coaching & Wellness",Fitness Apps,Global / verify,"Digital fitness, coaching, wellness, training, or behavior-change platform.",Potential Partner / Customer,50,Longlist,Potential,"Partnership, customer discovery, integrations, or ecosystem access.",,,,https://www.bing.com/search?q=Vingo+official+company+sports,"Candidate identified - verify website, HQ, stage, and contacts before outreach",2026-08-06,Name/category curated for ecosystem mapping; blank fields intentionally require confirmation.
ST-0771,Virgin Pulse,Company / Brand / Platform,"Fitness Apps, Coaching & Wellness",Fitness Apps,Global / verify,"Digital fitness, coaching, wellness, training, or behavior-change platform.",Potential Partner / Customer,50,Longlist,Potential,"Partnership, customer discovery, integrations, or ecosystem access.",,,,https://www.bing.com/search?q=Virgin+Pulse+official+company+sports,"Candidate identified - verify website, HQ, stage, and contacts before outreach",2026-08-06,Name/category curated for ecosystem mapping; blank fields intentionally require confirmation.
ST-0772,Waking Up,Company / Brand / Platform,"Fitness Apps, Coaching & Wellness",Fitness Apps,Global / verify,"Digital fitness, coaching, wellness, training, or behavior-change platform.",Potential Partner / Customer,50,Longlist,Potential,"Partnership, customer discovery, integrations, or ecosystem access.",,,,https://www.bing.com/search?q=Waking+Up+official+company+sports,"Candidate identified - verify website, HQ, stage, and contacts before outreach",2026-08-06,Name/category curated for ecosystem mapping; blank fields intentionally require confirmation.
ST-0773,Wellable,Company / Brand / Platform,"Fitness Apps, Coaching & Wellness",Fitness Apps,Global / verify,"Digital fitness, coaching, wellness, training, or behavior-change platform.",Potential Partner / Customer,50,Longlist,Potential,"Partnership, customer discovery, integrations, or ecosystem access.",,,,https://www.bing.com/search?q=Wellable+official+company+sports,"Candidate identified - verify website, HQ, stage, and contacts before outreach",2026-08-06,Name/category curated for ecosystem mapping; blank fields intentionally require confirmation.
ST-0774,Wellhub,Company / Brand / Platform,"Fitness Apps, Coaching & Wellness",Fitness Apps,Global / verify,"Digital fitness, coaching, wellness, training, or behavior-change platform.",Potential Partner / Customer,50,Longlist,Potential,"Partnership, customer discovery, integrations, or ecosystem access.",,,,https://www.bing.com/search?q=Wellhub+official+company+sports,"Candidate identified - verify website, HQ, stage, and contacts before outreach",2026-08-06,Name/category curated for ecosystem mapping; blank fields intentionally require confirmation.
ST-0775,YuMuuv,Company / Brand / Platform,"Fitness Apps, Coaching & Wellness",Fitness Apps,Global / verify,"Digital fitness, coaching, wellness, training, or behavior-change platform.",Potential Partner / Customer,50,Longlist,Potential,"Partnership, customer discovery, integrations, or ecosystem access.",,,,https://www.bing.com/search?q=YuMuuv+official+company+sports,"Candidate identified - verify website, HQ, stage, and contacts before outreach",2026-08-06,Name/category curated for ecosystem mapping; blank fields intentionally require confirmation.
ST-0776,Zepp,Company / Brand / Platform,"Fitness Apps, Coaching & Wellness",Fitness Apps,Global / verify,"Digital fitness, coaching, wellness, training, or behavior-change platform.",Potential Partner / Customer,50,Longlist,Potential,"Partnership, customer discovery, integrations, or ecosystem access.",,,,https://www.bing.com/search?q=Zepp+official+company+sports,"Candidate identified - verify website, HQ, stage, and contacts before outreach",2026-08-06,Name/category curated for ecosystem mapping; blank fields intentionally require confirmation.
ST-0777,Zwift,Company / Brand / Platform,"Fitness Apps, Coaching & Wellness",Fitness Apps,Global / verify,"Digital fitness, coaching, wellness, training, or behavior-change platform.",Potential Partner / Customer,50,Longlist,Potential,"Partnership, customer discovery, integrations, or ecosystem access.",,,,https://www.bing.com/search?q=Zwift+official+company+sports,"Candidate identified - verify website, HQ, stage, and contacts before outreach",2026-08-06,Name/category curated for ecosystem mapping; blank fields intentionally require confirmation.
ST-0778,2XU,Company / Brand / Platform,"Sports Equipment, Apparel & D2C",Sports Equipment,Global / verify,"Sports equipment, apparel, footwear, accessories, or direct-to-consumer brand.",Brand Partnership / Customer,50,Longlist,Potential,"Brand matching, athlete discovery, sponsorship intelligence, and campaign measurement.",,,,https://www.bing.com/search?q=2XU+official+company+sports,"Candidate identified - verify website, HQ, stage, and contacts before outreach",2026-08-06,Name/category curated for ecosystem mapping; blank fields intentionally require confirmation.
ST-0779,361 Degrees,Company / Brand / Platform,"Sports Equipment, Apparel & D2C",Sports Equipment,Global / verify,"Sports equipment, apparel, footwear, accessories, or direct-to-consumer brand.",Brand Partnership / Customer,50,Longlist,Potential,"Brand matching, athlete discovery, sponsorship intelligence, and campaign measurement.",,,,https://www.bing.com/search?q=361+Degrees+official+company+sports,"Candidate identified - verify website, HQ, stage, and contacts before outreach",2026-08-06,Name/category curated for ecosystem mapping; blank fields intentionally require confirmation.
ST-0780,Academy Sports + Outdoors,Company / Brand / Platform,"Sports Equipment, Apparel & D2C",Sports Equipment,Global / verify,"Sports equipment, apparel, footwear, accessories, or direct-to-consumer brand.",Brand Partnership / Customer,50,Longlist,Potential,"Brand matching, athlete discovery, sponsorship intelligence, and campaign measurement.",,,,https://www.bing.com/search?q=Academy+Sports+%2B+Outdoors+official+company+sports,"Candidate identified - verify website, HQ, stage, and contacts before outreach",2026-08-06,Name/category curated for ecosystem mapping; blank fields intentionally require confirmation.
ST-0781,adidas,Company / Brand / Platform,"Sports Equipment, Apparel & D2C",Sports Equipment,Global / verify,"Sports equipment, apparel, footwear, accessories, or direct-to-consumer brand.",Brand Partnership / Customer,50,Longlist,Potential,"Brand matching, athlete discovery, sponsorship intelligence, and campaign measurement.",,,,https://www.bing.com/search?q=adidas+official+company+sports,"Candidate identified - verify website, HQ, stage, and contacts before outreach",2026-08-06,Name/category curated for ecosystem mapping; blank fields intentionally require confirmation.
ST-0782,Alo Yoga,Company / Brand / Platform,"Sports Equipment, Apparel & D2C",Sports Equipment,Global / verify,"Sports equipment, apparel, footwear, accessories, or direct-to-consumer brand.",Brand Partnership / Customer,50,Longlist,Potential,"Brand matching, athlete discovery, sponsorship intelligence, and campaign measurement.",,,,https://www.bing.com/search?q=Alo+Yoga+official+company+sports,"Candidate identified - verify website, HQ, stage, and contacts before outreach",2026-08-06,Name/category curated for ecosystem mapping; blank fields intentionally require confirmation.
ST-0783,Altra,Company / Brand / Platform,"Sports Equipment, Apparel & D2C",Sports Equipment,Global / verify,"Sports equipment, apparel, footwear, accessories, or direct-to-consumer brand.",Brand Partnership / Customer,50,Longlist,Potential,"Brand matching, athlete discovery, sponsorship intelligence, and campaign measurement.",,,,https://www.bing.com/search?q=Altra+official+company+sports,"Candidate identified - verify website, HQ, stage, and contacts before outreach",2026-08-06,Name/category curated for ecosystem mapping; blank fields intentionally require confirmation.
ST-0784,Anta,Company / Brand / Platform,"Sports Equipment, Apparel & D2C",Sports Equipment,Global / verify,"Sports equipment, apparel, footwear, accessories, or direct-to-consumer brand.",Brand Partnership / Customer,50,Longlist,Potential,"Brand matching, athlete discovery, sponsorship intelligence, and campaign measurement.",,,,https://www.bing.com/search?q=Anta+official+company+sports,"Candidate identified - verify website, HQ, stage, and contacts before outreach",2026-08-06,Name/category curated for ecosystem mapping; blank fields intentionally require confirmation.
ST-0785,Aquasphere,Company / Brand / Platform,"Sports Equipment, Apparel & D2C",Sports Equipment,Global / verify,"Sports equipment, apparel, footwear, accessories, or direct-to-consumer brand.",Brand Partnership / Customer,50,Longlist,Potential,"Brand matching, athlete discovery, sponsorship intelligence, and campaign measurement.",,,,https://www.bing.com/search?q=Aquasphere+official+company+sports,"Candidate identified - verify website, HQ, stage, and contacts before outreach",2026-08-06,Name/category curated for ecosystem mapping; blank fields intentionally require confirmation.
ST-0786,Arena,Company / Brand / Platform,"Sports Equipment, Apparel & D2C",Sports Equipment,Global / verify,"Sports equipment, apparel, footwear, accessories, or direct-to-consumer brand.",Brand Partnership / Customer,50,Longlist,Potential,"Brand matching, athlete discovery, sponsorship intelligence, and campaign measurement.",,,,https://www.bing.com/search?q=Arena+official+company+sports,"Candidate identified - verify website, HQ, stage, and contacts before outreach",2026-08-06,Name/category curated for ecosystem mapping; blank fields intentionally require confirmation.
ST-0787,ASICS,Company / Brand / Platform,"Sports Equipment, Apparel & D2C",Sports Equipment,Global / verify,"Sports equipment, apparel, footwear, accessories, or direct-to-consumer brand.",Brand Partnership / Customer,50,Longlist,Potential,"Brand matching, athlete discovery, sponsorship intelligence, and campaign measurement.",,,,https://www.bing.com/search?q=ASICS+official+company+sports,"Candidate identified - verify website, HQ, stage, and contacts before outreach",2026-08-06,Name/category curated for ecosystem mapping; blank fields intentionally require confirmation.
ST-0788,Babolat,Company / Brand / Platform,"Sports Equipment, Apparel & D2C",Sports Equipment,Global / verify,"Sports equipment, apparel, footwear, accessories, or direct-to-consumer brand.",Brand Partnership / Customer,50,Longlist,Potential,"Brand matching, athlete discovery, sponsorship intelligence, and campaign measurement.",,,,https://www.bing.com/search?q=Babolat+official+company+sports,"Candidate identified - verify website, HQ, stage, and contacts before outreach",2026-08-06,Name/category curated for ecosystem mapping; blank fields intentionally require confirmation.
ST-0789,BAS Vampire,Company / Brand / Platform,"Sports Equipment, Apparel & D2C",Sports Equipment,Global / verify,"Sports equipment, apparel, footwear, accessories, or direct-to-consumer brand.",Brand Partnership / Customer,50,Longlist,Potential,"Brand matching, athlete discovery, sponsorship intelligence, and campaign measurement.",,,,https://www.bing.com/search?q=BAS+Vampire+official+company+sports,"Candidate identified - verify website, HQ, stage, and contacts before outreach",2026-08-06,Name/category curated for ecosystem mapping; blank fields intentionally require confirmation.
ST-0790,Bauer Hockey,Company / Brand / Platform,"Sports Equipment, Apparel & D2C",Sports Equipment,Global / verify,"Sports equipment, apparel, footwear, accessories, or direct-to-consumer brand.",Brand Partnership / Customer,50,Longlist,Potential,"Brand matching, athlete discovery, sponsorship intelligence, and campaign measurement.",,,,https://www.bing.com/search?q=Bauer+Hockey+official+company+sports,"Candidate identified - verify website, HQ, stage, and contacts before outreach",2026-08-06,Name/category curated for ecosystem mapping; blank fields intentionally require confirmation.
ST-0791,Blueseventy,Company / Brand / Platform,"Sports Equipment, Apparel & D2C",Events & Venues,Global / verify,"Sports equipment, apparel, footwear, accessories, or direct-to-consumer brand.",Brand Partnership / Customer,50,Longlist,Potential,"Brand matching, athlete discovery, sponsorship intelligence, and campaign measurement.",,,,https://www.bing.com/search?q=Blueseventy+official+company+sports,"Candidate identified - verify website, HQ, stage, and contacts before outreach",2026-08-06,Name/category curated for ecosystem mapping; blank fields intentionally require confirmation.
ST-0792,Brooks Running,Company / Brand / Platform,"Sports Equipment, Apparel & D2C",Sports Equipment,Global / verify,"Sports equipment, apparel, footwear, accessories, or direct-to-consumer brand.",Brand Partnership / Customer,50,Longlist,Potential,"Brand matching, athlete discovery, sponsorship intelligence, and campaign measurement.",,,,https://www.bing.com/search?q=Brooks+Running+official+company+sports,"Candidate identified - verify website, HQ, stage, and contacts before outreach",2026-08-06,Name/category curated for ecosystem mapping; blank fields intentionally require confirmation.
ST-0793,Butterfly,Company / Brand / Platform,"Sports Equipment, Apparel & D2C",Sports Equipment,Global / verify,"Sports equipment, apparel, footwear, accessories, or direct-to-consumer brand.",Brand Partnership / Customer,50,Longlist,Potential,"Brand matching, athlete discovery, sponsorship intelligence, and campaign measurement.",,,,https://www.bing.com/search?q=Butterfly+official+company+sports,"Candidate identified - verify website, HQ, stage, and contacts before outreach",2026-08-06,Name/category curated for ecosystem mapping; blank fields intentionally require confirmation.
ST-0794,Callaway,Company / Brand / Platform,"Sports Equipment, Apparel & D2C",Sports Equipment,Global / verify,"Sports equipment, apparel, footwear, accessories, or direct-to-consumer brand.",Brand Partnership / Customer,50,Longlist,Potential,"Brand matching, athlete discovery, sponsorship intelligence, and campaign measurement.",,,,https://www.bing.com/search?q=Callaway+official+company+sports,"Candidate identified - verify website, HQ, stage, and contacts before outreach",2026-08-06,Name/category curated for ecosystem mapping; blank fields intentionally require confirmation.
ST-0795,Canterbury,Company / Brand / Platform,"Sports Equipment, Apparel & D2C",Sports Equipment,Global / verify,"Sports equipment, apparel, footwear, accessories, or direct-to-consumer brand.",Brand Partnership / Customer,50,Longlist,Potential,"Brand matching, athlete discovery, sponsorship intelligence, and campaign measurement.",,,,https://www.bing.com/search?q=Canterbury+official+company+sports,"Candidate identified - verify website, HQ, stage, and contacts before outreach",2026-08-06,Name/category curated for ecosystem mapping; blank fields intentionally require confirmation.
ST-0796,Castore,Company / Brand / Platform,"Sports Equipment, Apparel & D2C",Sports Equipment,Global / verify,"Sports equipment, apparel, footwear, accessories, or direct-to-consumer brand.",Brand Partnership / Customer,50,Longlist,Potential,"Brand matching, athlete discovery, sponsorship intelligence, and campaign measurement.",,,,https://www.bing.com/search?q=Castore+official+company+sports,"Candidate identified - verify website, HQ, stage, and contacts before outreach",2026-08-06,Name/category curated for ecosystem mapping; blank fields intentionally require confirmation.
ST-0797,CCM Hockey,Company / Brand / Platform,"Sports Equipment, Apparel & D2C",Sports Equipment,Global / verify,"Sports equipment, apparel, footwear, accessories, or direct-to-consumer brand.",Brand Partnership / Customer,50,Longlist,Potential,"Brand matching, athlete discovery, sponsorship intelligence, and campaign measurement.",,,,https://www.bing.com/search?q=CCM+Hockey+official+company+sports,"Candidate identified - verify website, HQ, stage, and contacts before outreach",2026-08-06,Name/category curated for ecosystem mapping; blank fields intentionally require confirmation.
ST-0798,CEP Compression,Company / Brand / Platform,"Sports Equipment, Apparel & D2C",Sports Equipment,Global / verify,"Sports equipment, apparel, footwear, accessories, or direct-to-consumer brand.",Brand Partnership / Customer,50,Longlist,Potential,"Brand matching, athlete discovery, sponsorship intelligence, and campaign measurement.",,,,https://www.bing.com/search?q=CEP+Compression+official+company+sports,"Candidate identified - verify website, HQ, stage, and contacts before outreach",2026-08-06,Name/category curated for ecosystem mapping; blank fields intentionally require confirmation.
ST-0799,Cleveland Golf,Company / Brand / Platform,"Sports Equipment, Apparel & D2C",Sports Equipment,Global / verify,"Sports equipment, apparel, footwear, accessories, or direct-to-consumer brand.",Brand Partnership / Customer,50,Longlist,Potential,"Brand matching, athlete discovery, sponsorship intelligence, and campaign measurement.",,,,https://www.bing.com/search?q=Cleveland+Golf+official+company+sports,"Candidate identified - verify website, HQ, stage, and contacts before outreach",2026-08-06,Name/category curated for ecosystem mapping; blank fields intentionally require confirmation.
ST-0800,Cobra Golf,Company / Brand / Platform,"Sports Equipment, Apparel & D2C",Sports Equipment,Global / verify,"Sports equipment, apparel, footwear, accessories, or direct-to-consumer brand.",Brand Partnership / Customer,50,Longlist,Potential,"Brand matching, athlete discovery, sponsorship intelligence, and campaign measurement.",,,,https://www.bing.com/search?q=Cobra+Golf+official+company+sports,"Candidate identified - verify website, HQ, stage, and contacts before outreach",2026-08-06,Name/category curated for ecosystem mapping; blank fields intentionally require confirmation.
ST-0801,Cornilleau,Company / Brand / Platform,"Sports Equipment, Apparel & D2C",Sports Equipment,Global / verify,"Sports equipment, apparel, footwear, accessories, or direct-to-consumer brand.",Brand Partnership / Customer,50,Longlist,Potential,"Brand matching, athlete discovery, sponsorship intelligence, and campaign measurement.",,,,https://www.bing.com/search?q=Cornilleau+official+company+sports,"Candidate identified - verify website, HQ, stage, and contacts before outreach",2026-08-06,Name/category curated for ecosystem mapping; blank fields intentionally require confirmation.
ST-0802,Cosco,Company / Brand / Platform,"Sports Equipment, Apparel & D2C",Sports Equipment,Global / verify,"Sports equipment, apparel, footwear, accessories, or direct-to-consumer brand.",Brand Partnership / Customer,50,Longlist,Potential,"Brand matching, athlete discovery, sponsorship intelligence, and campaign measurement.",,,,https://www.bing.com/search?q=Cosco+official+company+sports,"Candidate identified - verify website, HQ, stage, and contacts before outreach",2026-08-06,Name/category curated for ecosystem mapping; blank fields intentionally require confirmation.
ST-0803,Decathlon,Company / Brand / Platform,"Sports Equipment, Apparel & D2C",Sports Equipment,Global / verify,"Sports equipment, apparel, footwear, accessories, or direct-to-consumer brand.",Brand Partnership / Customer,50,Longlist,Potential,"Brand matching, athlete discovery, sponsorship intelligence, and campaign measurement.",,,,https://www.bing.com/search?q=Decathlon+official+company+sports,"Candidate identified - verify website, HQ, stage, and contacts before outreach",2026-08-06,Name/category curated for ecosystem mapping; blank fields intentionally require confirmation.
ST-0804,DHS,Company / Brand / Platform,"Sports Equipment, Apparel & D2C",Sports Equipment,Global / verify,"Sports equipment, apparel, footwear, accessories, or direct-to-consumer brand.",Brand Partnership / Customer,50,Longlist,Potential,"Brand matching, athlete discovery, sponsorship intelligence, and campaign measurement.",,,,https://www.bing.com/search?q=DHS+official+company+sports,"Candidate identified - verify website, HQ, stage, and contacts before outreach",2026-08-06,Name/category curated for ecosystem mapping; blank fields intentionally require confirmation.
ST-0805,Dick's Sporting Goods,Company / Brand / Platform,"Sports Equipment, Apparel & D2C",Sports Equipment,Global / verify,"Sports equipment, apparel, footwear, accessories, or direct-to-consumer brand.",Brand Partnership / Customer,50,Longlist,Potential,"Brand matching, athlete discovery, sponsorship intelligence, and campaign measurement.",,,,https://www.bing.com/search?q=Dick%27s+Sporting+Goods+official+company+sports,"Candidate identified - verify website, HQ, stage, and contacts before outreach",2026-08-06,Name/category curated for ecosystem mapping; blank fields intentionally require confirmation.
ST-0806,Dita Hockey,Company / Brand / Platform,"Sports Equipment, Apparel & D2C",Sports Equipment,Global / verify,"Sports equipment, apparel, footwear, accessories, or direct-to-consumer brand.",Brand Partnership / Customer,50,Longlist,Potential,"Brand matching, athlete discovery, sponsorship intelligence, and campaign measurement.",,,,https://www.bing.com/search?q=Dita+Hockey+official+company+sports,"Candidate identified - verify website, HQ, stage, and contacts before outreach",2026-08-06,Name/category curated for ecosystem mapping; blank fields intentionally require confirmation.
ST-0807,Donic,Company / Brand / Platform,"Sports Equipment, Apparel & D2C",Sports Equipment,Global / verify,"Sports equipment, apparel, footwear, accessories, or direct-to-consumer brand.",Brand Partnership / Customer,50,Longlist,Potential,"Brand matching, athlete discovery, sponsorship intelligence, and campaign measurement.",,,,https://www.bing.com/search?q=Donic+official+company+sports,"Candidate identified - verify website, HQ, stage, and contacts before outreach",2026-08-06,Name/category curated for ecosystem mapping; blank fields intentionally require confirmation.
ST-0808,DSC Cricket,Company / Brand / Platform,"Sports Equipment, Apparel & D2C",Sports Equipment,Global / verify,"Sports equipment, apparel, footwear, accessories, or direct-to-consumer brand.",Brand Partnership / Customer,50,Longlist,Potential,"Brand matching, athlete discovery, sponsorship intelligence, and campaign measurement.",,,,https://www.bing.com/search?q=DSC+Cricket+official+company+sports,"Candidate identified - verify website, HQ, stage, and contacts before outreach",2026-08-06,Name/category curated for ecosystem mapping; blank fields intentionally require confirmation.
ST-0809,Dunlop Sports,Company / Brand / Platform,"Sports Equipment, Apparel & D2C",Sports Equipment,Global / verify,"Sports equipment, apparel, footwear, accessories, or direct-to-consumer brand.",Brand Partnership / Customer,50,Longlist,Potential,"Brand matching, athlete discovery, sponsorship intelligence, and campaign measurement.",,,,https://www.bing.com/search?q=Dunlop+Sports+official+company+sports,"Candidate identified - verify website, HQ, stage, and contacts before outreach",2026-08-06,Name/category curated for ecosystem mapping; blank fields intentionally require confirmation.
ST-0810,Fabletics,Company / Brand / Platform,"Sports Equipment, Apparel & D2C",Sports Equipment,Global / verify,"Sports equipment, apparel, footwear, accessories, or direct-to-consumer brand.",Brand Partnership / Customer,50,Longlist,Potential,"Brand matching, athlete discovery, sponsorship intelligence, and campaign measurement.",,,,https://www.bing.com/search?q=Fabletics+official+company+sports,"Candidate identified - verify website, HQ, stage, and contacts before outreach",2026-08-06,Name/category curated for ecosystem mapping; blank fields intentionally require confirmation.
ST-0811,FINIS,Company / Brand / Platform,"Sports Equipment, Apparel & D2C",Sports Equipment,Global / verify,"Sports equipment, apparel, footwear, accessories, or direct-to-consumer brand.",Brand Partnership / Customer,50,Longlist,Potential,"Brand matching, athlete discovery, sponsorship intelligence, and campaign measurement.",,,,https://www.bing.com/search?q=FINIS+official+company+sports,"Candidate identified - verify website, HQ, stage, and contacts before outreach",2026-08-06,Name/category curated for ecosystem mapping; blank fields intentionally require confirmation.
ST-0812,Finish Line,Company / Brand / Platform,"Sports Equipment, Apparel & D2C",Sports Equipment,Global / verify,"Sports equipment, apparel, footwear, accessories, or direct-to-consumer brand.",Brand Partnership / Customer,50,Longlist,Potential,"Brand matching, athlete discovery, sponsorship intelligence, and campaign measurement.",,,,https://www.bing.com/search?q=Finish+Line+official+company+sports,"Candidate identified - verify website, HQ, stage, and contacts before outreach",2026-08-06,Name/category curated for ecosystem mapping; blank fields intentionally require confirmation.
ST-0813,Foot Locker,Company / Brand / Platform,"Sports Equipment, Apparel & D2C",Sports Equipment,Global / verify,"Sports equipment, apparel, footwear, accessories, or direct-to-consumer brand.",Brand Partnership / Customer,50,Longlist,Potential,"Brand matching, athlete discovery, sponsorship intelligence, and campaign measurement.",,,,https://www.bing.com/search?q=Foot+Locker+official+company+sports,"Candidate identified - verify website, HQ, stage, and contacts before outreach",2026-08-06,Name/category curated for ecosystem mapping; blank fields intentionally require confirmation.
ST-0814,Forma Helmets,Company / Brand / Platform,"Sports Equipment, Apparel & D2C",Sports Equipment,Global / verify,"Sports equipment, apparel, footwear, accessories, or direct-to-consumer brand.",Brand Partnership / Customer,50,Longlist,Potential,"Brand matching, athlete discovery, sponsorship intelligence, and campaign measurement.",,,,https://www.bing.com/search?q=Forma+Helmets+official+company+sports,"Candidate identified - verify website, HQ, stage, and contacts before outreach",2026-08-06,Name/category curated for ecosystem mapping; blank fields intentionally require confirmation.
ST-0815,Gilbert Rugby,Company / Brand / Platform,"Sports Equipment, Apparel & D2C",Sports Equipment,Global / verify,"Sports equipment, apparel, footwear, accessories, or direct-to-consumer brand.",Brand Partnership / Customer,50,Longlist,Potential,"Brand matching, athlete discovery, sponsorship intelligence, and campaign measurement.",,,,https://www.bing.com/search?q=Gilbert+Rugby+official+company+sports,"Candidate identified - verify website, HQ, stage, and contacts before outreach",2026-08-06,Name/category curated for ecosystem mapping; blank fields intentionally require confirmation.
ST-0816,Gray-Nicolls,Company / Brand / Platform,"Sports Equipment, Apparel & D2C",Sports Equipment,Global / verify,"Sports equipment, apparel, footwear, accessories, or direct-to-consumer brand.",Brand Partnership / Customer,50,Longlist,Potential,"Brand matching, athlete discovery, sponsorship intelligence, and campaign measurement.",,,,https://www.bing.com/search?q=Gray-Nicolls+official+company+sports,"Candidate identified - verify website, HQ, stage, and contacts before outreach",2026-08-06,Name/category curated for ecosystem mapping; blank fields intentionally require confirmation.
ST-0817,Grays Hockey,Company / Brand / Platform,"Sports Equipment, Apparel & D2C",Sports Equipment,Global / verify,"Sports equipment, apparel, footwear, accessories, or direct-to-consumer brand.",Brand Partnership / Customer,50,Longlist,Potential,"Brand matching, athlete discovery, sponsorship intelligence, and campaign measurement.",,,,https://www.bing.com/search?q=Grays+Hockey+official+company+sports,"Candidate identified - verify website, HQ, stage, and contacts before outreach",2026-08-06,Name/category curated for ecosystem mapping; blank fields intentionally require confirmation.
ST-0818,Gunn & Moore,Company / Brand / Platform,"Sports Equipment, Apparel & D2C",Sports Equipment,Global / verify,"Sports equipment, apparel, footwear, accessories, or direct-to-consumer brand.",Brand Partnership / Customer,50,Longlist,Potential,"Brand matching, athlete discovery, sponsorship intelligence, and campaign measurement.",,,,https://www.bing.com/search?q=Gunn+%26+Moore+official+company+sports,"Candidate identified - verify website, HQ, stage, and contacts before outreach",2026-08-06,Name/category curated for ecosystem mapping; blank fields intentionally require confirmation.
ST-0819,Gymshark,Company / Brand / Platform,"Sports Equipment, Apparel & D2C",Coaching & Fitness,Global / verify,"Sports equipment, apparel, footwear, accessories, or direct-to-consumer brand.",Brand Partnership / Customer,50,Longlist,Potential,"Brand matching, athlete discovery, sponsorship intelligence, and campaign measurement.",,,,https://www.bing.com/search?q=Gymshark+official+company+sports,"Candidate identified - verify website, HQ, stage, and contacts before outreach",2026-08-06,Name/category curated for ecosystem mapping; blank fields intentionally require confirmation.
ST-0820,Head,Company / Brand / Platform,"Sports Equipment, Apparel & D2C",Sports Equipment,Global / verify,"Sports equipment, apparel, footwear, accessories, or direct-to-consumer brand.",Brand Partnership / Customer,50,Longlist,Potential,"Brand matching, athlete discovery, sponsorship intelligence, and campaign measurement.",,,,https://www.bing.com/search?q=Head+official+company+sports,"Candidate identified - verify website, HQ, stage, and contacts before outreach",2026-08-06,Name/category curated for ecosystem mapping; blank fields intentionally require confirmation.
ST-0821,Hoka,Company / Brand / Platform,"Sports Equipment, Apparel & D2C",Sports Equipment,Global / verify,"Sports equipment, apparel, footwear, accessories, or direct-to-consumer brand.",Brand Partnership / Customer,50,Longlist,Potential,"Brand matching, athlete discovery, sponsorship intelligence, and campaign measurement.",,,,https://www.bing.com/search?q=Hoka+official+company+sports,"Candidate identified - verify website, HQ, stage, and contacts before outreach",2026-08-06,Name/category curated for ecosystem mapping; blank fields intentionally require confirmation.
ST-0822,Honma,Company / Brand / Platform,"Sports Equipment, Apparel & D2C",Sports Equipment,Global / verify,"Sports equipment, apparel, footwear, accessories, or direct-to-consumer brand.",Brand Partnership / Customer,50,Longlist,Potential,"Brand matching, athlete discovery, sponsorship intelligence, and campaign measurement.",,,,https://www.bing.com/search?q=Honma+official+company+sports,"Candidate identified - verify website, HQ, stage, and contacts before outreach",2026-08-06,Name/category curated for ecosystem mapping; blank fields intentionally require confirmation.
ST-0823,Hummel,Company / Brand / Platform,"Sports Equipment, Apparel & D2C",Sports Equipment,Global / verify,"Sports equipment, apparel, footwear, accessories, or direct-to-consumer brand.",Brand Partnership / Customer,50,Longlist,Potential,"Brand matching, athlete discovery, sponsorship intelligence, and campaign measurement.",,,,https://www.bing.com/search?q=Hummel+official+company+sports,"Candidate identified - verify website, HQ, stage, and contacts before outreach",2026-08-06,Name/category curated for ecosystem mapping; blank fields intentionally require confirmation.
ST-0824,HUUB,Company / Brand / Platform,"Sports Equipment, Apparel & D2C",Sports Equipment,Global / verify,"Sports equipment, apparel, footwear, accessories, or direct-to-consumer brand.",Brand Partnership / Customer,50,Longlist,Potential,"Brand matching, athlete discovery, sponsorship intelligence, and campaign measurement.",,,,https://www.bing.com/search?q=HUUB+official+company+sports,"Candidate identified - verify website, HQ, stage, and contacts before outreach",2026-08-06,Name/category curated for ecosystem mapping; blank fields intentionally require confirmation.
ST-0825,Janji,Company / Brand / Platform,"Sports Equipment, Apparel & D2C",Sports Equipment,Global / verify,"Sports equipment, apparel, footwear, accessories, or direct-to-consumer brand.",Brand Partnership / Customer,50,Longlist,Potential,"Brand matching, athlete discovery, sponsorship intelligence, and campaign measurement.",,,,https://www.bing.com/search?q=Janji+official+company+sports,"Candidate identified - verify website, HQ, stage, and contacts before outreach",2026-08-06,Name/category curated for ecosystem mapping; blank fields intentionally require confirmation.
ST-0826,JD Sports,Company / Brand / Platform,"Sports Equipment, Apparel & D2C",Sports Equipment,Global / verify,"Sports equipment, apparel, footwear, accessories, or direct-to-consumer brand.",Brand Partnership / Customer,50,Longlist,Potential,"Brand matching, athlete discovery, sponsorship intelligence, and campaign measurement.",,,,https://www.bing.com/search?q=JD+Sports+official+company+sports,"Candidate identified - verify website, HQ, stage, and contacts before outreach",2026-08-06,Name/category curated for ecosystem mapping; blank fields intentionally require confirmation.
ST-0827,Joma,Company / Brand / Platform,"Sports Equipment, Apparel & D2C",Sports Equipment,Global / verify,"Sports equipment, apparel, footwear, accessories, or direct-to-consumer brand.",Brand Partnership / Customer,50,Longlist,Potential,"Brand matching, athlete discovery, sponsorship intelligence, and campaign measurement.",,,,https://www.bing.com/search?q=Joma+official+company+sports,"Candidate identified - verify website, HQ, stage, and contacts before outreach",2026-08-06,Name/category curated for ecosystem mapping; blank fields intentionally require confirmation.
ST-0828,Joola,Company / Brand / Platform,"Sports Equipment, Apparel & D2C",Sports Equipment,Global / verify,"Sports equipment, apparel, footwear, accessories, or direct-to-consumer brand.",Brand Partnership / Customer,50,Longlist,Potential,"Brand matching, athlete discovery, sponsorship intelligence, and campaign measurement.",,,,https://www.bing.com/search?q=Joola+official+company+sports,"Candidate identified - verify website, HQ, stage, and contacts before outreach",2026-08-06,Name/category curated for ecosystem mapping; blank fields intentionally require confirmation.
ST-0829,Jordan Brand,Company / Brand / Platform,"Sports Equipment, Apparel & D2C",Sports Equipment,Global / verify,"Sports equipment, apparel, footwear, accessories, or direct-to-consumer brand.",Brand Partnership / Customer,50,Longlist,Potential,"Brand matching, athlete discovery, sponsorship intelligence, and campaign measurement.",,,,https://www.bing.com/search?q=Jordan+Brand+official+company+sports,"Candidate identified - verify website, HQ, stage, and contacts before outreach",2026-08-06,Name/category curated for ecosystem mapping; blank fields intentionally require confirmation.
ST-0830,Kappa,Company / Brand / Platform,"Sports Equipment, Apparel & D2C",Sports Equipment,Global / verify,"Sports equipment, apparel, footwear, accessories, or direct-to-consumer brand.",Brand Partnership / Customer,50,Longlist,Potential,"Brand matching, athlete discovery, sponsorship intelligence, and campaign measurement.",,,,https://www.bing.com/search?q=Kappa+official+company+sports,"Candidate identified - verify website, HQ, stage, and contacts before outreach",2026-08-06,Name/category curated for ecosystem mapping; blank fields intentionally require confirmation.
ST-0831,Kookaburra,Company / Brand / Platform,"Sports Equipment, Apparel & D2C",Sports Equipment,Global / verify,"Sports equipment, apparel, footwear, accessories, or direct-to-consumer brand.",Brand Partnership / Customer,50,Longlist,Potential,"Brand matching, athlete discovery, sponsorship intelligence, and campaign measurement.",,,,https://www.bing.com/search?q=Kookaburra+official+company+sports,"Candidate identified - verify website, HQ, stage, and contacts before outreach",2026-08-06,Name/category curated for ecosystem mapping; blank fields intentionally require confirmation.
ST-0832,Li-Ning,Company / Brand / Platform,"Sports Equipment, Apparel & D2C",Sports Equipment,Global / verify,"Sports equipment, apparel, footwear, accessories, or direct-to-consumer brand.",Brand Partnership / Customer,50,Longlist,Potential,"Brand matching, athlete discovery, sponsorship intelligence, and campaign measurement.",,,,https://www.bing.com/search?q=Li-Ning+official+company+sports,"Candidate identified - verify website, HQ, stage, and contacts before outreach",2026-08-06,Name/category curated for ecosystem mapping; blank fields intentionally require confirmation.
ST-0833,Li-Ning Basketball,Company / Brand / Platform,"Sports Equipment, Apparel & D2C",Sports Equipment,Global / verify,"Sports equipment, apparel, footwear, accessories, or direct-to-consumer brand.",Brand Partnership / Customer,50,Longlist,Potential,"Brand matching, athlete discovery, sponsorship intelligence, and campaign measurement.",,,,https://www.bing.com/search?q=Li-Ning+Basketball+official+company+sports,"Candidate identified - verify website, HQ, stage, and contacts before outreach",2026-08-06,Name/category curated for ecosystem mapping; blank fields intentionally require confirmation.
ST-0834,Lululemon,Company / Brand / Platform,"Sports Equipment, Apparel & D2C",Sports Equipment,Global / verify,"Sports equipment, apparel, footwear, accessories, or direct-to-consumer brand.",Brand Partnership / Customer,50,Longlist,Potential,"Brand matching, athlete discovery, sponsorship intelligence, and campaign measurement.",,,,https://www.bing.com/search?q=Lululemon+official+company+sports,"Candidate identified - verify website, HQ, stage, and contacts before outreach",2026-08-06,Name/category curated for ecosystem mapping; blank fields intentionally require confirmation.
ST-0835,Macron,Company / Brand / Platform,"Sports Equipment, Apparel & D2C",Sports Equipment,Global / verify,"Sports equipment, apparel, footwear, accessories, or direct-to-consumer brand.",Brand Partnership / Customer,50,Longlist,Potential,"Brand matching, athlete discovery, sponsorship intelligence, and campaign measurement.",,,,https://www.bing.com/search?q=Macron+official+company+sports,"Candidate identified - verify website, HQ, stage, and contacts before outreach",2026-08-06,Name/category curated for ecosystem mapping; blank fields intentionally require confirmation.
ST-0836,Masuri,Company / Brand / Platform,"Sports Equipment, Apparel & D2C",Sports Equipment,Global / verify,"Sports equipment, apparel, footwear, accessories, or direct-to-consumer brand.",Brand Partnership / Customer,50,Longlist,Potential,"Brand matching, athlete discovery, sponsorship intelligence, and campaign measurement.",,,,https://www.bing.com/search?q=Masuri+official+company+sports,"Candidate identified - verify website, HQ, stage, and contacts before outreach",2026-08-06,Name/category curated for ecosystem mapping; blank fields intentionally require confirmation.
ST-0837,Merrell,Company / Brand / Platform,"Sports Equipment, Apparel & D2C",Sports Equipment,Global / verify,"Sports equipment, apparel, footwear, accessories, or direct-to-consumer brand.",Brand Partnership / Customer,50,Longlist,Potential,"Brand matching, athlete discovery, sponsorship intelligence, and campaign measurement.",,,,https://www.bing.com/search?q=Merrell+official+company+sports,"Candidate identified - verify website, HQ, stage, and contacts before outreach",2026-08-06,Name/category curated for ecosystem mapping; blank fields intentionally require confirmation.
ST-0838,Mikasa,Company / Brand / Platform,"Sports Equipment, Apparel & D2C",Sports Equipment,Global / verify,"Sports equipment, apparel, footwear, accessories, or direct-to-consumer brand.",Brand Partnership / Customer,50,Longlist,Potential,"Brand matching, athlete discovery, sponsorship intelligence, and campaign measurement.",,,,https://www.bing.com/search?q=Mikasa+official+company+sports,"Candidate identified - verify website, HQ, stage, and contacts before outreach",2026-08-06,Name/category curated for ecosystem mapping; blank fields intentionally require confirmation.
ST-0839,Mizuno,Company / Brand / Platform,"Sports Equipment, Apparel & D2C",Sports Equipment,Global / verify,"Sports equipment, apparel, footwear, accessories, or direct-to-consumer brand.",Brand Partnership / Customer,50,Longlist,Potential,"Brand matching, athlete discovery, sponsorship intelligence, and campaign measurement.",,,,https://www.bing.com/search?q=Mizuno+official+company+sports,"Candidate identified - verify website, HQ, stage, and contacts before outreach",2026-08-06,Name/category curated for ecosystem mapping; blank fields intentionally require confirmation.
ST-0840,Mizuno Golf,Company / Brand / Platform,"Sports Equipment, Apparel & D2C",Sports Equipment,Global / verify,"Sports equipment, apparel, footwear, accessories, or direct-to-consumer brand.",Brand Partnership / Customer,50,Longlist,Potential,"Brand matching, athlete discovery, sponsorship intelligence, and campaign measurement.",,,,https://www.bing.com/search?q=Mizuno+Golf+official+company+sports,"Candidate identified - verify website, HQ, stage, and contacts before outreach",2026-08-06,Name/category curated for ecosystem mapping; blank fields intentionally require confirmation.
ST-0841,Molten,Company / Brand / Platform,"Sports Equipment, Apparel & D2C",Sports Equipment,Global / verify,"Sports equipment, apparel, footwear, accessories, or direct-to-consumer brand.",Brand Partnership / Customer,50,Longlist,Potential,"Brand matching, athlete discovery, sponsorship intelligence, and campaign measurement.",,,,https://www.bing.com/search?q=Molten+official+company+sports,"Candidate identified - verify website, HQ, stage, and contacts before outreach",2026-08-06,Name/category curated for ecosystem mapping; blank fields intentionally require confirmation.
ST-0842,Molten Volleyball,Company / Brand / Platform,"Sports Equipment, Apparel & D2C",Sports Equipment,Global / verify,"Sports equipment, apparel, footwear, accessories, or direct-to-consumer brand.",Brand Partnership / Customer,50,Longlist,Potential,"Brand matching, athlete discovery, sponsorship intelligence, and campaign measurement.",,,,https://www.bing.com/search?q=Molten+Volleyball+official+company+sports,"Candidate identified - verify website, HQ, stage, and contacts before outreach",2026-08-06,Name/category curated for ecosystem mapping; blank fields intentionally require confirmation.
ST-0843,Moonwalkr,Company / Brand / Platform,"Sports Equipment, Apparel & D2C",Sports Equipment,Global / verify,"Sports equipment, apparel, footwear, accessories, or direct-to-consumer brand.",Brand Partnership / Customer,50,Longlist,Potential,"Brand matching, athlete discovery, sponsorship intelligence, and campaign measurement.",,,,https://www.bing.com/search?q=Moonwalkr+official+company+sports,"Candidate identified - verify website, HQ, stage, and contacts before outreach",2026-08-06,Name/category curated for ecosystem mapping; blank fields intentionally require confirmation.
ST-0844,MRF Sports Goods,Company / Brand / Platform,"Sports Equipment, Apparel & D2C",Sports Equipment,Global / verify,"Sports equipment, apparel, footwear, accessories, or direct-to-consumer brand.",Brand Partnership / Customer,50,Longlist,Potential,"Brand matching, athlete discovery, sponsorship intelligence, and campaign measurement.",,,,https://www.bing.com/search?q=MRF+Sports+Goods+official+company+sports,"Candidate identified - verify website, HQ, stage, and contacts before outreach",2026-08-06,Name/category curated for ecosystem mapping; blank fields intentionally require confirmation.
ST-0845,New Balance,Company / Brand / Platform,"Sports Equipment, Apparel & D2C",Sports Equipment,Global / verify,"Sports equipment, apparel, footwear, accessories, or direct-to-consumer brand.",Brand Partnership / Customer,50,Longlist,Potential,"Brand matching, athlete discovery, sponsorship intelligence, and campaign measurement.",,,,https://www.bing.com/search?q=New+Balance+official+company+sports,"Candidate identified - verify website, HQ, stage, and contacts before outreach",2026-08-06,Name/category curated for ecosystem mapping; blank fields intentionally require confirmation.
ST-0846,New Balance Cricket,Company / Brand / Platform,"Sports Equipment, Apparel & D2C",Sports Equipment,Global / verify,"Sports equipment, apparel, footwear, accessories, or direct-to-consumer brand.",Brand Partnership / Customer,50,Longlist,Potential,"Brand matching, athlete discovery, sponsorship intelligence, and campaign measurement.",,,,https://www.bing.com/search?q=New+Balance+Cricket+official+company+sports,"Candidate identified - verify website, HQ, stage, and contacts before outreach",2026-08-06,Name/category curated for ecosystem mapping; blank fields intentionally require confirmation.
ST-0847,Nike,Company / Brand / Platform,"Sports Equipment, Apparel & D2C",Sports Equipment,Global / verify,"Sports equipment, apparel, footwear, accessories, or direct-to-consumer brand.",Brand Partnership / Customer,50,Longlist,Potential,"Brand matching, athlete discovery, sponsorship intelligence, and campaign measurement.",,,,https://www.bing.com/search?q=Nike+official+company+sports,"Candidate identified - verify website, HQ, stage, and contacts before outreach",2026-08-06,Name/category curated for ecosystem mapping; blank fields intentionally require confirmation.
ST-0848,Nike Basketball,Company / Brand / Platform,"Sports Equipment, Apparel & D2C",Sports Equipment,Global / verify,"Sports equipment, apparel, footwear, accessories, or direct-to-consumer brand.",Brand Partnership / Customer,50,Longlist,Potential,"Brand matching, athlete discovery, sponsorship intelligence, and campaign measurement.",,,,https://www.bing.com/search?q=Nike+Basketball+official+company+sports,"Candidate identified - verify website, HQ, stage, and contacts before outreach",2026-08-06,Name/category curated for ecosystem mapping; blank fields intentionally require confirmation.
ST-0849,Nittaku,Company / Brand / Platform,"Sports Equipment, Apparel & D2C",Sports Equipment,Global / verify,"Sports equipment, apparel, footwear, accessories, or direct-to-consumer brand.",Brand Partnership / Customer,50,Longlist,Potential,"Brand matching, athlete discovery, sponsorship intelligence, and campaign measurement.",,,,https://www.bing.com/search?q=Nittaku+official+company+sports,"Candidate identified - verify website, HQ, stage, and contacts before outreach",2026-08-06,Name/category curated for ecosystem mapping; blank fields intentionally require confirmation.
ST-0850,Nivia,Company / Brand / Platform,"Sports Equipment, Apparel & D2C",Sports Equipment,Global / verify,"Sports equipment, apparel, footwear, accessories, or direct-to-consumer brand.",Brand Partnership / Customer,50,Longlist,Potential,"Brand matching, athlete discovery, sponsorship intelligence, and campaign measurement.",,,,https://www.bing.com/search?q=Nivia+official+company+sports,"Candidate identified - verify website, HQ, stage, and contacts before outreach",2026-08-06,Name/category curated for ecosystem mapping; blank fields intentionally require confirmation.
ST-0851,Nivia Volleyball,Company / Brand / Platform,"Sports Equipment, Apparel & D2C",Sports Equipment,Global / verify,"Sports equipment, apparel, footwear, accessories, or direct-to-consumer brand.",Brand Partnership / Customer,50,Longlist,Potential,"Brand matching, athlete discovery, sponsorship intelligence, and campaign measurement.",,,,https://www.bing.com/search?q=Nivia+Volleyball+official+company+sports,"Candidate identified - verify website, HQ, stage, and contacts before outreach",2026-08-06,Name/category curated for ecosystem mapping; blank fields intentionally require confirmation.
ST-0852,On,Company / Brand / Platform,"Sports Equipment, Apparel & D2C",Sports Equipment,Global / verify,"Sports equipment, apparel, footwear, accessories, or direct-to-consumer brand.",Brand Partnership / Customer,50,Longlist,Potential,"Brand matching, athlete discovery, sponsorship intelligence, and campaign measurement.",,,,https://www.bing.com/search?q=On+official+company+sports,"Candidate identified - verify website, HQ, stage, and contacts before outreach",2026-08-06,Name/category curated for ecosystem mapping; blank fields intentionally require confirmation.
ST-0853,Orca,Company / Brand / Platform,"Sports Equipment, Apparel & D2C",Sports Equipment,Global / verify,"Sports equipment, apparel, footwear, accessories, or direct-to-consumer brand.",Brand Partnership / Customer,50,Longlist,Potential,"Brand matching, athlete discovery, sponsorship intelligence, and campaign measurement.",,,,https://www.bing.com/search?q=Orca+official+company+sports,"Candidate identified - verify website, HQ, stage, and contacts before outreach",2026-08-06,Name/category curated for ecosystem mapping; blank fields intentionally require confirmation.
ST-0854,Osaka Hockey,Company / Brand / Platform,"Sports Equipment, Apparel & D2C",Sports Equipment,Global / verify,"Sports equipment, apparel, footwear, accessories, or direct-to-consumer brand.",Brand Partnership / Customer,50,Longlist,Potential,"Brand matching, athlete discovery, sponsorship intelligence, and campaign measurement.",,,,https://www.bing.com/search?q=Osaka+Hockey+official+company+sports,"Candidate identified - verify website, HQ, stage, and contacts before outreach",2026-08-06,Name/category curated for ecosystem mapping; blank fields intentionally require confirmation.
ST-0855,Outdoor Voices,Company / Brand / Platform,"Sports Equipment, Apparel & D2C",Sports Equipment,Global / verify,"Sports equipment, apparel, footwear, accessories, or direct-to-consumer brand.",Brand Partnership / Customer,50,Longlist,Potential,"Brand matching, athlete discovery, sponsorship intelligence, and campaign measurement.",,,,https://www.bing.com/search?q=Outdoor+Voices+official+company+sports,"Candidate identified - verify website, HQ, stage, and contacts before outreach",2026-08-06,Name/category curated for ecosystem mapping; blank fields intentionally require confirmation.
ST-0856,Peak Sport,Company / Brand / Platform,"Sports Equipment, Apparel & D2C",Sports Equipment,Global / verify,"Sports equipment, apparel, footwear, accessories, or direct-to-consumer brand.",Brand Partnership / Customer,50,Longlist,Potential,"Brand matching, athlete discovery, sponsorship intelligence, and campaign measurement.",,,,https://www.bing.com/search?q=Peak+Sport+official+company+sports,"Candidate identified - verify website, HQ, stage, and contacts before outreach",2026-08-06,Name/category curated for ecosystem mapping; blank fields intentionally require confirmation.
ST-0857,Pelican Sport,Company / Brand / Platform,"Sports Equipment, Apparel & D2C",Sports Equipment,Global / verify,"Sports equipment, apparel, footwear, accessories, or direct-to-consumer brand.",Brand Partnership / Customer,50,Longlist,Potential,"Brand matching, athlete discovery, sponsorship intelligence, and campaign measurement.",,,,https://www.bing.com/search?q=Pelican+Sport+official+company+sports,"Candidate identified - verify website, HQ, stage, and contacts before outreach",2026-08-06,Name/category curated for ecosystem mapping; blank fields intentionally require confirmation.
ST-0858,Ping,Company / Brand / Platform,"Sports Equipment, Apparel & D2C",Sports Equipment,Global / verify,"Sports equipment, apparel, footwear, accessories, or direct-to-consumer brand.",Brand Partnership / Customer,50,Longlist,Potential,"Brand matching, athlete discovery, sponsorship intelligence, and campaign measurement.",,,,https://www.bing.com/search?q=Ping+official+company+sports,"Candidate identified - verify website, HQ, stage, and contacts before outreach",2026-08-06,Name/category curated for ecosystem mapping; blank fields intentionally require confirmation.
ST-0859,Prince,Company / Brand / Platform,"Sports Equipment, Apparel & D2C",Sports Equipment,Global / verify,"Sports equipment, apparel, footwear, accessories, or direct-to-consumer brand.",Brand Partnership / Customer,50,Longlist,Potential,"Brand matching, athlete discovery, sponsorship intelligence, and campaign measurement.",,,,https://www.bing.com/search?q=Prince+official+company+sports,"Candidate identified - verify website, HQ, stage, and contacts before outreach",2026-08-06,Name/category curated for ecosystem mapping; blank fields intentionally require confirmation.
ST-0860,Pro:Direct Sport,Company / Brand / Platform,"Sports Equipment, Apparel & D2C",Sports Equipment,Global / verify,"Sports equipment, apparel, footwear, accessories, or direct-to-consumer brand.",Brand Partnership / Customer,50,Longlist,Potential,"Brand matching, athlete discovery, sponsorship intelligence, and campaign measurement.",,,,https://www.bing.com/search?q=Pro%3ADirect+Sport+official+company+sports,"Candidate identified - verify website, HQ, stage, and contacts before outreach",2026-08-06,Name/category curated for ecosystem mapping; blank fields intentionally require confirmation.
ST-0861,Puma,Company / Brand / Platform,"Sports Equipment, Apparel & D2C",Sports Equipment,Global / verify,"Sports equipment, apparel, footwear, accessories, or direct-to-consumer brand.",Brand Partnership / Customer,50,Longlist,Potential,"Brand matching, athlete discovery, sponsorship intelligence, and campaign measurement.",,,,https://www.bing.com/search?q=Puma+official+company+sports,"Candidate identified - verify website, HQ, stage, and contacts before outreach",2026-08-06,Name/category curated for ecosystem mapping; blank fields intentionally require confirmation.
ST-0862,PXG,Company / Brand / Platform,"Sports Equipment, Apparel & D2C",Sports Equipment,Global / verify,"Sports equipment, apparel, footwear, accessories, or direct-to-consumer brand.",Brand Partnership / Customer,50,Longlist,Potential,"Brand matching, athlete discovery, sponsorship intelligence, and campaign measurement.",,,,https://www.bing.com/search?q=PXG+official+company+sports,"Candidate identified - verify website, HQ, stage, and contacts before outreach",2026-08-06,Name/category curated for ecosystem mapping; blank fields intentionally require confirmation.
ST-0863,Reebok,Company / Brand / Platform,"Sports Equipment, Apparel & D2C",Sports Equipment,Global / verify,"Sports equipment, apparel, footwear, accessories, or direct-to-consumer brand.",Brand Partnership / Customer,50,Longlist,Potential,"Brand matching, athlete discovery, sponsorship intelligence, and campaign measurement.",,,,https://www.bing.com/search?q=Reebok+official+company+sports,"Candidate identified - verify website, HQ, stage, and contacts before outreach",2026-08-06,Name/category curated for ecosystem mapping; blank fields intentionally require confirmation.
ST-0864,Rhone,Company / Brand / Platform,"Sports Equipment, Apparel & D2C",Sports Equipment,Global / verify,"Sports equipment, apparel, footwear, accessories, or direct-to-consumer brand.",Brand Partnership / Customer,50,Longlist,Potential,"Brand matching, athlete discovery, sponsorship intelligence, and campaign measurement.",,,,https://www.bing.com/search?q=Rhone+official+company+sports,"Candidate identified - verify website, HQ, stage, and contacts before outreach",2026-08-06,Name/category curated for ecosystem mapping; blank fields intentionally require confirmation.
ST-0865,Rigorer,Company / Brand / Platform,"Sports Equipment, Apparel & D2C",Sports Equipment,Global / verify,"Sports equipment, apparel, footwear, accessories, or direct-to-consumer brand.",Brand Partnership / Customer,50,Longlist,Potential,"Brand matching, athlete discovery, sponsorship intelligence, and campaign measurement.",,,,https://www.bing.com/search?q=Rigorer+official+company+sports,"Candidate identified - verify website, HQ, stage, and contacts before outreach",2026-08-06,Name/category curated for ecosystem mapping; blank fields intentionally require confirmation.
ST-0866,Ritual Hockey,Company / Brand / Platform,"Sports Equipment, Apparel & D2C",Sports Equipment,Global / verify,"Sports equipment, apparel, footwear, accessories, or direct-to-consumer brand.",Brand Partnership / Customer,50,Longlist,Potential,"Brand matching, athlete discovery, sponsorship intelligence, and campaign measurement.",,,,https://www.bing.com/search?q=Ritual+Hockey+official+company+sports,"Candidate identified - verify website, HQ, stage, and contacts before outreach",2026-08-06,Name/category curated for ecosystem mapping; blank fields intentionally require confirmation.
ST-0867,Running Warehouse,Company / Brand / Platform,"Sports Equipment, Apparel & D2C",Sports Equipment,Global / verify,"Sports equipment, apparel, footwear, accessories, or direct-to-consumer brand.",Brand Partnership / Customer,50,Longlist,Potential,"Brand matching, athlete discovery, sponsorship intelligence, and campaign measurement.",,,,https://www.bing.com/search?q=Running+Warehouse+official+company+sports,"Candidate identified - verify website, HQ, stage, and contacts before outreach",2026-08-06,Name/category curated for ecosystem mapping; blank fields intentionally require confirmation.
ST-0868,Salomon,Company / Brand / Platform,"Sports Equipment, Apparel & D2C",Sports Equipment,Global / verify,"Sports equipment, apparel, footwear, accessories, or direct-to-consumer brand.",Brand Partnership / Customer,50,Longlist,Potential,"Brand matching, athlete discovery, sponsorship intelligence, and campaign measurement.",,,,https://www.bing.com/search?q=Salomon+official+company+sports,"Candidate identified - verify website, HQ, stage, and contacts before outreach",2026-08-06,Name/category curated for ecosystem mapping; blank fields intentionally require confirmation.
ST-0869,Sanwei,Company / Brand / Platform,"Sports Equipment, Apparel & D2C",Sports Equipment,Global / verify,"Sports equipment, apparel, footwear, accessories, or direct-to-consumer brand.",Brand Partnership / Customer,50,Longlist,Potential,"Brand matching, athlete discovery, sponsorship intelligence, and campaign measurement.",,,,https://www.bing.com/search?q=Sanwei+official+company+sports,"Candidate identified - verify website, HQ, stage, and contacts before outreach",2026-08-06,Name/category curated for ecosystem mapping; blank fields intentionally require confirmation.
ST-0870,Saucony,Company / Brand / Platform,"Sports Equipment, Apparel & D2C",Sports Equipment,Global / verify,"Sports equipment, apparel, footwear, accessories, or direct-to-consumer brand.",Brand Partnership / Customer,50,Longlist,Potential,"Brand matching, athlete discovery, sponsorship intelligence, and campaign measurement.",,,,https://www.bing.com/search?q=Saucony+official+company+sports,"Candidate identified - verify website, HQ, stage, and contacts before outreach",2026-08-06,Name/category curated for ecosystem mapping; blank fields intentionally require confirmation.
ST-0871,SG Cricket,Company / Brand / Platform,"Sports Equipment, Apparel & D2C",Sports Equipment,India,"Sports equipment, apparel, footwear, accessories, or direct-to-consumer brand.",Brand Partnership / Customer,65,Medium,Potential,"Brand matching, athlete discovery, sponsorship intelligence, and campaign measurement.",,,,https://www.bing.com/search?q=SG+Cricket+official+company+sports,"Candidate identified - verify website, HQ, stage, and contacts before outreach",2026-08-06,Name/category curated for ecosystem mapping; blank fields intentionally require confirmation.
ST-0872,Shrey Sports,Company / Brand / Platform,"Sports Equipment, Apparel & D2C",Sports Equipment,Global / verify,"Sports equipment, apparel, footwear, accessories, or direct-to-consumer brand.",Brand Partnership / Customer,50,Longlist,Potential,"Brand matching, athlete discovery, sponsorship intelligence, and campaign measurement.",,,,https://www.bing.com/search?q=Shrey+Sports+official+company+sports,"Candidate identified - verify website, HQ, stage, and contacts before outreach",2026-08-06,Name/category curated for ecosystem mapping; blank fields intentionally require confirmation.
ST-0873,Skechers Performance,Company / Brand / Platform,"Sports Equipment, Apparel & D2C",Sports Equipment,Global / verify,"Sports equipment, apparel, footwear, accessories, or direct-to-consumer brand.",Brand Partnership / Customer,50,Longlist,Potential,"Brand matching, athlete discovery, sponsorship intelligence, and campaign measurement.",,,,https://www.bing.com/search?q=Skechers+Performance+official+company+sports,"Candidate identified - verify website, HQ, stage, and contacts before outreach",2026-08-06,Name/category curated for ecosystem mapping; blank fields intentionally require confirmation.
ST-0874,SKINS Compression,Company / Brand / Platform,"Sports Equipment, Apparel & D2C",Sports Equipment,Global / verify,"Sports equipment, apparel, footwear, accessories, or direct-to-consumer brand.",Brand Partnership / Customer,50,Longlist,Potential,"Brand matching, athlete discovery, sponsorship intelligence, and campaign measurement.",,,,https://www.bing.com/search?q=SKINS+Compression+official+company+sports,"Candidate identified - verify website, HQ, stage, and contacts before outreach",2026-08-06,Name/category curated for ecosystem mapping; blank fields intentionally require confirmation.
ST-0875,Solinco,Company / Brand / Platform,"Sports Equipment, Apparel & D2C",Sports Equipment,Global / verify,"Sports equipment, apparel, footwear, accessories, or direct-to-consumer brand.",Brand Partnership / Customer,50,Longlist,Potential,"Brand matching, athlete discovery, sponsorship intelligence, and campaign measurement.",,,,https://www.bing.com/search?q=Solinco+official+company+sports,"Candidate identified - verify website, HQ, stage, and contacts before outreach",2026-08-06,Name/category curated for ecosystem mapping; blank fields intentionally require confirmation.
ST-0876,Spalding,Company / Brand / Platform,"Sports Equipment, Apparel & D2C",Sports Equipment,Global / verify,"Sports equipment, apparel, footwear, accessories, or direct-to-consumer brand.",Brand Partnership / Customer,50,Longlist,Potential,"Brand matching, athlete discovery, sponsorship intelligence, and campaign measurement.",,,,https://www.bing.com/search?q=Spalding+official+company+sports,"Candidate identified - verify website, HQ, stage, and contacts before outreach",2026-08-06,Name/category curated for ecosystem mapping; blank fields intentionally require confirmation.
ST-0877,Spartan Sports,Company / Brand / Platform,"Sports Equipment, Apparel & D2C",Sports Equipment,Global / verify,"Sports equipment, apparel, footwear, accessories, or direct-to-consumer brand.",Brand Partnership / Customer,50,Longlist,Potential,"Brand matching, athlete discovery, sponsorship intelligence, and campaign measurement.",,,,https://www.bing.com/search?q=Spartan+Sports+official+company+sports,"Candidate identified - verify website, HQ, stage, and contacts before outreach",2026-08-06,Name/category curated for ecosystem mapping; blank fields intentionally require confirmation.
ST-0878,Speedo,Company / Brand / Platform,"Sports Equipment, Apparel & D2C",Sports Equipment,Global / verify,"Sports equipment, apparel, footwear, accessories, or direct-to-consumer brand.",Brand Partnership / Customer,50,Longlist,Potential,"Brand matching, athlete discovery, sponsorship intelligence, and campaign measurement.",,,,https://www.bing.com/search?q=Speedo+official+company+sports,"Candidate identified - verify website, HQ, stage, and contacts before outreach",2026-08-06,Name/category curated for ecosystem mapping; blank fields intentionally require confirmation.
ST-0879,Sports Direct,Company / Brand / Platform,"Sports Equipment, Apparel & D2C",Sports Equipment,Global / verify,"Sports equipment, apparel, footwear, accessories, or direct-to-consumer brand.",Brand Partnership / Customer,50,Longlist,Potential,"Brand matching, athlete discovery, sponsorship intelligence, and campaign measurement.",,,,https://www.bing.com/search?q=Sports+Direct+official+company+sports,"Candidate identified - verify website, HQ, stage, and contacts before outreach",2026-08-06,Name/category curated for ecosystem mapping; blank fields intentionally require confirmation.
ST-0880,Srixon,Company / Brand / Platform,"Sports Equipment, Apparel & D2C",Sports Equipment,Global / verify,"Sports equipment, apparel, footwear, accessories, or direct-to-consumer brand.",Brand Partnership / Customer,50,Longlist,Potential,"Brand matching, athlete discovery, sponsorship intelligence, and campaign measurement.",,,,https://www.bing.com/search?q=Srixon+official+company+sports,"Candidate identified - verify website, HQ, stage, and contacts before outreach",2026-08-06,Name/category curated for ecosystem mapping; blank fields intentionally require confirmation.
ST-0881,SS Cricket,Company / Brand / Platform,"Sports Equipment, Apparel & D2C",Sports Equipment,India,"Sports equipment, apparel, footwear, accessories, or direct-to-consumer brand.",Brand Partnership / Customer,65,Medium,Potential,"Brand matching, athlete discovery, sponsorship intelligence, and campaign measurement.",,,,https://www.bing.com/search?q=SS+Cricket+official+company+sports,"Candidate identified - verify website, HQ, stage, and contacts before outreach",2026-08-06,Name/category curated for ecosystem mapping; blank fields intentionally require confirmation.
ST-0882,Stanford Cricket,Company / Brand / Platform,"Sports Equipment, Apparel & D2C",Sports Equipment,Global / verify,"Sports equipment, apparel, footwear, accessories, or direct-to-consumer brand.",Brand Partnership / Customer,50,Longlist,Potential,"Brand matching, athlete discovery, sponsorship intelligence, and campaign measurement.",,,,https://www.bing.com/search?q=Stanford+Cricket+official+company+sports,"Candidate identified - verify website, HQ, stage, and contacts before outreach",2026-08-06,Name/category curated for ecosystem mapping; blank fields intentionally require confirmation.
ST-0883,Stiga,Company / Brand / Platform,"Sports Equipment, Apparel & D2C",Sports Equipment,Global / verify,"Sports equipment, apparel, footwear, accessories, or direct-to-consumer brand.",Brand Partnership / Customer,50,Longlist,Potential,"Brand matching, athlete discovery, sponsorship intelligence, and campaign measurement.",,,,https://www.bing.com/search?q=Stiga+official+company+sports,"Candidate identified - verify website, HQ, stage, and contacts before outreach",2026-08-06,Name/category curated for ecosystem mapping; blank fields intentionally require confirmation.
ST-0884,STX,Company / Brand / Platform,"Sports Equipment, Apparel & D2C",Sports Equipment,Global / verify,"Sports equipment, apparel, footwear, accessories, or direct-to-consumer brand.",Brand Partnership / Customer,50,Longlist,Potential,"Brand matching, athlete discovery, sponsorship intelligence, and campaign measurement.",,,,https://www.bing.com/search?q=STX+official+company+sports,"Candidate identified - verify website, HQ, stage, and contacts before outreach",2026-08-06,Name/category curated for ecosystem mapping; blank fields intentionally require confirmation.
ST-0885,T10 Sports,Company / Brand / Platform,"Sports Equipment, Apparel & D2C",Sports Equipment,India,"Sports equipment, apparel, footwear, accessories, or direct-to-consumer brand.",Brand Partnership / Customer,65,Medium,Potential,"Brand matching, athlete discovery, sponsorship intelligence, and campaign measurement.",,,,https://www.bing.com/search?q=T10+Sports+official+company+sports,"Candidate identified - verify website, HQ, stage, and contacts before outreach",2026-08-06,Name/category curated for ecosystem mapping; blank fields intentionally require confirmation.
ST-0886,Tachikara,Company / Brand / Platform,"Sports Equipment, Apparel & D2C",Sports Equipment,Global / verify,"Sports equipment, apparel, footwear, accessories, or direct-to-consumer brand.",Brand Partnership / Customer,50,Longlist,Potential,"Brand matching, athlete discovery, sponsorship intelligence, and campaign measurement.",,,,https://www.bing.com/search?q=Tachikara+official+company+sports,"Candidate identified - verify website, HQ, stage, and contacts before outreach",2026-08-06,Name/category curated for ecosystem mapping; blank fields intentionally require confirmation.
ST-0887,TaylorMade,Company / Brand / Platform,"Sports Equipment, Apparel & D2C",Sports Equipment,Global / verify,"Sports equipment, apparel, footwear, accessories, or direct-to-consumer brand.",Brand Partnership / Customer,50,Longlist,Potential,"Brand matching, athlete discovery, sponsorship intelligence, and campaign measurement.",,,,https://www.bing.com/search?q=TaylorMade+official+company+sports,"Candidate identified - verify website, HQ, stage, and contacts before outreach",2026-08-06,Name/category curated for ecosystem mapping; blank fields intentionally require confirmation.
ST-0888,Tecnifibre,Company / Brand / Platform,"Sports Equipment, Apparel & D2C",Sports Equipment,Global / verify,"Sports equipment, apparel, footwear, accessories, or direct-to-consumer brand.",Brand Partnership / Customer,50,Longlist,Potential,"Brand matching, athlete discovery, sponsorship intelligence, and campaign measurement.",,,,https://www.bing.com/search?q=Tecnifibre+official+company+sports,"Candidate identified - verify website, HQ, stage, and contacts before outreach",2026-08-06,Name/category curated for ecosystem mapping; blank fields intentionally require confirmation.
ST-0889,Ten Thousand,Company / Brand / Platform,"Sports Equipment, Apparel & D2C",Sports Equipment,Global / verify,"Sports equipment, apparel, footwear, accessories, or direct-to-consumer brand.",Brand Partnership / Customer,50,Longlist,Potential,"Brand matching, athlete discovery, sponsorship intelligence, and campaign measurement.",,,,https://www.bing.com/search?q=Ten+Thousand+official+company+sports,"Candidate identified - verify website, HQ, stage, and contacts before outreach",2026-08-06,Name/category curated for ecosystem mapping; blank fields intentionally require confirmation.
ST-0890,Tennis-Point,Company / Brand / Platform,"Sports Equipment, Apparel & D2C",Sports Equipment,Global / verify,"Sports equipment, apparel, footwear, accessories, or direct-to-consumer brand.",Brand Partnership / Customer,50,Longlist,Potential,"Brand matching, athlete discovery, sponsorship intelligence, and campaign measurement.",,,,https://www.bing.com/search?q=Tennis-Point+official+company+sports,"Candidate identified - verify website, HQ, stage, and contacts before outreach",2026-08-06,Name/category curated for ecosystem mapping; blank fields intentionally require confirmation.
ST-0891,Tibhar,Company / Brand / Platform,"Sports Equipment, Apparel & D2C",Sports Equipment,Global / verify,"Sports equipment, apparel, footwear, accessories, or direct-to-consumer brand.",Brand Partnership / Customer,50,Longlist,Potential,"Brand matching, athlete discovery, sponsorship intelligence, and campaign measurement.",,,,https://www.bing.com/search?q=Tibhar+official+company+sports,"Candidate identified - verify website, HQ, stage, and contacts before outreach",2026-08-06,Name/category curated for ecosystem mapping; blank fields intentionally require confirmation.
ST-0892,Titleist,Company / Brand / Platform,"Sports Equipment, Apparel & D2C",Sports Equipment,Global / verify,"Sports equipment, apparel, footwear, accessories, or direct-to-consumer brand.",Brand Partnership / Customer,50,Longlist,Potential,"Brand matching, athlete discovery, sponsorship intelligence, and campaign measurement.",,,,https://www.bing.com/search?q=Titleist+official+company+sports,"Candidate identified - verify website, HQ, stage, and contacts before outreach",2026-08-06,Name/category curated for ecosystem mapping; blank fields intentionally require confirmation.
ST-0893,TK Hockey,Company / Brand / Platform,"Sports Equipment, Apparel & D2C",Sports Equipment,Global / verify,"Sports equipment, apparel, footwear, accessories, or direct-to-consumer brand.",Brand Partnership / Customer,50,Longlist,Potential,"Brand matching, athlete discovery, sponsorship intelligence, and campaign measurement.",,,,https://www.bing.com/search?q=TK+Hockey+official+company+sports,"Candidate identified - verify website, HQ, stage, and contacts before outreach",2026-08-06,Name/category curated for ecosystem mapping; blank fields intentionally require confirmation.
ST-0894,Tracksmith,Company / Brand / Platform,"Sports Equipment, Apparel & D2C",Sports Equipment,Global / verify,"Sports equipment, apparel, footwear, accessories, or direct-to-consumer brand.",Brand Partnership / Customer,50,Longlist,Potential,"Brand matching, athlete discovery, sponsorship intelligence, and campaign measurement.",,,,https://www.bing.com/search?q=Tracksmith+official+company+sports,"Candidate identified - verify website, HQ, stage, and contacts before outreach",2026-08-06,Name/category curated for ecosystem mapping; blank fields intentionally require confirmation.
ST-0895,TRUE Hockey,Company / Brand / Platform,"Sports Equipment, Apparel & D2C",Sports Equipment,Global / verify,"Sports equipment, apparel, footwear, accessories, or direct-to-consumer brand.",Brand Partnership / Customer,50,Longlist,Potential,"Brand matching, athlete discovery, sponsorship intelligence, and campaign measurement.",,,,https://www.bing.com/search?q=TRUE+Hockey+official+company+sports,"Candidate identified - verify website, HQ, stage, and contacts before outreach",2026-08-06,Name/category curated for ecosystem mapping; blank fields intentionally require confirmation.
ST-0896,Tyka,Company / Brand / Platform,"Sports Equipment, Apparel & D2C",Sports Equipment,India,"Sports equipment, apparel, footwear, accessories, or direct-to-consumer brand.",Brand Partnership / Customer,65,Medium,Potential,"Brand matching, athlete discovery, sponsorship intelligence, and campaign measurement.",,,,https://www.bing.com/search?q=Tyka+official+company+sports,"Candidate identified - verify website, HQ, stage, and contacts before outreach",2026-08-06,Name/category curated for ecosystem mapping; blank fields intentionally require confirmation.
ST-0897,TYR,Company / Brand / Platform,"Sports Equipment, Apparel & D2C",Sports Equipment,Global / verify,"Sports equipment, apparel, footwear, accessories, or direct-to-consumer brand.",Brand Partnership / Customer,50,Longlist,Potential,"Brand matching, athlete discovery, sponsorship intelligence, and campaign measurement.",,,,https://www.bing.com/search?q=TYR+official+company+sports,"Candidate identified - verify website, HQ, stage, and contacts before outreach",2026-08-06,Name/category curated for ecosystem mapping; blank fields intentionally require confirmation.
ST-0898,Under Armour,Company / Brand / Platform,"Sports Equipment, Apparel & D2C",Sports Equipment,Global / verify,"Sports equipment, apparel, footwear, accessories, or direct-to-consumer brand.",Brand Partnership / Customer,50,Longlist,Potential,"Brand matching, athlete discovery, sponsorship intelligence, and campaign measurement.",,,,https://www.bing.com/search?q=Under+Armour+official+company+sports,"Candidate identified - verify website, HQ, stage, and contacts before outreach",2026-08-06,Name/category curated for ecosystem mapping; blank fields intentionally require confirmation.
ST-0899,Vector X,Company / Brand / Platform,"Sports Equipment, Apparel & D2C",Sports Equipment,India,"Sports equipment, apparel, footwear, accessories, or direct-to-consumer brand.",Brand Partnership / Customer,65,Medium,Potential,"Brand matching, athlete discovery, sponsorship intelligence, and campaign measurement.",,,,https://www.bing.com/search?q=Vector+X+official+company+sports,"Candidate identified - verify website, HQ, stage, and contacts before outreach",2026-08-06,Name/category curated for ecosystem mapping; blank fields intentionally require confirmation.
ST-0900,Victor,Company / Brand / Platform,"Sports Equipment, Apparel & D2C",Sports Equipment,Global / verify,"Sports equipment, apparel, footwear, accessories, or direct-to-consumer brand.",Brand Partnership / Customer,50,Longlist,Potential,"Brand matching, athlete discovery, sponsorship intelligence, and campaign measurement.",,,,https://www.bing.com/search?q=Victor+official+company+sports,"Candidate identified - verify website, HQ, stage, and contacts before outreach",2026-08-06,Name/category curated for ecosystem mapping; blank fields intentionally require confirmation.
ST-0901,Vuori,Company / Brand / Platform,"Sports Equipment, Apparel & D2C",Sports Equipment,Global / verify,"Sports equipment, apparel, footwear, accessories, or direct-to-consumer brand.",Brand Partnership / Customer,50,Longlist,Potential,"Brand matching, athlete discovery, sponsorship intelligence, and campaign measurement.",,,,https://www.bing.com/search?q=Vuori+official+company+sports,"Candidate identified - verify website, HQ, stage, and contacts before outreach",2026-08-06,Name/category curated for ecosystem mapping; blank fields intentionally require confirmation.
ST-0902,Warrior Sports,Company / Brand / Platform,"Sports Equipment, Apparel & D2C",Sports Equipment,Global / verify,"Sports equipment, apparel, footwear, accessories, or direct-to-consumer brand.",Brand Partnership / Customer,50,Longlist,Potential,"Brand matching, athlete discovery, sponsorship intelligence, and campaign measurement.",,,,https://www.bing.com/search?q=Warrior+Sports+official+company+sports,"Candidate identified - verify website, HQ, stage, and contacts before outreach",2026-08-06,Name/category curated for ecosystem mapping; blank fields intentionally require confirmation.
ST-0903,Wilson,Company / Brand / Platform,"Sports Equipment, Apparel & D2C",Sports Equipment,Global / verify,"Sports equipment, apparel, footwear, accessories, or direct-to-consumer brand.",Brand Partnership / Customer,50,Longlist,Potential,"Brand matching, athlete discovery, sponsorship intelligence, and campaign measurement.",,,,https://www.bing.com/search?q=Wilson+official+company+sports,"Candidate identified - verify website, HQ, stage, and contacts before outreach",2026-08-06,Name/category curated for ecosystem mapping; blank fields intentionally require confirmation.
ST-0904,Wilson Basketball,Company / Brand / Platform,"Sports Equipment, Apparel & D2C",Sports Equipment,Global / verify,"Sports equipment, apparel, footwear, accessories, or direct-to-consumer brand.",Brand Partnership / Customer,50,Longlist,Potential,"Brand matching, athlete discovery, sponsorship intelligence, and campaign measurement.",,,,https://www.bing.com/search?q=Wilson+Basketball+official+company+sports,"Candidate identified - verify website, HQ, stage, and contacts before outreach",2026-08-06,Name/category curated for ecosystem mapping; blank fields intentionally require confirmation.
ST-0905,Yasaka,Company / Brand / Platform,"Sports Equipment, Apparel & D2C",Sports Equipment,Global / verify,"Sports equipment, apparel, footwear, accessories, or direct-to-consumer brand.",Brand Partnership / Customer,50,Longlist,Potential,"Brand matching, athlete discovery, sponsorship intelligence, and campaign measurement.",,,,https://www.bing.com/search?q=Yasaka+official+company+sports,"Candidate identified - verify website, HQ, stage, and contacts before outreach",2026-08-06,Name/category curated for ecosystem mapping; blank fields intentionally require confirmation.
ST-0906,Yonex,Company / Brand / Platform,"Sports Equipment, Apparel & D2C",Sports Equipment,Global / verify,"Sports equipment, apparel, footwear, accessories, or direct-to-consumer brand.",Brand Partnership / Customer,50,Longlist,Potential,"Brand matching, athlete discovery, sponsorship intelligence, and campaign measurement.",,,,https://www.bing.com/search?q=Yonex+official+company+sports,"Candidate identified - verify website, HQ, stage, and contacts before outreach",2026-08-06,Name/category curated for ecosystem mapping; blank fields intentionally require confirmation.
ST-0907,Zone3,Company / Brand / Platform,"Sports Equipment, Apparel & D2C",Sports Equipment,Global / verify,"Sports equipment, apparel, footwear, accessories, or direct-to-consumer brand.",Brand Partnership / Customer,50,Longlist,Potential,"Brand matching, athlete discovery, sponsorship intelligence, and campaign measurement.",,,,https://www.bing.com/search?q=Zone3+official+company+sports,"Candidate identified - verify website, HQ, stage, and contacts before outreach",2026-08-06,Name/category curated for ecosystem mapping; blank fields intentionally require confirmation.
ST-0908,100X.VC,Investor / Accelerator,Sports Investors & Accelerators,Investor / Accelerator,Global / verify,"Investor, accelerator, venture platform, or strategic capital provider relevant to sports.",Investor Target,50,Longlist,Potential,"Fundraising, introductions, market access, and strategic support.",,,,https://www.bing.com/search?q=100X.VC+official+company+sports,"Candidate identified - verify website, HQ, stage, and contacts before outreach",2026-08-06,Name/category curated for ecosystem mapping; blank fields intentionally require confirmation.
ST-0909,3one4 Capital,Investor / Accelerator,Sports Investors & Accelerators,Investor / Accelerator,Global / verify,"Investor, accelerator, venture platform, or strategic capital provider relevant to sports.",Investor Target,50,Longlist,Potential,"Fundraising, introductions, market access, and strategic support.",,,,https://www.bing.com/search?q=3one4+Capital+official+company+sports,"Candidate identified - verify website, HQ, stage, and contacts before outreach",2026-08-06,Name/category curated for ecosystem mapping; blank fields intentionally require confirmation.
ST-0910,500 Global MENA,Investor / Accelerator,Sports Investors & Accelerators,Investor / Accelerator,Global / verify,"Investor, accelerator, venture platform, or strategic capital provider relevant to sports.",Investor Target,50,Longlist,Potential,"Fundraising, introductions, market access, and strategic support.",,,,https://www.bing.com/search?q=500+Global+MENA+official+company+sports,"Candidate identified - verify website, HQ, stage, and contacts before outreach",2026-08-06,Name/category curated for ecosystem mapping; blank fields intentionally require confirmation.
ST-0911,Accel,Investor / Accelerator,Sports Investors & Accelerators,Investor / Accelerator,Global / verify,"Investor, accelerator, venture platform, or strategic capital provider relevant to sports.",Investor Target,50,Longlist,Potential,"Fundraising, introductions, market access, and strategic support.",,,,https://www.bing.com/search?q=Accel+official+company+sports,"Candidate identified - verify website, HQ, stage, and contacts before outreach",2026-08-06,Name/category curated for ecosystem mapping; blank fields intentionally require confirmation.
ST-0912,Accel India,Investor / Accelerator,Sports Investors & Accelerators,Investor / Accelerator,Global / verify,"Investor, accelerator, venture platform, or strategic capital provider relevant to sports.",Investor Target,50,Longlist,Potential,"Fundraising, introductions, market access, and strategic support.",,,,https://www.bing.com/search?q=Accel+India+official+company+sports,"Candidate identified - verify website, HQ, stage, and contacts before outreach",2026-08-06,Name/category curated for ecosystem mapping; blank fields intentionally require confirmation.
ST-0913,Aditya Birla Ventures,Investor / Accelerator,Sports Investors & Accelerators,Investor / Accelerator,Global / verify,"Investor, accelerator, venture platform, or strategic capital provider relevant to sports.",Investor Target,50,Longlist,Potential,"Fundraising, introductions, market access, and strategic support.",,,,https://www.bing.com/search?q=Aditya+Birla+Ventures+official+company+sports,"Candidate identified - verify website, HQ, stage, and contacts before outreach",2026-08-06,Name/category curated for ecosystem mapping; blank fields intentionally require confirmation.
ST-0914,ADQ,Investor / Accelerator,Sports Investors & Accelerators,Investor / Accelerator,United Arab Emirates / MENA,"Investor, accelerator, venture platform, or strategic capital provider relevant to sports.",Investor Target,65,Medium,Potential,"Fundraising, introductions, market access, and strategic support.",,,,https://www.bing.com/search?q=ADQ+official+company+sports,"Candidate identified - verify website, HQ, stage, and contacts before outreach",2026-08-06,Name/category curated for ecosystem mapping; blank fields intentionally require confirmation.
ST-0915,Advancit Capital,Investor / Accelerator,Sports Investors & Accelerators,Investor / Accelerator,Global / verify,"Investor, accelerator, venture platform, or strategic capital provider relevant to sports.",Investor Target,50,Longlist,Potential,"Fundraising, introductions, market access, and strategic support.",,,,https://www.bing.com/search?q=Advancit+Capital+official+company+sports,"Candidate identified - verify website, HQ, stage, and contacts before outreach",2026-08-06,Name/category curated for ecosystem mapping; blank fields intentionally require confirmation.
ST-0916,ADvantage Sports Tech Fund,Investor / Accelerator,Sports Investors & Accelerators,Investor / Accelerator,Global / verify,"Investor, accelerator, venture platform, or strategic capital provider relevant to sports.",Investor Target,50,Longlist,Potential,"Fundraising, introductions, market access, and strategic support.",,,,https://www.bing.com/search?q=ADvantage+Sports+Tech+Fund+official+company+sports,"Candidate identified - verify website, HQ, stage, and contacts before outreach",2026-08-06,Name/category curated for ecosystem mapping; blank fields intentionally require confirmation.
ST-0917,Alibaba Entrepreneurs Fund,Investor / Accelerator,Sports Investors & Accelerators,Investor / Accelerator,Global / verify,"Investor, accelerator, venture platform, or strategic capital provider relevant to sports.",Investor Target,50,Longlist,Potential,"Fundraising, introductions, market access, and strategic support.",,,,https://www.bing.com/search?q=Alibaba+Entrepreneurs+Fund+official+company+sports,"Candidate identified - verify website, HQ, stage, and contacts before outreach",2026-08-06,Name/category curated for ecosystem mapping; blank fields intentionally require confirmation.
ST-0918,Amazon Alexa Fund,Investor / Accelerator,Sports Investors & Accelerators,Investor / Accelerator,Global / verify,"Investor, accelerator, venture platform, or strategic capital provider relevant to sports.",Investor Target,50,Longlist,Potential,"Fundraising, introductions, market access, and strategic support.",,,,https://www.bing.com/search?q=Amazon+Alexa+Fund+official+company+sports,"Candidate identified - verify website, HQ, stage, and contacts before outreach",2026-08-06,Name/category curated for ecosystem mapping; blank fields intentionally require confirmation.
ST-0919,Andreessen Horowitz,Investor / Accelerator,Sports Investors & Accelerators,Investor / Accelerator,Global / verify,"Investor, accelerator, venture platform, or strategic capital provider relevant to sports.",Investor Target,50,Longlist,Potential,"Fundraising, introductions, market access, and strategic support.",,,,https://www.bing.com/search?q=Andreessen+Horowitz+official+company+sports,"Candidate identified - verify website, HQ, stage, and contacts before outreach",2026-08-06,Name/category curated for ecosystem mapping; blank fields intentionally require confirmation.
ST-0920,Antler,Investor / Accelerator,Sports Investors & Accelerators,Investor / Accelerator,Global / verify,"Investor, accelerator, venture platform, or strategic capital provider relevant to sports.",Investor Target,50,Longlist,Potential,"Fundraising, introductions, market access, and strategic support.",,,,https://www.bing.com/search?q=Antler+official+company+sports,"Candidate identified - verify website, HQ, stage, and contacts before outreach",2026-08-06,Name/category curated for ecosystem mapping; blank fields intentionally require confirmation.
ST-0921,Apex Capital,Investor / Accelerator,Sports Investors & Accelerators,Investor / Accelerator,Global / verify,"Investor, accelerator, venture platform, or strategic capital provider relevant to sports.",Investor Target,50,Longlist,Potential,"Fundraising, introductions, market access, and strategic support.",,,,https://www.bing.com/search?q=Apex+Capital+official+company+sports,"Candidate identified - verify website, HQ, stage, and contacts before outreach",2026-08-06,Name/category curated for ecosystem mapping; blank fields intentionally require confirmation.
ST-0922,Apollo Global Management,Investor / Accelerator,Sports Investors & Accelerators,Investor / Accelerator,Global / verify,"Investor, accelerator, venture platform, or strategic capital provider relevant to sports.",Investor Target,50,Longlist,Potential,"Fundraising, introductions, market access, and strategic support.",,,,https://www.bing.com/search?q=Apollo+Global+Management+official+company+sports,"Candidate identified - verify website, HQ, stage, and contacts before outreach",2026-08-06,Name/category curated for ecosystem mapping; blank fields intentionally require confirmation.
ST-0923,Arctos Partners,Investor / Accelerator,Sports Investors & Accelerators,Investor / Accelerator,Global / verify,"Investor, accelerator, venture platform, or strategic capital provider relevant to sports.",Investor Target,50,Longlist,Potential,"Fundraising, introductions, market access, and strategic support.",,,,https://www.bing.com/search?q=Arctos+Partners+official+company+sports,"Candidate identified - verify website, HQ, stage, and contacts before outreach",2026-08-06,Name/category curated for ecosystem mapping; blank fields intentionally require confirmation.
ST-0924,Ares Management,Investor / Accelerator,Sports Investors & Accelerators,Investor / Accelerator,Global / verify,"Investor, accelerator, venture platform, or strategic capital provider relevant to sports.",Investor Target,50,Longlist,Potential,"Fundraising, introductions, market access, and strategic support.",,,,https://www.bing.com/search?q=Ares+Management+official+company+sports,"Candidate identified - verify website, HQ, stage, and contacts before outreach",2026-08-06,Name/category curated for ecosystem mapping; blank fields intentionally require confirmation.
ST-0925,Ares Sports Media & Entertainment,Investor / Accelerator,Sports Investors & Accelerators,Investor / Accelerator,Global / verify,"Investor, accelerator, venture platform, or strategic capital provider relevant to sports.",Investor Target,50,Longlist,Potential,"Fundraising, introductions, market access, and strategic support.",,,,https://www.bing.com/search?q=Ares+Sports+Media+%26+Entertainment+official+company+sports,"Candidate identified - verify website, HQ, stage, and contacts before outreach",2026-08-06,Name/category curated for ecosystem mapping; blank fields intentionally require confirmation.
ST-0926,Atomico,Investor / Accelerator,Sports Investors & Accelerators,Investor / Accelerator,Global / verify,"Investor, accelerator, venture platform, or strategic capital provider relevant to sports.",Investor Target,50,Longlist,Potential,"Fundraising, introductions, market access, and strategic support.",,,,https://www.bing.com/search?q=Atomico+official+company+sports,"Candidate identified - verify website, HQ, stage, and contacts before outreach",2026-08-06,Name/category curated for ecosystem mapping; blank fields intentionally require confirmation.
ST-0927,Bain Capital,Investor / Accelerator,Sports Investors & Accelerators,Investor / Accelerator,Global / verify,"Investor, accelerator, venture platform, or strategic capital provider relevant to sports.",Investor Target,50,Longlist,Potential,"Fundraising, introductions, market access, and strategic support.",,,,https://www.bing.com/search?q=Bain+Capital+official+company+sports,"Candidate identified - verify website, HQ, stage, and contacts before outreach",2026-08-06,Name/category curated for ecosystem mapping; blank fields intentionally require confirmation.
ST-0928,Balderton Capital,Investor / Accelerator,Sports Investors & Accelerators,Investor / Accelerator,Global / verify,"Investor, accelerator, venture platform, or strategic capital provider relevant to sports.",Investor Target,50,Longlist,Potential,"Fundraising, introductions, market access, and strategic support.",,,,https://www.bing.com/search?q=Balderton+Capital+official+company+sports,"Candidate identified - verify website, HQ, stage, and contacts before outreach",2026-08-06,Name/category curated for ecosystem mapping; blank fields intentionally require confirmation.
ST-0929,BECO Capital,Investor / Accelerator,Sports Investors & Accelerators,Investor / Accelerator,United Arab Emirates / MENA,"Investor, accelerator, venture platform, or strategic capital provider relevant to sports.",Investor Target,65,Medium,Potential,"Fundraising, introductions, market access, and strategic support.",,,,https://www.bing.com/search?q=BECO+Capital+official+company+sports,"Candidate identified - verify website, HQ, stage, and contacts before outreach",2026-08-06,Name/category curated for ecosystem mapping; blank fields intentionally require confirmation.
ST-0930,Bessemer Venture Partners,Investor / Accelerator,Sports Investors & Accelerators,Investor / Accelerator,Global / verify,"Investor, accelerator, venture platform, or strategic capital provider relevant to sports.",Investor Target,50,Longlist,Potential,"Fundraising, introductions, market access, and strategic support.",,,,https://www.bing.com/search?q=Bessemer+Venture+Partners+official+company+sports,"Candidate identified - verify website, HQ, stage, and contacts before outreach",2026-08-06,Name/category curated for ecosystem mapping; blank fields intentionally require confirmation.
ST-0931,Better Capital,Investor / Accelerator,Sports Investors & Accelerators,Investor / Accelerator,Global / verify,"Investor, accelerator, venture platform, or strategic capital provider relevant to sports.",Investor Target,50,Longlist,Potential,"Fundraising, introductions, market access, and strategic support.",,,,https://www.bing.com/search?q=Better+Capital+official+company+sports,"Candidate identified - verify website, HQ, stage, and contacts before outreach",2026-08-06,Name/category curated for ecosystem mapping; blank fields intentionally require confirmation.
ST-0932,Blackstone,Investor / Accelerator,Sports Investors & Accelerators,Investor / Accelerator,Global / verify,"Investor, accelerator, venture platform, or strategic capital provider relevant to sports.",Investor Target,50,Longlist,Potential,"Fundraising, introductions, market access, and strategic support.",,,,https://www.bing.com/search?q=Blackstone+official+company+sports,"Candidate identified - verify website, HQ, stage, and contacts before outreach",2026-08-06,Name/category curated for ecosystem mapping; blank fields intentionally require confirmation.
ST-0933,Blackstone Tactical Opportunities,Investor / Accelerator,Sports Investors & Accelerators,Investor / Accelerator,Global / verify,"Investor, accelerator, venture platform, or strategic capital provider relevant to sports.",Investor Target,50,Longlist,Potential,"Fundraising, introductions, market access, and strategic support.",,,,https://www.bing.com/search?q=Blackstone+Tactical+Opportunities+official+company+sports,"Candidate identified - verify website, HQ, stage, and contacts before outreach",2026-08-06,Name/category curated for ecosystem mapping; blank fields intentionally require confirmation.
ST-0934,Bluestone Equity Partners,Investor / Accelerator,Sports Investors & Accelerators,Investor / Accelerator,Global / verify,"Investor, accelerator, venture platform, or strategic capital provider relevant to sports.",Investor Target,50,Longlist,Potential,"Fundraising, introductions, market access, and strategic support.",,,,https://www.bing.com/search?q=Bluestone+Equity+Partners+official+company+sports,"Candidate identified - verify website, HQ, stage, and contacts before outreach",2026-08-06,Name/category curated for ecosystem mapping; blank fields intentionally require confirmation.
ST-0935,Blume Ventures,Investor / Accelerator,Sports Investors & Accelerators,Investor / Accelerator,Global / verify,"Investor, accelerator, venture platform, or strategic capital provider relevant to sports.",Investor Target,50,Longlist,Potential,"Fundraising, introductions, market access, and strategic support.",,,,https://www.bing.com/search?q=Blume+Ventures+official+company+sports,"Candidate identified - verify website, HQ, stage, and contacts before outreach",2026-08-06,Name/category curated for ecosystem mapping; blank fields intentionally require confirmation.
ST-0936,Bosch Ventures,Investor / Accelerator,Sports Investors & Accelerators,Investor / Accelerator,Global / verify,"Investor, accelerator, venture platform, or strategic capital provider relevant to sports.",Investor Target,50,Longlist,Potential,"Fundraising, introductions, market access, and strategic support.",,,,https://www.bing.com/search?q=Bosch+Ventures+official+company+sports,"Candidate identified - verify website, HQ, stage, and contacts before outreach",2026-08-06,Name/category curated for ecosystem mapping; blank fields intentionally require confirmation.
ST-0937,Bruin Capital,Investor / Accelerator,Sports Investors & Accelerators,Investor / Accelerator,Global / verify,"Investor, accelerator, venture platform, or strategic capital provider relevant to sports.",Investor Target,50,Longlist,Potential,"Fundraising, introductions, market access, and strategic support.",,,,https://www.bing.com/search?q=Bruin+Capital+official+company+sports,"Candidate identified - verify website, HQ, stage, and contacts before outreach",2026-08-06,Name/category curated for ecosystem mapping; blank fields intentionally require confirmation.
ST-0938,CapitalG,Investor / Accelerator,Sports Investors & Accelerators,Investor / Accelerator,Global / verify,"Investor, accelerator, venture platform, or strategic capital provider relevant to sports.",Investor Target,50,Longlist,Potential,"Fundraising, introductions, market access, and strategic support.",,,,https://www.bing.com/search?q=CapitalG+official+company+sports,"Candidate identified - verify website, HQ, stage, and contacts before outreach",2026-08-06,Name/category curated for ecosystem mapping; blank fields intentionally require confirmation.
ST-0939,Causeway Media Partners,Investor / Accelerator,Sports Investors & Accelerators,Investor / Accelerator,Global / verify,"Investor, accelerator, venture platform, or strategic capital provider relevant to sports.",Investor Target,50,Longlist,Potential,"Fundraising, introductions, market access, and strategic support.",,,,https://www.bing.com/search?q=Causeway+Media+Partners+official+company+sports,"Candidate identified - verify website, HQ, stage, and contacts before outreach",2026-08-06,Name/category curated for ecosystem mapping; blank fields intentionally require confirmation.
ST-0940,Chimera Capital,Investor / Accelerator,Sports Investors & Accelerators,Investor / Accelerator,United Arab Emirates / MENA,"Investor, accelerator, venture platform, or strategic capital provider relevant to sports.",Investor Target,65,Medium,Potential,"Fundraising, introductions, market access, and strategic support.",,,,https://www.bing.com/search?q=Chimera+Capital+official+company+sports,"Candidate identified - verify website, HQ, stage, and contacts before outreach",2026-08-06,Name/category curated for ecosystem mapping; blank fields intentionally require confirmation.
ST-0941,Chiratae Ventures,Investor / Accelerator,Sports Investors & Accelerators,Investor / Accelerator,Global / verify,"Investor, accelerator, venture platform, or strategic capital provider relevant to sports.",Investor Target,50,Longlist,Potential,"Fundraising, introductions, market access, and strategic support.",,,,https://www.bing.com/search?q=Chiratae+Ventures+official+company+sports,"Candidate identified - verify website, HQ, stage, and contacts before outreach",2026-08-06,Name/category curated for ecosystem mapping; blank fields intentionally require confirmation.
ST-0942,Comcast NBCUniversal LIFT Labs,Investor / Accelerator,Sports Investors & Accelerators,Investor / Accelerator,Global / verify,"Investor, accelerator, venture platform, or strategic capital provider relevant to sports.",Investor Target,50,Longlist,Potential,"Fundraising, introductions, market access, and strategic support.",,,,https://www.bing.com/search?q=Comcast+NBCUniversal+LIFT+Labs+official+company+sports,"Candidate identified - verify website, HQ, stage, and contacts before outreach",2026-08-06,Name/category curated for ecosystem mapping; blank fields intentionally require confirmation.
ST-0943,Comcast NBCUniversal SportsTech,Investor / Accelerator,Sports Investors & Accelerators,Investor / Accelerator,Global / verify,"Investor, accelerator, venture platform, or strategic capital provider relevant to sports.",Investor Target,50,Longlist,Potential,"Fundraising, introductions, market access, and strategic support.",,,,https://www.bing.com/search?q=Comcast+NBCUniversal+SportsTech+official+company+sports,"Candidate identified - verify website, HQ, stage, and contacts before outreach",2026-08-06,Name/category curated for ecosystem mapping; blank fields intentionally require confirmation.
ST-0944,Courtside Ventures,Investor / Accelerator,Sports Investors & Accelerators,Investor / Accelerator,Global / verify,"Investor, accelerator, venture platform, or strategic capital provider relevant to sports.",Investor Target,50,Longlist,Potential,"Fundraising, introductions, market access, and strategic support.",,,,https://www.bing.com/search?q=Courtside+Ventures+official+company+sports,"Candidate identified - verify website, HQ, stage, and contacts before outreach",2026-08-06,Name/category curated for ecosystem mapping; blank fields intentionally require confirmation.
ST-0945,CVC Capital Partners,Investor / Accelerator,Sports Investors & Accelerators,Investor / Accelerator,Global / verify,"Investor, accelerator, venture platform, or strategic capital provider relevant to sports.",Investor Target,50,Longlist,Potential,"Fundraising, introductions, market access, and strategic support.",,,,https://www.bing.com/search?q=CVC+Capital+Partners+official+company+sports,"Candidate identified - verify website, HQ, stage, and contacts before outreach",2026-08-06,Name/category curated for ecosystem mapping; blank fields intentionally require confirmation.
ST-0946,Dream Capital,Investor / Accelerator,Sports Investors & Accelerators,Investor / Accelerator,Global / verify,"Investor, accelerator, venture platform, or strategic capital provider relevant to sports.",Investor Target,50,Longlist,Potential,"Fundraising, introductions, market access, and strategic support.",,,,https://www.bing.com/search?q=Dream+Capital+official+company+sports,"Candidate identified - verify website, HQ, stage, and contacts before outreach",2026-08-06,Name/category curated for ecosystem mapping; blank fields intentionally require confirmation.
ST-0947,Drive by DraftKings,Investor / Accelerator,Sports Investors & Accelerators,Investor / Accelerator,Global / verify,"Investor, accelerator, venture platform, or strategic capital provider relevant to sports.",Investor Target,50,Longlist,Potential,"Fundraising, introductions, market access, and strategic support.",,,,https://www.bing.com/search?q=Drive+by+DraftKings+official+company+sports,"Candidate identified - verify website, HQ, stage, and contacts before outreach",2026-08-06,Name/category curated for ecosystem mapping; blank fields intentionally require confirmation.
ST-0948,DSG Consumer Partners,Investor / Accelerator,Sports Investors & Accelerators,Investor / Accelerator,Global / verify,"Investor, accelerator, venture platform, or strategic capital provider relevant to sports.",Investor Target,50,Longlist,Potential,"Fundraising, introductions, market access, and strategic support.",,,,https://www.bing.com/search?q=DSG+Consumer+Partners+official+company+sports,"Candidate identified - verify website, HQ, stage, and contacts before outreach",2026-08-06,Name/category curated for ecosystem mapping; blank fields intentionally require confirmation.
ST-0949,Dynasty Equity,Investor / Accelerator,Sports Investors & Accelerators,Investor / Accelerator,Global / verify,"Investor, accelerator, venture platform, or strategic capital provider relevant to sports.",Investor Target,50,Longlist,Potential,"Fundraising, introductions, market access, and strategic support.",,,,https://www.bing.com/search?q=Dynasty+Equity+official+company+sports,"Candidate identified - verify website, HQ, stage, and contacts before outreach",2026-08-06,Name/category curated for ecosystem mapping; blank fields intentionally require confirmation.
ST-0950,Elevation Capital,Investor / Accelerator,Sports Investors & Accelerators,Investor / Accelerator,Global / verify,"Investor, accelerator, venture platform, or strategic capital provider relevant to sports.",Investor Target,50,Longlist,Potential,"Fundraising, introductions, market access, and strategic support.",,,,https://www.bing.com/search?q=Elevation+Capital+official+company+sports,"Candidate identified - verify website, HQ, stage, and contacts before outreach",2026-08-06,Name/category curated for ecosystem mapping; blank fields intentionally require confirmation.
ST-0951,Elysian Park Ventures,Investor / Accelerator,Sports Investors & Accelerators,Investor / Accelerator,Global / verify,"Investor, accelerator, venture platform, or strategic capital provider relevant to sports.",Investor Target,50,Longlist,Potential,"Fundraising, introductions, market access, and strategic support.",,,,https://www.bing.com/search?q=Elysian+Park+Ventures+official+company+sports,"Candidate identified - verify website, HQ, stage, and contacts before outreach",2026-08-06,Name/category curated for ecosystem mapping; blank fields intentionally require confirmation.
ST-0952,Entrepreneur First,Investor / Accelerator,Sports Investors & Accelerators,Investor / Accelerator,Global / verify,"Investor, accelerator, venture platform, or strategic capital provider relevant to sports.",Investor Target,50,Longlist,Potential,"Fundraising, introductions, market access, and strategic support.",,,,https://www.bing.com/search?q=Entrepreneur+First+official+company+sports,"Candidate identified - verify website, HQ, stage, and contacts before outreach",2026-08-06,Name/category curated for ecosystem mapping; blank fields intentionally require confirmation.
ST-0953,EQT,Investor / Accelerator,Sports Investors & Accelerators,Investor / Accelerator,Global / verify,"Investor, accelerator, venture platform, or strategic capital provider relevant to sports.",Investor Target,50,Longlist,Potential,"Fundraising, introductions, market access, and strategic support.",,,,https://www.bing.com/search?q=EQT+official+company+sports,"Candidate identified - verify website, HQ, stage, and contacts before outreach",2026-08-06,Name/category curated for ecosystem mapping; blank fields intentionally require confirmation.
ST-0954,Fireside Ventures,Investor / Accelerator,Sports Investors & Accelerators,Investor / Accelerator,Global / verify,"Investor, accelerator, venture platform, or strategic capital provider relevant to sports.",Investor Target,50,Longlist,Potential,"Fundraising, introductions, market access, and strategic support.",,,,https://www.bing.com/search?q=Fireside+Ventures+official+company+sports,"Candidate identified - verify website, HQ, stage, and contacts before outreach",2026-08-06,Name/category curated for ecosystem mapping; blank fields intentionally require confirmation.
ST-0955,Flat6Labs,Investor / Accelerator,Sports Investors & Accelerators,Investor / Accelerator,Global / verify,"Investor, accelerator, venture platform, or strategic capital provider relevant to sports.",Investor Target,50,Longlist,Potential,"Fundraising, introductions, market access, and strategic support.",,,,https://www.bing.com/search?q=Flat6Labs+official+company+sports,"Candidate identified - verify website, HQ, stage, and contacts before outreach",2026-08-06,Name/category curated for ecosystem mapping; blank fields intentionally require confirmation.
ST-0956,Founders Fund,Investor / Accelerator,Sports Investors & Accelerators,Investor / Accelerator,Global / verify,"Investor, accelerator, venture platform, or strategic capital provider relevant to sports.",Investor Target,50,Longlist,Potential,"Fundraising, introductions, market access, and strategic support.",,,,https://www.bing.com/search?q=Founders+Fund+official+company+sports,"Candidate identified - verify website, HQ, stage, and contacts before outreach",2026-08-06,Name/category curated for ecosystem mapping; blank fields intentionally require confirmation.
ST-0957,General Atlantic,Investor / Accelerator,Sports Investors & Accelerators,Investor / Accelerator,Global / verify,"Investor, accelerator, venture platform, or strategic capital provider relevant to sports.",Investor Target,50,Longlist,Potential,"Fundraising, introductions, market access, and strategic support.",,,,https://www.bing.com/search?q=General+Atlantic+official+company+sports,"Candidate identified - verify website, HQ, stage, and contacts before outreach",2026-08-06,Name/category curated for ecosystem mapping; blank fields intentionally require confirmation.
ST-0958,General Catalyst,Investor / Accelerator,Sports Investors & Accelerators,Investor / Accelerator,Global / verify,"Investor, accelerator, venture platform, or strategic capital provider relevant to sports.",Investor Target,50,Longlist,Potential,"Fundraising, introductions, market access, and strategic support.",,,,https://www.bing.com/search?q=General+Catalyst+official+company+sports,"Candidate identified - verify website, HQ, stage, and contacts before outreach",2026-08-06,Name/category curated for ecosystem mapping; blank fields intentionally require confirmation.
ST-0959,GIC,Investor / Accelerator,Sports Investors & Accelerators,Investor / Accelerator,Global / verify,"Investor, accelerator, venture platform, or strategic capital provider relevant to sports.",Investor Target,50,Longlist,Potential,"Fundraising, introductions, market access, and strategic support.",,,,https://www.bing.com/search?q=GIC+official+company+sports,"Candidate identified - verify website, HQ, stage, and contacts before outreach",2026-08-06,Name/category curated for ecosystem mapping; blank fields intentionally require confirmation.
ST-0960,Global Ventures,Investor / Accelerator,Sports Investors & Accelerators,Investor / Accelerator,United Arab Emirates / MENA,"Investor, accelerator, venture platform, or strategic capital provider relevant to sports.",Investor Target,65,Medium,Potential,"Fundraising, introductions, market access, and strategic support.",,,,https://www.bing.com/search?q=Global+Ventures+official+company+sports,"Candidate identified - verify website, HQ, stage, and contacts before outreach",2026-08-06,Name/category curated for ecosystem mapping; blank fields intentionally require confirmation.
ST-0961,GV,Investor / Accelerator,Sports Investors & Accelerators,Investor / Accelerator,Global / verify,"Investor, accelerator, venture platform, or strategic capital provider relevant to sports.",Investor Target,50,Longlist,Potential,"Fundraising, introductions, market access, and strategic support.",,,,https://www.bing.com/search?q=GV+official+company+sports,"Candidate identified - verify website, HQ, stage, and contacts before outreach",2026-08-06,Name/category curated for ecosystem mapping; blank fields intentionally require confirmation.
ST-0962,Hub71,Investor / Accelerator,Sports Investors & Accelerators,Investor / Accelerator,Global / verify,"Investor, accelerator, venture platform, or strategic capital provider relevant to sports.",Investor Target,50,Longlist,Potential,"Fundraising, introductions, market access, and strategic support.",,,,https://www.bing.com/search?q=Hub71+official+company+sports,"Candidate identified - verify website, HQ, stage, and contacts before outreach",2026-08-06,Name/category curated for ecosystem mapping; blank fields intentionally require confirmation.
ST-0963,HYPE Capital,Investor / Accelerator,Sports Investors & Accelerators,Investor / Accelerator,Global / verify,"Investor, accelerator, venture platform, or strategic capital provider relevant to sports.",Investor Target,50,Longlist,Potential,"Fundraising, introductions, market access, and strategic support.",,,,https://www.bing.com/search?q=HYPE+Capital+official+company+sports,"Candidate identified - verify website, HQ, stage, and contacts before outreach",2026-08-06,Name/category curated for ecosystem mapping; blank fields intentionally require confirmation.
ST-0964,HYPE Sports Innovation,Investor / Accelerator,Sports Investors & Accelerators,Investor / Accelerator,Global / verify,"Investor, accelerator, venture platform, or strategic capital provider relevant to sports.",Investor Target,50,Longlist,Potential,"Fundraising, introductions, market access, and strategic support.",,,,https://www.bing.com/search?q=HYPE+Sports+Innovation+official+company+sports,"Candidate identified - verify website, HQ, stage, and contacts before outreach",2026-08-06,Name/category curated for ecosystem mapping; blank fields intentionally require confirmation.
ST-0965,Index Ventures,Investor / Accelerator,Sports Investors & Accelerators,Investor / Accelerator,Global / verify,"Investor, accelerator, venture platform, or strategic capital provider relevant to sports.",Investor Target,50,Longlist,Potential,"Fundraising, introductions, market access, and strategic support.",,,,https://www.bing.com/search?q=Index+Ventures+official+company+sports,"Candidate identified - verify website, HQ, stage, and contacts before outreach",2026-08-06,Name/category curated for ecosystem mapping; blank fields intentionally require confirmation.
ST-0966,Indian Angel Network,Investor / Accelerator,Sports Investors & Accelerators,Investor / Accelerator,Global / verify,"Investor, accelerator, venture platform, or strategic capital provider relevant to sports.",Investor Target,50,Longlist,Potential,"Fundraising, introductions, market access, and strategic support.",,,,https://www.bing.com/search?q=Indian+Angel+Network+official+company+sports,"Candidate identified - verify website, HQ, stage, and contacts before outreach",2026-08-06,Name/category curated for ecosystem mapping; blank fields intentionally require confirmation.
ST-0967,Inflection Point Ventures,Investor / Accelerator,Sports Investors & Accelerators,Investor / Accelerator,Global / verify,"Investor, accelerator, venture platform, or strategic capital provider relevant to sports.",Investor Target,50,Longlist,Potential,"Fundraising, introductions, market access, and strategic support.",,,,https://www.bing.com/search?q=Inflection+Point+Ventures+official+company+sports,"Candidate identified - verify website, HQ, stage, and contacts before outreach",2026-08-06,Name/category curated for ecosystem mapping; blank fields intentionally require confirmation.
ST-0968,Info Edge Ventures,Investor / Accelerator,Sports Investors & Accelerators,Investor / Accelerator,Global / verify,"Investor, accelerator, venture platform, or strategic capital provider relevant to sports.",Investor Target,50,Longlist,Potential,"Fundraising, introductions, market access, and strategic support.",,,,https://www.bing.com/search?q=Info+Edge+Ventures+official+company+sports,"Candidate identified - verify website, HQ, stage, and contacts before outreach",2026-08-06,Name/category curated for ecosystem mapping; blank fields intentionally require confirmation.
ST-0969,Intel Capital,Investor / Accelerator,Sports Investors & Accelerators,Investor / Accelerator,Global / verify,"Investor, accelerator, venture platform, or strategic capital provider relevant to sports.",Investor Target,50,Longlist,Potential,"Fundraising, introductions, market access, and strategic support.",,,,https://www.bing.com/search?q=Intel+Capital+official+company+sports,"Candidate identified - verify website, HQ, stage, and contacts before outreach",2026-08-06,Name/category curated for ecosystem mapping; blank fields intentionally require confirmation.
ST-0970,JSW Ventures,Investor / Accelerator,Sports Investors & Accelerators,Investor / Accelerator,Global / verify,"Investor, accelerator, venture platform, or strategic capital provider relevant to sports.",Investor Target,50,Longlist,Potential,"Fundraising, introductions, market access, and strategic support.",,,,https://www.bing.com/search?q=JSW+Ventures+official+company+sports,"Candidate identified - verify website, HQ, stage, and contacts before outreach",2026-08-06,Name/category curated for ecosystem mapping; blank fields intentionally require confirmation.
ST-0971,Kalaari Capital,Investor / Accelerator,Sports Investors & Accelerators,Investor / Accelerator,Global / verify,"Investor, accelerator, venture platform, or strategic capital provider relevant to sports.",Investor Target,50,Longlist,Potential,"Fundraising, introductions, market access, and strategic support.",,,,https://www.bing.com/search?q=Kalaari+Capital+official+company+sports,"Candidate identified - verify website, HQ, stage, and contacts before outreach",2026-08-06,Name/category curated for ecosystem mapping; blank fields intentionally require confirmation.
ST-0972,KB Partners,Investor / Accelerator,Sports Investors & Accelerators,Investor / Accelerator,Global / verify,"Investor, accelerator, venture platform, or strategic capital provider relevant to sports.",Investor Target,50,Longlist,Potential,"Fundraising, introductions, market access, and strategic support.",,,,https://www.bing.com/search?q=KB+Partners+official+company+sports,"Candidate identified - verify website, HQ, stage, and contacts before outreach",2026-08-06,Name/category curated for ecosystem mapping; blank fields intentionally require confirmation.
ST-0973,Khosla Ventures,Investor / Accelerator,Sports Investors & Accelerators,Investor / Accelerator,Global / verify,"Investor, accelerator, venture platform, or strategic capital provider relevant to sports.",Investor Target,50,Longlist,Potential,"Fundraising, introductions, market access, and strategic support.",,,,https://www.bing.com/search?q=Khosla+Ventures+official+company+sports,"Candidate identified - verify website, HQ, stage, and contacts before outreach",2026-08-06,Name/category curated for ecosystem mapping; blank fields intentionally require confirmation.
ST-0974,KKR,Investor / Accelerator,Sports Investors & Accelerators,Investor / Accelerator,Global / verify,"Investor, accelerator, venture platform, or strategic capital provider relevant to sports.",Investor Target,50,Longlist,Potential,"Fundraising, introductions, market access, and strategic support.",,,,https://www.bing.com/search?q=KKR+official+company+sports,"Candidate identified - verify website, HQ, stage, and contacts before outreach",2026-08-06,Name/category curated for ecosystem mapping; blank fields intentionally require confirmation.
ST-0975,Lakestar,Investor / Accelerator,Sports Investors & Accelerators,Investor / Accelerator,Global / verify,"Investor, accelerator, venture platform, or strategic capital provider relevant to sports.",Investor Target,50,Longlist,Potential,"Fundraising, introductions, market access, and strategic support.",,,,https://www.bing.com/search?q=Lakestar+official+company+sports,"Candidate identified - verify website, HQ, stage, and contacts before outreach",2026-08-06,Name/category curated for ecosystem mapping; blank fields intentionally require confirmation.
ST-0976,leAD Sports & Health Tech Partners,Investor / Accelerator,Sports Investors & Accelerators,Investor / Accelerator,Global / verify,"Investor, accelerator, venture platform, or strategic capital provider relevant to sports.",Investor Target,50,Longlist,Potential,"Fundraising, introductions, market access, and strategic support.",,,,https://www.bing.com/search?q=leAD+Sports+%26+Health+Tech+Partners+official+company+sports,"Candidate identified - verify website, HQ, stage, and contacts before outreach",2026-08-06,Name/category curated for ecosystem mapping; blank fields intentionally require confirmation.
ST-0977,LetsVenture,Investor / Accelerator,Sports Investors & Accelerators,Investor / Accelerator,Global / verify,"Investor, accelerator, venture platform, or strategic capital provider relevant to sports.",Investor Target,50,Longlist,Potential,"Fundraising, introductions, market access, and strategic support.",,,,https://www.bing.com/search?q=LetsVenture+official+company+sports,"Candidate identified - verify website, HQ, stage, and contacts before outreach",2026-08-06,Name/category curated for ecosystem mapping; blank fields intentionally require confirmation.
ST-0978,LG Technology Ventures,Investor / Accelerator,Sports Investors & Accelerators,Investor / Accelerator,Global / verify,"Investor, accelerator, venture platform, or strategic capital provider relevant to sports.",Investor Target,50,Longlist,Potential,"Fundraising, introductions, market access, and strategic support.",,,,https://www.bing.com/search?q=LG+Technology+Ventures+official+company+sports,"Candidate identified - verify website, HQ, stage, and contacts before outreach",2026-08-06,Name/category curated for ecosystem mapping; blank fields intentionally require confirmation.
ST-0979,Lightspeed India,Investor / Accelerator,Sports Investors & Accelerators,Investor / Accelerator,Global / verify,"Investor, accelerator, venture platform, or strategic capital provider relevant to sports.",Investor Target,50,Longlist,Potential,"Fundraising, introductions, market access, and strategic support.",,,,https://www.bing.com/search?q=Lightspeed+India+official+company+sports,"Candidate identified - verify website, HQ, stage, and contacts before outreach",2026-08-06,Name/category curated for ecosystem mapping; blank fields intentionally require confirmation.
ST-0980,Lightspeed Venture Partners,Investor / Accelerator,Sports Investors & Accelerators,Investor / Accelerator,Global / verify,"Investor, accelerator, venture platform, or strategic capital provider relevant to sports.",Investor Target,50,Longlist,Potential,"Fundraising, introductions, market access, and strategic support.",,,,https://www.bing.com/search?q=Lightspeed+Venture+Partners+official+company+sports,"Candidate identified - verify website, HQ, stage, and contacts before outreach",2026-08-06,Name/category curated for ecosystem mapping; blank fields intentionally require confirmation.
ST-0981,Mahindra Partners,Investor / Accelerator,Sports Investors & Accelerators,Investor / Accelerator,Global / verify,"Investor, accelerator, venture platform, or strategic capital provider relevant to sports.",Investor Target,50,Longlist,Potential,"Fundraising, introductions, market access, and strategic support.",,,,https://www.bing.com/search?q=Mahindra+Partners+official+company+sports,"Candidate identified - verify website, HQ, stage, and contacts before outreach",2026-08-06,Name/category curated for ecosystem mapping; blank fields intentionally require confirmation.
ST-0982,Matrix Partners India,Investor / Accelerator,Sports Investors & Accelerators,Investor / Accelerator,Global / verify,"Investor, accelerator, venture platform, or strategic capital provider relevant to sports.",Investor Target,50,Longlist,Potential,"Fundraising, introductions, market access, and strategic support.",,,,https://www.bing.com/search?q=Matrix+Partners+India+official+company+sports,"Candidate identified - verify website, HQ, stage, and contacts before outreach",2026-08-06,Name/category curated for ecosystem mapping; blank fields intentionally require confirmation.
ST-0983,MEVP,Investor / Accelerator,Sports Investors & Accelerators,Investor / Accelerator,United Arab Emirates / MENA,"Investor, accelerator, venture platform, or strategic capital provider relevant to sports.",Investor Target,65,Medium,Potential,"Fundraising, introductions, market access, and strategic support.",,,,https://www.bing.com/search?q=MEVP+official+company+sports,"Candidate identified - verify website, HQ, stage, and contacts before outreach",2026-08-06,Name/category curated for ecosystem mapping; blank fields intentionally require confirmation.
ST-0984,Microsoft M12,Investor / Accelerator,Sports Investors & Accelerators,Investor / Accelerator,Global / verify,"Investor, accelerator, venture platform, or strategic capital provider relevant to sports.",Investor Target,50,Longlist,Potential,"Fundraising, introductions, market access, and strategic support.",,,,https://www.bing.com/search?q=Microsoft+M12+official+company+sports,"Candidate identified - verify website, HQ, stage, and contacts before outreach",2026-08-06,Name/category curated for ecosystem mapping; blank fields intentionally require confirmation.
ST-0985,Mindspring Capital,Investor / Accelerator,Sports Investors & Accelerators,Investor / Accelerator,Global / verify,"Investor, accelerator, venture platform, or strategic capital provider relevant to sports.",Investor Target,50,Longlist,Potential,"Fundraising, introductions, market access, and strategic support.",,,,https://www.bing.com/search?q=Mindspring+Capital+official+company+sports,"Candidate identified - verify website, HQ, stage, and contacts before outreach",2026-08-06,Name/category curated for ecosystem mapping; blank fields intentionally require confirmation.
ST-0986,Mubadala Capital,Investor / Accelerator,Sports Investors & Accelerators,Investor / Accelerator,United Arab Emirates / MENA,"Investor, accelerator, venture platform, or strategic capital provider relevant to sports.",Investor Target,65,Medium,Potential,"Fundraising, introductions, market access, and strategic support.",,,,https://www.bing.com/search?q=Mubadala+Capital+official+company+sports,"Candidate identified - verify website, HQ, stage, and contacts before outreach",2026-08-06,Name/category curated for ecosystem mapping; blank fields intentionally require confirmation.
ST-0987,Mumbai Angels,Investor / Accelerator,Sports Investors & Accelerators,Investor / Accelerator,Global / verify,"Investor, accelerator, venture platform, or strategic capital provider relevant to sports.",Investor Target,50,Longlist,Potential,"Fundraising, introductions, market access, and strategic support.",,,,https://www.bing.com/search?q=Mumbai+Angels+official+company+sports,"Candidate identified - verify website, HQ, stage, and contacts before outreach",2026-08-06,Name/category curated for ecosystem mapping; blank fields intentionally require confirmation.
ST-0988,Nazara Technologies Fund,Investor / Accelerator,Sports Investors & Accelerators,Investor / Accelerator,Global / verify,"Investor, accelerator, venture platform, or strategic capital provider relevant to sports.",Investor Target,50,Longlist,Potential,"Fundraising, introductions, market access, and strategic support.",,,,https://www.bing.com/search?q=Nazara+Technologies+Fund+official+company+sports,"Candidate identified - verify website, HQ, stage, and contacts before outreach",2026-08-06,Name/category curated for ecosystem mapping; blank fields intentionally require confirmation.
ST-0989,NEA,Investor / Accelerator,Sports Investors & Accelerators,Investor / Accelerator,Global / verify,"Investor, accelerator, venture platform, or strategic capital provider relevant to sports.",Investor Target,50,Longlist,Potential,"Fundraising, introductions, market access, and strategic support.",,,,https://www.bing.com/search?q=NEA+official+company+sports,"Candidate identified - verify website, HQ, stage, and contacts before outreach",2026-08-06,Name/category curated for ecosystem mapping; blank fields intentionally require confirmation.
ST-0990,Next Ventures,Investor / Accelerator,Sports Investors & Accelerators,Investor / Accelerator,Global / verify,"Investor, accelerator, venture platform, or strategic capital provider relevant to sports.",Investor Target,50,Longlist,Potential,"Fundraising, introductions, market access, and strategic support.",,,,https://www.bing.com/search?q=Next+Ventures+official+company+sports,"Candidate identified - verify website, HQ, stage, and contacts before outreach",2026-08-06,Name/category curated for ecosystem mapping; blank fields intentionally require confirmation.
ST-0991,Nexus Venture Partners,Investor / Accelerator,Sports Investors & Accelerators,Investor / Accelerator,Global / verify,"Investor, accelerator, venture platform, or strategic capital provider relevant to sports.",Investor Target,50,Longlist,Potential,"Fundraising, introductions, market access, and strategic support.",,,,https://www.bing.com/search?q=Nexus+Venture+Partners+official+company+sports,"Candidate identified - verify website, HQ, stage, and contacts before outreach",2026-08-06,Name/category curated for ecosystem mapping; blank fields intentionally require confirmation.
ST-0992,Northzone,Investor / Accelerator,Sports Investors & Accelerators,Investor / Accelerator,Global / verify,"Investor, accelerator, venture platform, or strategic capital provider relevant to sports.",Investor Target,50,Longlist,Potential,"Fundraising, introductions, market access, and strategic support.",,,,https://www.bing.com/search?q=Northzone+official+company+sports,"Candidate identified - verify website, HQ, stage, and contacts before outreach",2026-08-06,Name/category curated for ecosystem mapping; blank fields intentionally require confirmation.
ST-0993,Nuwa Capital,Investor / Accelerator,Sports Investors & Accelerators,Investor / Accelerator,United Arab Emirates / MENA,"Investor, accelerator, venture platform, or strategic capital provider relevant to sports.",Investor Target,65,Medium,Potential,"Fundraising, introductions, market access, and strategic support.",,,,https://www.bing.com/search?q=Nuwa+Capital+official+company+sports,"Candidate identified - verify website, HQ, stage, and contacts before outreach",2026-08-06,Name/category curated for ecosystem mapping; blank fields intentionally require confirmation.
ST-0994,NVIDIA NVentures,Investor / Accelerator,Sports Investors & Accelerators,Investor / Accelerator,Global / verify,"Investor, accelerator, venture platform, or strategic capital provider relevant to sports.",Investor Target,50,Longlist,Potential,"Fundraising, introductions, market access, and strategic support.",,,,https://www.bing.com/search?q=NVIDIA+NVentures+official+company+sports,"Candidate identified - verify website, HQ, stage, and contacts before outreach",2026-08-06,Name/category curated for ecosystem mapping; blank fields intentionally require confirmation.
ST-0995,Otro Capital,Investor / Accelerator,Sports Investors & Accelerators,Investor / Accelerator,Global / verify,"Investor, accelerator, venture platform, or strategic capital provider relevant to sports.",Investor Target,50,Longlist,Potential,"Fundraising, introductions, market access, and strategic support.",,,,https://www.bing.com/search?q=Otro+Capital+official+company+sports,"Candidate identified - verify website, HQ, stage, and contacts before outreach",2026-08-06,Name/category curated for ecosystem mapping; blank fields intentionally require confirmation.
ST-0996,Patricof Co,Investor / Accelerator,Sports Investors & Accelerators,Investor / Accelerator,Global / verify,"Investor, accelerator, venture platform, or strategic capital provider relevant to sports.",Investor Target,50,Longlist,Potential,"Fundraising, introductions, market access, and strategic support.",,,,https://www.bing.com/search?q=Patricof+Co+official+company+sports,"Candidate identified - verify website, HQ, stage, and contacts before outreach",2026-08-06,Name/category curated for ecosystem mapping; blank fields intentionally require confirmation.
ST-0997,Peak XV Partners,Investor / Accelerator,Sports Investors & Accelerators,Investor / Accelerator,Global / verify,"Investor, accelerator, venture platform, or strategic capital provider relevant to sports.",Investor Target,50,Longlist,Potential,"Fundraising, introductions, market access, and strategic support.",,,,https://www.bing.com/search?q=Peak+XV+Partners+official+company+sports,"Candidate identified - verify website, HQ, stage, and contacts before outreach",2026-08-06,Name/category curated for ecosystem mapping; blank fields intentionally require confirmation.
ST-0998,Permira,Investor / Accelerator,Sports Investors & Accelerators,Investor / Accelerator,Global / verify,"Investor, accelerator, venture platform, or strategic capital provider relevant to sports.",Investor Target,50,Longlist,Potential,"Fundraising, introductions, market access, and strategic support.",,,,https://www.bing.com/search?q=Permira+official+company+sports,"Candidate identified - verify website, HQ, stage, and contacts before outreach",2026-08-06,Name/category curated for ecosystem mapping; blank fields intentionally require confirmation.
ST-0999,Plug and Play Sports,Investor / Accelerator,Sports Investors & Accelerators,Investor / Accelerator,Global / verify,"Investor, accelerator, venture platform, or strategic capital provider relevant to sports.",Investor Target,50,Longlist,Potential,"Fundraising, introductions, market access, and strategic support.",,,,https://www.bing.com/search?q=Plug+and+Play+Sports+official+company+sports,"Candidate identified - verify website, HQ, stage, and contacts before outreach",2026-08-06,Name/category curated for ecosystem mapping; blank fields intentionally require confirmation.
ST-1000,Plug and Play Ventures,Investor / Accelerator,Sports Investors & Accelerators,Investor / Accelerator,Global / verify,"Investor, accelerator, venture platform, or strategic capital provider relevant to sports.",Investor Target,50,Longlist,Potential,"Fundraising, introductions, market access, and strategic support.",,,,https://www.bing.com/search?q=Plug+and+Play+Ventures+official+company+sports,"Candidate identified - verify website, HQ, stage, and contacts before outreach",2026-08-06,Name/category curated for ecosystem mapping; blank fields intentionally require confirmation.
